Company Name,Symbol,ISIN Code,Macro Sector,Sector,Industry,Basic Industry,Category,Justification,Notes
Bajaj Auto Ltd.,BAJAJ-AUTO,INE917I01010,Consumer Discretionary,Automobile and Auto Components,Automobiles,2/3 Wheelers,Green,"Manufactures motorcycles, scooters and three-wheelers with vinyl/PU seat upholstery as standard; genuine leather is not a material product or cost input. Animal linkage is incidental.",
Eicher Motors Ltd.,EICHERMOT,INE066A01021,Consumer Discretionary,Automobile and Auto Components,Automobiles,2/3 Wheelers,Orange,"Manufactures Royal Enfield motorcycles and, through VECV, commercial vehicles. Motorcycle seats are synthetic as standard, but Royal Enfield directly designs and retails a branded line of genuine-leather riding jackets, gloves and accessories within an allied business (spares, service, accessories and apparel) of Rs 3,351 crore in FY26. A deliberate product line of animal material rather than an incidental input places it in Orange under Section 4 and Section 7, even though leather is well under 2% of group revenue.",
Hero MotoCorp Ltd.,HEROMOTOCO,INE158A01026,Consumer Discretionary,Automobile and Auto Components,Automobiles,2/3 Wheelers,Green,"World's largest two-wheeler maker; motorcycle/scooter seats are vinyl/PU as standard, with no genuine leather as a material input. Animal linkage incidental.",
TVS Motor Company Ltd.,TVSMOTOR,INE494B01023,Consumer Discretionary,Automobile and Auto Components,Automobiles,2/3 Wheelers,Green,"Manufactures two- and three-wheelers with standard vinyl/PU upholstery; no material animal-derived input. (TVS Holdings is a separate listed entity, treated under holding-company logic.)",
Carborundum Universal Ltd.,CARBORUNIV,INE120A01034,Industrials,Capital Goods,Industrial Products,Abrasives & Bearings,Green,"Manufactures abrasives, industrial ceramics, refractories and electrominerals (silicon carbide, aluminium oxide) - inorganic mineral products. Lubricants and cutting fluids are mineral/synthetic operational consumables (not a product, not animal-specific), and any trace animal-derived additive would be a non-material process aid - not a basis for escalation, consistent with paints and auto components. So Green.",
Grindwell Norton Ltd.,GRINDWELL,INE536A01023,Industrials,Capital Goods,Industrial Products,Abrasives & Bearings,Green,"Manufactures abrasives, silicon carbide, industrial ceramics and performance plastics - inorganic/synthetic products; the lubricant/cutting-fluid basis is a non-material operational input, so Green.",
SKF India Ltd.,SKFINDIA,INE640A01023,Industrials,Capital Goods,Industrial Products,Abrasives & Bearings,Green,"Manufactures steel ball and roller bearings, seals and lubrication systems - metal engineering products; the lubricant/cutting-fluid basis is a non-material operational input, so Green.",
Timken India Ltd.,TIMKEN,INE325A01013,Industrials,Capital Goods,Industrial Products,Abrasives & Bearings,Green,"Manufactures tapered roller and other steel bearings - metal engineering products; the lubricant/cutting-fluid basis is a non-material operational input, so Green.",
Astra Microwave Products Ltd.,ASTRAMICRO,INE386C01029,Industrials,Capital Goods,Aerospace & Defense,Aerospace & Defence,Red,"Designs and manufactures radio-frequency and microwave subsystems for radar, electronic warfare, missile seekers and military communications, supplied to DRDO, BEL and the armed forces. Defence is its dominant end-market. Weapons and military platforms are a harmful-product category under Section 8, so Red.",
Bharat Dynamics Ltd.,BDL,INE171Z01026,Industrials,Capital Goods,Aerospace & Defense,Aerospace & Defence,Red,"State-owned manufacturer of guided missiles, torpedoes and airborne launchers - Akash, Astra, Konkurs and MILAN anti-tank systems - for the Indian armed forces. Munitions are its core product. Weapons and military platforms are a harmful-product category under Section 8, so Red.",
DCX Systems Ltd.,DCXINDIA,INE0KL801015,Industrials,Capital Goods,Aerospace & Defense,Aerospace & Defence,Red,"Manufactures cable and wire harnesses, kitting and system integration for radar, missile, avionics and electronic-warfare platforms, largely as an offset partner to global defence primes. Defence is effectively its entire order book. Weapons and military platforms are a harmful-product category under Section 8, so Red.",
Data Patterns (India) Ltd.,DATAPATTNS,INE0IX101010,Industrials,Capital Goods,Aerospace & Defense,Aerospace & Defence,Red,"Vertically integrated defence and aerospace electronics company - radar processors, avionics, electronic-warfare and satellite subsystems for indigenous missile, aircraft and naval programmes. Defence is its dominant end-market. Weapons and military platforms are a harmful-product category under Section 8, so Red.",
Garden Reach Shipbuilders & Engineers Ltd.,GRSE,INE382Z01011,Industrials,Capital Goods,Aerospace & Defense,Aerospace & Defence,Red,"State-owned warship builder for the Indian Navy and Coast Guard - frigates, corvettes, survey vessels and fast patrol craft, most carrying integrated weapon systems. Naval combat platforms are its core business. Weapons and military platforms are a harmful-product category under Section 8, so Red.",
Hindustan Aeronautics Ltd.,HAL,INE066F01020,Industrials,Capital Goods,Aerospace & Defense,Aerospace & Defence,Red,"India's principal military aircraft manufacturer - Tejas fighters, Dhruv, Prachand and Rudra helicopters, Su-30MKI licence production, aero-engines and avionics - together with overhaul of combat fleets. Military platforms are its core business. Weapons and military platforms are a harmful-product category under Section 8, so Red.",
Ideaforge Technology Ltd.,IDEAFORGE,INE349Y01013,Industrials,Capital Goods,Aerospace & Defense,Aerospace & Defence,Red,"Designs and manufactures unmanned aerial systems for the armed forces, paramilitary and police - surveillance and tactical drones, and armed/loitering configurations. Military unmanned platforms are its core business. Weapons and military platforms are a harmful-product category under Section 8, so Red.",
MTAR Technologies Ltd.,MTARTECH,INE864I01014,Industrials,Capital Goods,Aerospace & Defense,Aerospace & Defence,Red,"Precision engineering manufacturer serving clean energy, nuclear power, aerospace, and defence. Defence and aerospace systems contribute ~15–20% of consolidated FY26 revenue, exceeding the 10% revenue threshold under Section 7, placing the company in Red.",
Mishra Dhatu Nigam Ltd.,MIDHANI,INE099Z01011,Industrials,Capital Goods,Aerospace & Defense,Aerospace & Defence,Red,"State-owned producer of superalloys, titanium and special steels whose principal customers are the strategic sectors - missile bodies and motor cases, armour plate, naval steels and aero-engine components - alongside space and power. Materials produced specifically for weapons and military platforms are its dominant line. Weapons and military platforms are a harmful-product category under Section 8, so Red.",
Paras Defence and Space Technologies Ltd.,PARAS,INE045601023,Industrials,Capital Goods,Aerospace & Defense,Aerospace & Defence,Red,"Manufactures defence and space optics, electro-optic sighting and periscope systems, electromagnetic pulse protection and drone/anti-drone systems for the armed forces. Defence is its dominant end-market. Weapons and military platforms are a harmful-product category under Section 8, so Red.",
Zen Technologies Ltd.,ZENTEC,INE251B01027,Industrials,Capital Goods,Aerospace & Defense,Aerospace & Defence,Red,"Manufactures live-fire and driving simulators, weapon-training systems and anti-drone hardware for the armed forces and police. Its output is produced specifically to train for, and to conduct, armed engagement, and defence is effectively its entire revenue. Weapons and military platforms are a harmful-product category under Section 8, so Red.",
InterGlobe Aviation Ltd.,INDIGO,INE646L01027,Services,Services,Transport Services,Airline,Orange,"IndiGo — passenger and cargo airline. Air transport is animal-neutral and carried animal cargo is a tertiary, third-party link; however, the airline directly sells onboard non-veg meals (buy-on-board). Directly selling animal-derived food, though a small share of revenue, places it in Orange",
Dreamfolks Services Ltd.,DREAMFOLKS,INE0JS101016,Services,Services,Transport Infrastructure,Airport & Airport services,Green,Asset-light technology aggregator that connects card networks/banks with airport lounges and travel touchpoints (~95% share of India card-based lounge access). It operates no airports or lounges and serves no food itself — purely an intermediary platform; any F&B occurs at third-party lounge operators. Tertiary animal link → Green,
GMR Airports Ltd.,GMRAIRPORT,INE776C01039,Services,Services,Transport Infrastructure,Airport & Airport services,Green,Develops and operates airports — earns aeronautical charges and leases retail/F&B/lounge space to third-party operators; cargo handling moves third-party goods. A transport-infrastructure landlord that sells no animal product itself. Tertiary link → Green.,
Hindalco Industries Ltd.,HINDALCO,INE038A01020,Commodities,Metals & Mining,Non - Ferrous Metals,Aluminium,Green,Refines and fabricates aluminium from bauxite ore. Metal refining does not involve animal testing or animal-derived inputs.,
National Aluminium Co. Ltd.,NATIONALUM,INE139A01034,Commodities,Metals & Mining,Non - Ferrous Metals,Aluminium,Green,Refines and fabricates aluminium from bauxite ore. Metal refining does not involve animal testing or animal-derived inputs.,
Delta Corp Ltd.,DELTACORP,INE124G01033,Consumer Discretionary,Consumer Services,Leisure Services,Amusement Parks/ Other Recreation,Red,India's largest casino operator — casino gaming contributes 92%+ of revenue. Rated Red under the harmful-product (vice) category: gambling is listed as a vice in the framework.,
Imagicaaworld Entertainment Ltd.,IMAGICAA,INE172N01012,Consumer Discretionary,Consumer Services,Leisure Services,Amusement Parks/ Other Recreation,Orange,"Theme/water/snow-park operator whose core is rides and ticketing, but it directly operates restaurants selling non-veg meals. Directly serving animal-derived food — even as a minority of revenue — places it in Orange",
Wonderla Holidays Ltd.,WONDERLA,INE066O01014,Consumer Discretionary,Consumer Services,Leisure Services,Amusement Parks/ Other Recreation,Orange,"Operates amusement and water parks. Main business revenue (>80%) is derived from ticket sales and rides, while in-park food outlets serve non-vegetarian food options as a minor line (~10-15% revenue), placing the company in Orange under Section 8 and Table 6.",
Avanti Feeds Ltd.,AVANTIFEED,INE871C01038,Fast Moving Consumer Goods,Fast Moving Consumer Goods,Food Products,Animal Feed,Red,"Manufactures compound feed and supplements for poultry, dairy cattle, aquaculture, and livestock. Directly supports animal agriculture by providing nutrition to animals raised for meat, milk, and eggs. Revenue is directly linked to animal farming volumes.",
Godrej Agrovet Ltd.,GODREJAGRO,INE850D01014,Fast Moving Consumer Goods,Fast Moving Consumer Goods,Food Products,Animal Feed,Red,"Manufactures compound feed and supplements for poultry, dairy cattle, aquaculture, and livestock. Directly supports animal agriculture by providing nutrition to animals raised for meat, milk, and eggs. Revenue is directly linked to animal farming volumes.",
Aditya Birla Sun Life AMC Ltd.,ABSLAMC,INE404A01024,Financial Services,Financial Services,Capital Markets,Asset Management Company,Orange,Manages mutual fund and investment portfolios where AUM includes holdings in animal-dependent companies. Investment decisions deploy investor capital into animal-harming industries.,
HDFC Asset Management Company Ltd.,HDFCAMC,INE127D01025,Financial Services,Financial Services,Capital Markets,Asset Management Company,Orange,Manages mutual fund and investment portfolios where AUM includes holdings in animal-dependent companies. Investment decisions deploy investor capital into animal-harming industries.,
Nippon Life India Asset Management Ltd.,NAM-INDIA,INE298J01013,Financial Services,Financial Services,Capital Markets,Asset Management Company,Orange,Manages mutual fund and investment portfolios where AUM includes holdings in animal-dependent companies. Investment decisions deploy investor capital into animal-harming industries.,
UTI Asset Management Company Ltd.,UTIAMC,INE094J01016,Financial Services,Financial Services,Capital Markets,Asset Management Company,Orange,Manages mutual fund and investment portfolios where AUM includes holdings in animal-dependent companies. Investment decisions deploy investor capital into animal-harming industries.,
ASK Automotive Ltd.,ASKAUTOLTD,INE491J01022,Consumer Discretionary,Automobile and Auto Components,Auto Components,Auto Components & Equipments,Green,"Manufactures mechanical automotive systems - suspension, braking, steering, cooling, exhaust and emission control, air-conditioning, pistons and rings, wheels and control cables - from metals and synthetic polymers. Stearic acid used in rubber processing is a trace vulcanisation aid that is as often plant-derived, so there is no material animal-derived input - Green.",
Amara Raja Energy & Mobility Ltd.,ARE&M,INE885A01032,Consumer Discretionary,Automobile and Auto Components,Auto Components,Auto Components & Equipments,Green,"Manufactures lead-acid and lithium-ion batteries and energy-storage products under the Amaron and PowerZone brands for automotive, industrial and telecom use. Batteries are made from lead, sulphuric acid, plastics and lithium cells with no material animal-derived input, so Green.",
Asahi India Glass Ltd.,ASAHIINDIA,INE439A01020,Consumer Discretionary,Automobile and Auto Components,Auto Components,Auto Components & Equipments,Green,"Manufactures automotive safety glass (laminated and tempered) and architectural glass. Glass is inorganic (silica, soda ash, minerals) with no material animal-derived input, so Green - consistent with Borosil and the glass sector.",
Banco Products (India) Ltd.,BANCOINDIA,INE213C01025,Consumer Discretionary,Automobile and Auto Components,Auto Components,Auto Components & Equipments,Green,"Manufactures mechanical automotive systems - suspension, braking, steering, cooling, exhaust and emission control, air-conditioning, pistons and rings, wheels and control cables - from metals and synthetic polymers. Stearic acid used in rubber processing is a trace vulcanisation aid that is as often plant-derived, so there is no material animal-derived input - Green.",
Bharat Forge Ltd.,BHARATFORG,INE465A01025,Consumer Discretionary,Automobile and Auto Components,Auto Components,Auto Components & Equipments,Red,"Automotive and industrial forging major. Artillery guns, armoured vehicles, and defence systems manufactured through subsidiary Kalyani Strategic Systems contribute ~12–15% of consolidated FY26 revenue, exceeding the 10% threshold under Section 7, placing the company in Red.",
Bosch Ltd.,BOSCHLTD,INE323A01026,Consumer Discretionary,Automobile and Auto Components,Auto Components,Auto Components & Equipments,Green,"Manufactures automotive technology - powertrain, fuel-injection and mobility systems - alongside power tools and building technologies. Metal, plastic and electronic manufacturing with no animal-derived input and no defence business, so Green. (Corrects a justification and Red band previously carried over in error from BEML.)",
CIE Automotive India Ltd.,CIEINDIA,INE536H01010,Consumer Discretionary,Automobile and Auto Components,Auto Components,Auto Components & Equipments,Green,"Manufactures forged, cast and machined metal components (powertrain, chassis, fasteners and springs) for automotive and industrial use. These are metallurgical steel and aluminium products with no material animal-derived input; supplying generic parts to vehicle makers is not a basis for escalation, so Green - consistent with the AIA Engineering and Happy Forgings rating.",
Craftsman Automation Ltd.,CRAFTSMAN,INE00LO01017,Consumer Discretionary,Automobile and Auto Components,Auto Components,Auto Components & Equipments,Green,"Manufactures forged, cast and machined metal components (powertrain, chassis, fasteners and springs) for automotive and industrial use. These are metallurgical steel and aluminium products with no material animal-derived input; supplying generic parts to vehicle makers is not a basis for escalation, so Green - consistent with the AIA Engineering and Happy Forgings rating.",
Endurance Technologies Ltd.,ENDURANCE,INE913H01037,Consumer Discretionary,Automobile and Auto Components,Auto Components,Auto Components & Equipments,Green,"Manufactures mechanical automotive systems - suspension, braking, steering, cooling, exhaust and emission control, air-conditioning, pistons and rings, wheels and control cables - from metals and synthetic polymers. Stearic acid used in rubber processing is a trace vulcanisation aid that is as often plant-derived, so there is no material animal-derived input - Green.",
Exide Industries Ltd.,EXIDEIND,INE302A01020,Consumer Discretionary,Automobile and Auto Components,Auto Components,Auto Components & Equipments,Green,"Manufactures lead-acid storage batteries for automotive, industrial, inverter and submarine use, plus lithium-ion cells and battery packs. Batteries are made from lead, sulphuric acid, plastics and lithium with no material animal-derived input, so Green.",
Fiem Industries Ltd,FIEMIND,INE737H01014,Consumer Discretionary,Automobile and Auto Components,Auto Components,Auto Components & Equipments,Green,"Manufactures automotive electrical and electronic components - wiring harnesses, switches, locks, lighting, instrument clusters, sensors and electronics - from copper, plastics and electronic materials, with no material animal-derived input, so Green.",
Gabriel India Ltd.,GABRIEL,INE524A01029,Consumer Discretionary,Automobile and Auto Components,Auto Components,Auto Components & Equipments,Green,"Manufactures mechanical automotive systems - suspension, braking, steering, cooling, exhaust and emission control, air-conditioning, pistons and rings, wheels and control cables - from metals and synthetic polymers. Stearic acid used in rubber processing is a trace vulcanisation aid that is as often plant-derived, so there is no material animal-derived input - Green.",
JBM Auto Ltd.,JBMA,INE927D01051,Consumer Discretionary,Automobile and Auto Components,Auto Components,Auto Components & Equipments,Green,"Manufactures sheet-metal stampings, tools & dies and electric buses from steel and polymers, with no material animal-derived input, so Green.",
JTEKT India Ltd.,JTEKTINDIA,INE643A01035,Consumer Discretionary,Automobile and Auto Components,Auto Components,Auto Components & Equipments,Green,"Manufactures mechanical automotive systems - suspension, braking, steering, cooling, exhaust and emission control, air-conditioning, pistons and rings, wheels and control cables - from metals and synthetic polymers. Stearic acid used in rubber processing is a trace vulcanisation aid that is as often plant-derived, so there is no material animal-derived input - Green.",
Jamna Auto Industries Ltd.,JAMNAAUTO,INE039C01032,Consumer Discretionary,Automobile and Auto Components,Auto Components,Auto Components & Equipments,Green,"Manufactures forged, cast and machined metal components (powertrain, chassis, fasteners and springs) for automotive and industrial use. These are metallurgical steel and aluminium products with no material animal-derived input; supplying generic parts to vehicle makers is not a basis for escalation, so Green - consistent with the AIA Engineering and Happy Forgings rating.",
Minda Corporation Ltd.,MINDACORP,INE842C01021,Consumer Discretionary,Automobile and Auto Components,Auto Components,Auto Components & Equipments,Green,"Manufactures automotive electrical and electronic components - wiring harnesses, switches, locks, lighting, instrument clusters, sensors and electronics - from copper, plastics and electronic materials, with no material animal-derived input, so Green.",
Motherson Sumi Wiring India Ltd.,MSUMI,INE0FS801015,Consumer Discretionary,Automobile and Auto Components,Auto Components,Auto Components & Equipments,Green,"Manufactures automotive electrical and electronic components - wiring harnesses, switches, locks, lighting, instrument clusters, sensors and electronics - from copper, plastics and electronic materials, with no material animal-derived input, so Green.",
NRB Bearings Ltd.,NRBBEARING,INE349A01021,Consumer Discretionary,Automobile and Auto Components,Auto Components,Auto Components & Equipments,Green,"Manufactures anti-friction bearings (needle-roller and ball/roller bearings) and precision engineering products from steel for automotive and industrial use. A metallurgical product with no material animal-derived input, so Green.",
Pricol Ltd.,PRICOLLTD,INE726V01018,Consumer Discretionary,Automobile and Auto Components,Auto Components,Auto Components & Equipments,Green,"Manufactures automotive electrical and electronic components - wiring harnesses, switches, locks, lighting, instrument clusters, sensors and electronics - from copper, plastics and electronic materials, with no material animal-derived input, so Green.",
Ramkrishna Forgings Ltd.,RKFORGE,INE399G01023,Consumer Discretionary,Automobile and Auto Components,Auto Components,Auto Components & Equipments,Green,"Manufactures forged, cast and machined metal components (powertrain, chassis, fasteners and springs) for automotive and industrial use. These are metallurgical steel and aluminium products with no material animal-derived input; supplying generic parts to vehicle makers is not a basis for escalation, so Green - consistent with the AIA Engineering and Happy Forgings rating.",
Rolex Rings Ltd.,ROLEXRINGS,INE645S01024,Consumer Discretionary,Automobile and Auto Components,Auto Components,Auto Components & Equipments,Green,"Manufactures forged, cast and machined metal components (powertrain, chassis, fasteners and springs) for automotive and industrial use. These are metallurgical steel and aluminium products with no material animal-derived input; supplying generic parts to vehicle makers is not a basis for escalation, so Green - consistent with the AIA Engineering and Happy Forgings rating.",
Samvardhana Motherson International Ltd.,MOTHERSON,INE775A01035,Consumer Discretionary,Automobile and Auto Components,Auto Components,Auto Components & Equipments,Green,"Diversified auto-component group with over 95% of revenue from wiring harnesses, rear-view mirror and vision systems, and polymer modules; any upholstery or leather is an immaterial part of a synthetic-and-metal product base, so Green.",
Sansera Engineering Ltd.,SANSERA,INE953O01021,Consumer Discretionary,Automobile and Auto Components,Auto Components,Auto Components & Equipments,Green,"Manufactures forged, cast and machined metal components (powertrain, chassis, fasteners and springs) for automotive and industrial use. These are metallurgical steel and aluminium products with no material animal-derived input; supplying generic parts to vehicle makers is not a basis for escalation, so Green - consistent with the AIA Engineering and Happy Forgings rating.",
Schaeffler India Ltd.,SCHAEFFLER,INE513A01022,Consumer Discretionary,Automobile and Auto Components,Auto Components,Auto Components & Equipments,Green,"Manufactures anti-friction bearings (needle-roller and ball/roller bearings) and precision engineering products from steel for automotive and industrial use. A metallurgical product with no material animal-derived input, so Green.",
Sharda Motor Industries Ltd.,SHARDAMOTR,INE597I01028,Consumer Discretionary,Automobile and Auto Components,Auto Components,Auto Components & Equipments,Green,"Manufactures mechanical automotive systems - suspension, braking, steering, cooling, exhaust and emission control, air-conditioning, pistons and rings, wheels and control cables - from metals and synthetic polymers. Stearic acid used in rubber processing is a trace vulcanisation aid that is as often plant-derived, so there is no material animal-derived input - Green.",
SPR Auto Technologies Ltd.,SHRIPISTON,INE526E01018,Consumer Discretionary,Automobile and Auto Components,Auto Components,Auto Components & Equipments,Green,"Manufactures mechanical automotive systems - suspension, braking, steering, cooling, exhaust and emission control, air-conditioning, pistons and rings, wheels and control cables - from metals and synthetic polymers. Stearic acid used in rubber processing is a trace vulcanisation aid that is as often plant-derived, so there is no material animal-derived input - Green.",
Sona BLW Precision Forgings Ltd.,SONACOMS,INE073K01018,Consumer Discretionary,Automobile and Auto Components,Auto Components,Auto Components & Equipments,Green,"Manufactures forged, cast and machined metal components (powertrain, chassis, fasteners and springs) for automotive and industrial use. These are metallurgical steel and aluminium products with no material animal-derived input; supplying generic parts to vehicle makers is not a basis for escalation, so Green - consistent with the AIA Engineering and Happy Forgings rating.",
Steel Strips Wheels Ltd.,SSWL,INE802C01033,Consumer Discretionary,Automobile and Auto Components,Auto Components,Auto Components & Equipments,Green,"Manufactures mechanical automotive systems - suspension, braking, steering, cooling, exhaust and emission control, air-conditioning, pistons and rings, wheels and control cables - from metals and synthetic polymers. Stearic acid used in rubber processing is a trace vulcanisation aid that is as often plant-derived, so there is no material animal-derived input - Green.",
Subros Ltd.,SUBROS,INE287B01021,Consumer Discretionary,Automobile and Auto Components,Auto Components,Auto Components & Equipments,Green,"Manufactures mechanical automotive systems - suspension, braking, steering, cooling, exhaust and emission control, air-conditioning, pistons and rings, wheels and control cables - from metals and synthetic polymers. Stearic acid used in rubber processing is a trace vulcanisation aid that is as often plant-derived, so there is no material animal-derived input - Green.",
Sundram Fasteners Ltd.,SUNDRMFAST,INE387A01021,Consumer Discretionary,Automobile and Auto Components,Auto Components,Auto Components & Equipments,Green,"Manufactures forged, cast and machined metal components (powertrain, chassis, fasteners and springs) for automotive and industrial use. These are metallurgical steel and aluminium products with no material animal-derived input; supplying generic parts to vehicle makers is not a basis for escalation, so Green - consistent with the AIA Engineering and Happy Forgings rating.",
Suprajit Engineering Ltd.,SUPRAJIT,INE399C01030,Consumer Discretionary,Automobile and Auto Components,Auto Components,Auto Components & Equipments,Green,"Manufactures mechanical automotive systems - suspension, braking, steering, cooling, exhaust and emission control, air-conditioning, pistons and rings, wheels and control cables - from metals and synthetic polymers. Stearic acid used in rubber processing is a trace vulcanisation aid that is as often plant-derived, so there is no material animal-derived input - Green.",
Tube Investments of India Ltd.,TIINDIA,INE974X01010,Consumer Discretionary,Automobile and Auto Components,Auto Components,Auto Components & Equipments,Green,"Manufactures mechanical automotive systems - suspension, braking, steering, cooling, exhaust and emission control, air-conditioning, pistons and rings, wheels and control cables - from metals and synthetic polymers. Stearic acid used in rubber processing is a trace vulcanisation aid that is as often plant-derived, so there is no material animal-derived input - Green.",
UNO Minda Ltd.,UNOMINDA,INE405E01023,Consumer Discretionary,Automobile and Auto Components,Auto Components,Auto Components & Equipments,Green,"Manufactures automotive electrical and electronic components - wiring harnesses, switches, locks, lighting, instrument clusters, sensors and electronics - from copper, plastics and electronic materials, with no material animal-derived input, so Green.",
Varroc Engineering Ltd.,VARROC,INE665L01035,Consumer Discretionary,Automobile and Auto Components,Auto Components,Auto Components & Equipments,Green,"Manufactures automotive electrical and electronic components - wiring harnesses, switches, locks, lighting, instrument clusters, sensors and electronics - from copper, plastics and electronic materials, with no material animal-derived input, so Green.",
ZF Commercial Vehicle Control Systems India Ltd.,ZFCVINDIA,INE342J01019,Consumer Discretionary,Automobile and Auto Components,Auto Components,Auto Components & Equipments,Green,"Manufactures mechanical automotive systems - suspension, braking, steering, cooling, exhaust and emission control, air-conditioning, pistons and rings, wheels and control cables - from metals and synthetic polymers. Stearic acid used in rubber processing is a trace vulcanisation aid that is as often plant-derived, so there is no material animal-derived input - Green.",
Landmark Cars Ltd.,LANDMARK,INE559R01029,Consumer Discretionary,Automobile and Auto Components,Automobiles,Auto Dealer,Green,"Operates multi-brand automobile dealerships and authorized service centres. Vehicle sales and aftermarket servicing involve standard automotive retail; optional OEM leather trim is an externally manufactured option, with no direct animal-derived product manufacturing by the company.",
Advanced Enzyme Tech Ltd.,ADVENZYMES,INE837H01020,Healthcare,Healthcare,Pharmaceuticals & Biotechnology,Biotechnology,Red,"Enzyme maker whose portfolio spans human nutrition, industrial processing and a dedicated Animal Nutrition business supplying feed enzymes to the poultry, aqua and livestock industries, alongside animal-sourced enzyme preparations. Products made specifically for animal-rearing industries, plus animal-derived inputs, place it in Red under Section 8.",
Radico Khaitan Ltd,RADICO,INE944F01028,Fast Moving Consumer Goods,Fast Moving Consumer Goods,Beverages,Breweries & Distilleries,Red,"Produces Indian-made foreign liquor - whisky, rum, vodka and brandy (Magic Moments, 8PM, Rampur). Rated Red because alcoholic beverages are treated as a harmful product category under AIM's criteria; this reflects that scope, not animal-derived inputs, as spirits are distilled from molasses or grain.",
Sula Vineyards Ltd.,SULA,INE142Q01026,Fast Moving Consumer Goods,Fast Moving Consumer Goods,Beverages,Breweries & Distilleries,Red,"India's largest winemaker, producing wine from grapes (Sula, RASA, Dindori). Rated Red because alcoholic beverages are treated as a harmful product category under AIM's criteria; this reflects that scope, not animal-derived inputs.",
Tilaknagar Industries Ltd.,TI,INE133E01013,Fast Moving Consumer Goods,Fast Moving Consumer Goods,Beverages,Breweries & Distilleries,Red,"Producer of Indian-made foreign liquor, primarily brandy (Mansion House, Courrier Napoleon). Rated Red because alcoholic beverages are treated as a harmful product category under AIM's criteria; this reflects that scope, not animal-derived inputs.",
United Breweries Ltd.,UBL,INE686F01025,Fast Moving Consumer Goods,Fast Moving Consumer Goods,Beverages,Breweries & Distilleries,Red,"India's largest brewer, producing beer (Kingfisher) from barley, hops and yeast. Rated Red because alcoholic beverages are treated as a harmful product category under AIM's criteria; this reflects that scope, not animal-derived inputs.",
United Spirits Ltd.,UNITDSPR,INE854D01024,Fast Moving Consumer Goods,Fast Moving Consumer Goods,Beverages,Breweries & Distilleries,Red,"India's largest spirits producer (Diageo group) - whisky, rum, vodka and gin (McDowell's, Royal Challenge, Signature, Johnnie Walker). Rated Red because alcoholic beverages are treated as a harmful product category under AIM's criteria; this reflects that scope, not animal-derived inputs.",
Firstsource Solutions Ltd.,FSL,INE684F01012,Services,Services,Commercial Services & Supplies,Business Process Outsourcing (BPO)/ Knowledge Process Outsourcing (KPO),Green,Provides outsourcing and knowledge process services. Service delivery does not involve animal testing or animal-derived inputs.,
eClerx Services Ltd.,ECLERX,INE738I01010,Services,Services,Commercial Services & Supplies,Business Process Outsourcing (BPO)/ Knowledge Process Outsourcing (KPO),Green,Provides outsourcing and knowledge process services. Service delivery does not involve animal testing or animal-derived inputs.,
Finolex Cables Ltd.,FINCABLES,INE235A01022,Industrials,Capital Goods,Industrial Products,Cables - Electricals,Green,"Manufactures insulated electrical wires, power cables and communication cables - copper and aluminium conductors with PVC and XLPE insulation - for construction, infrastructure and telecom. This is electrical-hardware manufacturing with no animal-derived product line, so Green.",
KEI Industries Ltd.,KEI,INE878B01027,Industrials,Capital Goods,Industrial Products,Cables - Electricals,Green,"Manufactures insulated wires, power cables, and communication cables using copper, aluminium, PVC, and XLPE. Zero animal-derived inputs in materials or processes, no animal testing mandated under BIS standards (IS 1554/IS 7098). Green — purely inorganic industrial manufacturing.",
Polycab India Ltd.,POLYCAB,INE455K01017,Industrials,Capital Goods,Industrial Products,Cables - Electricals,Green,"Manufactures insulated wires, power cables, and communication cables using copper, aluminium, PVC, and XLPE. Zero animal-derived inputs in materials or processes, no animal testing mandated under BIS standards (IS 1554/IS 7098). Green — purely inorganic industrial manufacturing.",
R R Kabel Ltd.,RRKABEL,INE777K01022,Industrials,Capital Goods,Industrial Products,Cables - Electricals,Green,"Manufactures insulated wires, power cables, and communication cables using copper, aluminium, PVC, and XLPE. Zero animal-derived inputs in materials or processes, no animal testing mandated under BIS standards (IS 1554/IS 7098). Green — purely inorganic industrial manufacturing.",
PCBL Chemical Ltd.,PCBL,INE602A01031,Commodities,Chemicals,Chemicals & Petrochemicals,Carbon Black,Green,"Manufactures carbon black (for tyres, rubber, plastics and inks) and specialty carbons from petrochemical feedstock (carbon black oil) - no material animal-derived input, so Green, consistent with the specialty-chemicals sector.",
AIA Engineering Ltd.,AIAENG,INE212H01026,Industrials,Capital Goods,Industrial Products,Castings & Forgings,Green,"Manufactures high-chromium grinding media, mill liners and wear parts for the cement, mining and thermal-power industries. These are metallurgical (high-chrome alloy) products with no animal-derived input; supplying generic wear parts to industrial customers is not a basis for escalation, so Green - consistent with Happy Forgings.",
Happy Forgings Ltd.,HAPPYFORGE,INE330T01021,Industrials,Capital Goods,Industrial Products,Castings & Forgings,Green,"Manufactures forged and machined components (crankshafts, axles, gears) for commercial vehicles, off-highway, farm and industrial equipment. Forging and machining are metallurgical processes using steel with no material animal-derived input, so Green.",
ACC Ltd.,ACC,INE012A01025,Commodities,Construction Materials,Cement & Cement Products,Cement & Cement Products,Green,"Manufactures cement (grey/white, OPC/PPC/blended) from limestone, clay and gypsum. Cement is an inorganic product; the 'bone char' whitening claim is factually incorrect (white cement's whiteness comes from low iron-oxide raw materials, and bone char is a sugar-refining input), and any grinding-aid additive is a trace input below 0.1% that is as often plant-derived, so there is no material animal-derived input - Green.",
Ambuja Cements Ltd.,AMBUJACEM,INE079A01024,Commodities,Construction Materials,Cement & Cement Products,Cement & Cement Products,Green,"Manufactures cement (grey/white, OPC/PPC/blended) from limestone, clay and gypsum. Cement is an inorganic product; the 'bone char' whitening claim is factually incorrect (white cement's whiteness comes from low iron-oxide raw materials, and bone char is a sugar-refining input), and any grinding-aid additive is a trace input below 0.1% that is as often plant-derived, so there is no material animal-derived input - Green.",
Birla Corporation Ltd.,BIRLACORPN,INE340A01012,Commodities,Construction Materials,Cement & Cement Products,Cement & Cement Products,Green,"Manufactures cement (grey/white, OPC/PPC/blended) from limestone, clay and gypsum. Cement is an inorganic product; the 'bone char' whitening claim is factually incorrect (white cement's whiteness comes from low iron-oxide raw materials, and bone char is a sugar-refining input), and any grinding-aid additive is a trace input below 0.1% that is as often plant-derived, so there is no material animal-derived input - Green.",
Dalmia Bharat Ltd.,DALBHARAT,INE00R701025,Commodities,Construction Materials,Cement & Cement Products,Cement & Cement Products,Green,"Manufactures cement (grey/white, OPC/PPC/blended) from limestone, clay and gypsum. Cement is an inorganic product; the 'bone char' whitening claim is factually incorrect (white cement's whiteness comes from low iron-oxide raw materials, and bone char is a sugar-refining input), and any grinding-aid additive is a trace input below 0.1% that is as often plant-derived, so there is no material animal-derived input - Green.",
Grasim Industries Ltd.,GRASIM,INE047A01021,Commodities,Construction Materials,Cement & Cement Products,Cement & Cement Products,Green,"Aditya Birla group flagship producing viscose staple fibre and chemicals (caustic soda) and holding the cement (UltraTech) and financial-services businesses. Viscose is wood-pulp (plant) based and the chemicals are inorganic, with no material animal-derived input, so Green.",
HeidelbergCement India Ltd.,HEIDELBERG,INE578A01017,Commodities,Construction Materials,Cement & Cement Products,Cement & Cement Products,Green,"Manufactures cement (grey/white, OPC/PPC/blended) from limestone, clay and gypsum. Cement is an inorganic product; the 'bone char' whitening claim is factually incorrect (white cement's whiteness comes from low iron-oxide raw materials, and bone char is a sugar-refining input), and any grinding-aid additive is a trace input below 0.1% that is as often plant-derived, so there is no material animal-derived input - Green.",
India Cements Ltd.,INDIACEM,INE383A01012,Commodities,Construction Materials,Cement & Cement Products,Cement & Cement Products,Green,"Manufactures cement (grey/white, OPC/PPC/blended) from limestone, clay and gypsum. Cement is an inorganic product; the 'bone char' whitening claim is factually incorrect (white cement's whiteness comes from low iron-oxide raw materials, and bone char is a sugar-refining input), and any grinding-aid additive is a trace input below 0.1% that is as often plant-derived, so there is no material animal-derived input - Green.",
J.K. Cement Ltd.,JKCEMENT,INE823G01014,Commodities,Construction Materials,Cement & Cement Products,Cement & Cement Products,Green,"Manufactures cement (grey/white, OPC/PPC/blended) from limestone, clay and gypsum. Cement is an inorganic product; the 'bone char' whitening claim is factually incorrect (white cement's whiteness comes from low iron-oxide raw materials, and bone char is a sugar-refining input), and any grinding-aid additive is a trace input below 0.1% that is as often plant-derived, so there is no material animal-derived input - Green.",
JK Lakshmi Cement Ltd.,JKLAKSHMI,INE786A01032,Commodities,Construction Materials,Cement & Cement Products,Cement & Cement Products,Green,"Manufactures cement (grey/white, OPC/PPC/blended) from limestone, clay and gypsum. Cement is an inorganic product; the 'bone char' whitening claim is factually incorrect (white cement's whiteness comes from low iron-oxide raw materials, and bone char is a sugar-refining input), and any grinding-aid additive is a trace input below 0.1% that is as often plant-derived, so there is no material animal-derived input - Green.",
Kesoram Industries Ltd.,KESORAMIND,INE087A01019,Commodities,Construction Materials,Cement & Cement Products,Cement & Cement Products,Green,"Manufactures cement (grey/white, OPC/PPC/blended) from limestone, clay and gypsum. Cement is an inorganic product; the 'bone char' whitening claim is factually incorrect (white cement's whiteness comes from low iron-oxide raw materials, and bone char is a sugar-refining input), and any grinding-aid additive is a trace input below 0.1% that is as often plant-derived, so there is no material animal-derived input - Green.",
Nuvoco Vistas Corporation Ltd.,NUVOCO,INE118D01016,Commodities,Construction Materials,Cement & Cement Products,Cement & Cement Products,Green,"Manufactures cement (grey/white, OPC/PPC/blended) from limestone, clay and gypsum. Cement is an inorganic product; the 'bone char' whitening claim is factually incorrect (white cement's whiteness comes from low iron-oxide raw materials, and bone char is a sugar-refining input), and any grinding-aid additive is a trace input below 0.1% that is as often plant-derived, so there is no material animal-derived input - Green.",
Orient Cement Ltd.,ORIENTCEM,INE876N01018,Commodities,Construction Materials,Cement & Cement Products,Cement & Cement Products,Green,"Manufactures cement (grey/white, OPC/PPC/blended) from limestone, clay and gypsum. Cement is an inorganic product; the 'bone char' whitening claim is factually incorrect (white cement's whiteness comes from low iron-oxide raw materials, and bone char is a sugar-refining input), and any grinding-aid additive is a trace input below 0.1% that is as often plant-derived, so there is no material animal-derived input - Green.",
Sanghi Industries Ltd.,SANGHIIND,INE999B01013,Commodities,Construction Materials,Cement & Cement Products,Cement & Cement Products,Green,"Manufactures cement (grey/white, OPC/PPC/blended) from limestone, clay and gypsum. Cement is an inorganic product; the 'bone char' whitening claim is factually incorrect (white cement's whiteness comes from low iron-oxide raw materials, and bone char is a sugar-refining input), and any grinding-aid additive is a trace input below 0.1% that is as often plant-derived, so there is no material animal-derived input - Green.",[DELISTED — merged into Ambuja Cements Ltd. (INE079A01024)]
Shree Cement Ltd.,SHREECEM,INE070A01015,Commodities,Construction Materials,Cement & Cement Products,Cement & Cement Products,Green,"Manufactures cement (grey/white, OPC/PPC/blended) from limestone, clay and gypsum. Cement is an inorganic product; the 'bone char' whitening claim is factually incorrect (white cement's whiteness comes from low iron-oxide raw materials, and bone char is a sugar-refining input), and any grinding-aid additive is a trace input below 0.1% that is as often plant-derived, so there is no material animal-derived input - Green.",
Star Cement Ltd.,STARCEMENT,INE460H01021,Commodities,Construction Materials,Cement & Cement Products,Cement & Cement Products,Green,"Manufactures cement (grey/white, OPC/PPC/blended) from limestone, clay and gypsum. Cement is an inorganic product; the 'bone char' whitening claim is factually incorrect (white cement's whiteness comes from low iron-oxide raw materials, and bone char is a sugar-refining input), and any grinding-aid additive is a trace input below 0.1% that is as often plant-derived, so there is no material animal-derived input - Green.",
The Ramco Cements Ltd.,RAMCOCEM,INE331A01037,Commodities,Construction Materials,Cement & Cement Products,Cement & Cement Products,Green,"Manufactures cement (grey/white, OPC/PPC/blended) from limestone, clay and gypsum. Cement is an inorganic product; the 'bone char' whitening claim is factually incorrect (white cement's whiteness comes from low iron-oxide raw materials, and bone char is a sugar-refining input), and any grinding-aid additive is a trace input below 0.1% that is as often plant-derived, so there is no material animal-derived input - Green.",
UltraTech Cement Ltd.,ULTRACEMCO,INE481G01011,Commodities,Construction Materials,Cement & Cement Products,Cement & Cement Products,Green,"Manufactures cement (grey/white, OPC/PPC/blended) from limestone, clay and gypsum. Cement is an inorganic product; the 'bone char' whitening claim is factually incorrect (white cement's whiteness comes from low iron-oxide raw materials, and bone char is a sugar-refining input), and any grinding-aid additive is a trace input below 0.1% that is as often plant-derived, so there is no material animal-derived input - Green.",
Kajaria Ceramics Ltd.,KAJARIACER,INE217B01036,Consumer Discretionary,Consumer Durables,Consumer Durables,Ceramics,Green,"Manufactures ceramic tiles, sanitaryware, and tableware. Clay-based manufacturing process does not involve animal testing or animal-derived inputs. Glazes and finishes are mineral and chemical-based.",
Godfrey Phillips India Ltd.,GODFRYPHLP,INE260B01028,Fast Moving Consumer Goods,Fast Moving Consumer Goods,Cigarettes & Tobacco Products,Cigarettes & Tobacco Products,Red,"Manufactures and markets cigarettes and other tobacco products. Tobacco is a harmful-product ('vice') category and is Red on that ground alone under Section 8, regardless of any animal-derived input.",
VST Industries Ltd.,VSTIND,INE710A01016,Fast Moving Consumer Goods,Fast Moving Consumer Goods,Cigarettes & Tobacco Products,Cigarettes & Tobacco Products,Red,"Manufactures and markets cigarettes and leaf tobacco. Tobacco is a harmful-product ('vice') category and is Red on that ground alone under Section 8, regardless of any animal-derived input.",
Ahluwalia Contracts (India) Ltd.,AHLUCONT,INE758C01029,Industrials,Construction,Construction,Civil Construction,Green,"Civil construction contractor building residential, commercial, institutional and hospital projects using cement, steel, concrete and glass — animal-neutral materials. Any link to an animal-using occupant of a completed building is tertiary and not chosen by the contractor. Green, consistent with cement and construction-materials companies.",
Ashoka Buildcon Ltd.,ASHOKA,INE442H01029,Industrials,Construction,Construction,Civil Construction,Green,"Builds roads, highways, bridges and power-distribution infrastructure using cement, steel, bitumen and aggregates — animal-neutral materials. Any downstream use of a completed road or building is tertiary. Green, consistent with cement and the construction-engineering group.",
Dilip Buildcon Ltd.,DBL,INE917M01012,Industrials,Construction,Construction,Civil Construction,Green,"EPC contractor for roads, highways, tunnels, bridges and irrigation projects, built with cement, steel and aggregates — animal-neutral materials. No animal-derived input; downstream use is tertiary. Green.",
Engineers India Ltd.,ENGINERSIN,INE510A01028,Industrials,Construction,Construction,Civil Construction,Green,"Engineering consultancy and EPC contractor focused on the hydrocarbon value chain — refineries, oil & gas processing and petrochemicals (engineered 20 of India's 23 refineries) — plus metallurgy and infrastructure. Uses engineering services, steel and concrete; no animal-derived input. Green, consistent with cement and other construction/engineering firms.",
G R Infraprojects Ltd.,GRINFRA,INE201P01022,Industrials,Construction,Construction,Civil Construction,Green,"Roads and highways EPC contractor (also produces bitumen and road-construction materials) using cement, steel and aggregates — animal-neutral. Downstream use is tertiary. Green.",
H.G. Infra Engineering Ltd.,HGINFRA,INE926X01010,Industrials,Construction,Construction,Civil Construction,Green,"EPC contractor for roads, highways and railway infrastructure using cement, steel and aggregates — animal-neutral materials. Green, consistent with cement.",
Hindustan Construction Co. Ltd.,HCC,INE549A01026,Industrials,Construction,Construction,Civil Construction,Green,"Builds dams, tunnels, bridges, hydropower and nuclear-power infrastructure using cement, steel and concrete — animal-neutral materials. Downstream use is tertiary. Green.",
IRB Infrastructure Developers Ltd.,IRB,INE821I01022,Industrials,Construction,Construction,Civil Construction,Green,"Develops and operates highways and toll roads (BOT/toll model) built with cement, steel, bitumen and aggregates — animal-neutral. Green, consistent with cement.",
IRCON International Ltd.,IRCON,INE962Y01021,Industrials,Construction,Construction,Civil Construction,Green,"Railway-infrastructure PSU building tracks, bridges, stations and electrification using steel, cement and concrete — animal-neutral materials. Single neutral sector; Green.",
Isgec Heavy Engineering Ltd.,ISGEC,INE858B01029,Industrials,Construction,Construction,Civil Construction,Green,"Heavy-engineering and EPC company making boilers, process-plant equipment and undertaking turnkey projects from steel and mechanical components — animal-neutral. Green.",
J.Kumar Infraprojects Ltd.,JKIL,INE576I01022,Industrials,Construction,Construction,Civil Construction,Green,"Builds metros, flyovers, roads, bridges and tunnels using cement, steel and concrete — animal-neutral materials. Downstream use is tertiary. Green.",
KNR Constructions Ltd.,KNRCON,INE634I01029,Industrials,Construction,Construction,Civil Construction,Green,"Civil construction company building roads, highways, flyovers and irrigation/water infrastructure using cement, steel, bitumen and aggregates — animal-neutral materials. No material animal-derived input; any downstream use is tertiary. Green, consistent with cement.",
Kalpataru Projects International Ltd.,KPIL,INE220B01022,Industrials,Construction,Construction,Civil Construction,Green,"PC contractor for power-transmission lines, pipelines, railways and buildings using steel, cement and concrete — animal-neutral materials. Green.",
Kec International Ltd.,KEC,INE389H01022,Industrials,Construction,Construction,Civil Construction,Green,"EPC contractor for power transmission, railways, civil and cabling projects using steel, cement and concrete — animal-neutral materials. Green.",
Larsen & Toubro Ltd.,LT,INE018A01030,Industrials,Construction,Construction,Civil Construction,Orange,"Diversified engineering, procurement, and construction (EPC) conglomerate. Infrastructure, hydrocarbon, and heavy engineering form the dominant business (>90% FY26 revenue). Defence equipment and naval shipbuilding represent a minor product line (<5% revenue), placing the company in Orange under Section 7.",
Man Infraconstruction Ltd.,MANINFRA,INE949H01023,Industrials,Construction,Construction,Civil Construction,Green,"EPC contractor for ports, residential, commercial and industrial construction using cement, steel and concrete — animal-neutral materials. Green.",
NBCC (India) Ltd.,NBCC,INE095N01031,Industrials,Construction,Construction,Civil Construction,Green,"PSU providing project-management consultancy and real-estate development; construction uses cement, steel and concrete — animal-neutral materials. Downstream use is tertiary. Green.",
NCC Ltd.,NCC,INE868B01028,Industrials,Construction,Construction,Civil Construction,Green,"EPC contractor for buildings, roads, water, railways and electrical projects using cement, steel and concrete — animal-neutral materials. Green.",
PNC Infratech Ltd.,PNCINFRA,INE195J01029,Industrials,Construction,Construction,Civil Construction,Green,"EPC contractor for highways, roads and water-supply infrastructure using cement, steel, bitumen and aggregates — animal-neutral materials. Green.",
Patel Engineering Ltd.,PATELENG,INE244B01030,Industrials,Construction,Construction,Civil Construction,Green,"Builds dams, tunnels, hydropower and irrigation projects using cement, steel and concrete — animal-neutral materials. Green.",
Power Mech Projects Ltd.,POWERMECH,INE211R01019,Industrials,Construction,Construction,Civil Construction,Green,"Power-plant erection, electrical-EPC and O&M services using steel and mechanical equipment — animal-neutral. Green.",
RITES Ltd.,RITES,INE320J01015,Industrials,Construction,Construction,Civil Construction,Green,"Railway transport-engineering and consultancy PSU providing design, inspection and project services — an animal-neutral professional service in a single neutral sector. Green.",
Rail Vikas Nigam Ltd.,RVNL,INE415G01027,Industrials,Construction,Construction,Civil Construction,Green,"Railway-infrastructure execution PSU building tracks, electrification, bridges and stations using steel, cement and concrete — animal-neutral materials. Single neutral sector; Green.",
Ramky Infra Ltd.,RAMKY,INE874I01013,Industrials,Construction,Construction,Civil Construction,Green,"EPC contractor for roads, water, industrial parks and environmental infrastructure using cement, steel and concrete — animal-neutral materials. Green.",
Sterling and Wilson Renewable Energy Ltd.,SWSOLAR,INE00M201021,Industrials,Construction,Construction,Civil Construction,Green,"Solar-power EPC contractor building renewable-energy plants from panels, steel and electrical equipment — animal-neutral. Green.",
Techno Electric & Engineering Company Ltd.,TECHNOE,INE285K01026,Industrials,Construction,Construction,Civil Construction,Green,"Power-sector EPC contractor (transmission lines, substations) using steel and electrical equipment — animal-neutral. Green.",
Welspun Enterprises Ltd.,WELENT,INE625G01013,Industrials,Construction,Construction,Civil Construction,Green,"EPC and BOT developer of roads, highways and water-supply infrastructure using cement, steel, bitumen and aggregates — animal-neutral materials. Green.",
Coal India Ltd.,COALINDIA,INE522F01014,Energy,"Oil, Gas & Consumable Fuels",Consumable Fuels,Coal,Green,"India's largest coal producer, mining and processing coal for power generation and industry. Coal is an inorganic mineral with no animal-derived input; habitat disturbance is an environmental and biodiversity matter outside our animal-harm-via-product criteria, and supplying coal to other industries is generic enabling, so Green - consistent with bauxite, iron-ore, zinc and copper miners.",
Sandur Manganese & Iron Ores Ltd.,SANDUMA,INE149K01016,Energy,"Oil, Gas & Consumable Fuels",Consumable Fuels,Coal,Green,"Mines and processes manganese ore and iron ore, with ferro-alloy and coke operations. These are inorganic minerals with no animal-derived input; habitat disturbance is an environmental matter outside our animal-harm criteria, so Green - consistent with NMDC, MOIL and other ore miners.",
Ashok Leyland Ltd.,ASHOKLEY,INE208A01029,Industrials,Capital Goods,"Agricultural, Commercial & Construction Vehicles",Commercial Vehicles,Orange,"Commercial trucks and buses dominate revenue, but the company is the Indian Army's principal military-mobility manufacturer — Stallion 4x4/6x6 troop carriers (over 70,000 in service, roughly 80% of the Army's heavy-vehicle fleet), Field Artillery Tractors and Gun Towing Vehicles for artillery units, Light Specialist Vehicles and around 30 purpose-built military platforms in all, with a defence order book of about ₹2,000 crore (roughly 2% of revenue). Purpose-built military platforms as a genuine minority line place it in Orange under the minority-weapons-line rule.",
Chemplast Sanmar Ltd.,CHEMPLASTS,INE488A01050,Commodities,Chemicals,Chemicals & Petrochemicals,Commodity Chemicals,Green,"Manufactures PVC resin, caustic soda, chlorochemicals and specialty paste PVC from petrochemical and inorganic feedstock - no material animal-derived input, so Green.",
Deepak Fertilisers & Petrochemicals Corp. Ltd.,DEEPAKFERT,INE501A01019,Commodities,Chemicals,Chemicals & Petrochemicals,Commodity Chemicals,Green,"Manufactures industrial chemicals (ammonia, nitric acid, technical ammonium nitrate), fertilisers and mining chemicals from petrochemical and mineral feedstock - no material animal-derived input, so Green.",
GHCL Ltd.,GHCL,INE539A01019,Commodities,Chemicals,Chemicals & Petrochemicals,Commodity Chemicals,Green,"Manufactures soda ash and sodium bicarbonate from limestone, salt and inorganic minerals - no material animal-derived input, so Green.",
Gujarat Alkalies & Chemicals Ltd.,GUJALKALI,INE186A01019,Commodities,Chemicals,Chemicals & Petrochemicals,Commodity Chemicals,Green,"Manufactures caustic soda, chlorine, chloromethanes and other inorganic chlor-alkali chemicals - no material animal-derived input, so Green.",
Gujarat Narmada Valley Fertilizers and Chemicals Ltd.,GNFC,INE113A01013,Commodities,Chemicals,Chemicals & Petrochemicals,Commodity Chemicals,Green,"Manufactures fertilisers and industrial chemicals (urea, ammonia, TDI, methanol, acetic acid) from petrochemical and mineral feedstock - no material animal-derived input, so Green.",
India Glycols Ltd.,INDIAGLYCO,INE560A01023,Commodities,Chemicals,Chemicals & Petrochemicals,Commodity Chemicals,Green,"Manufactures glycols, ethylene-oxide derivatives and bio-based specialty chemicals from petrochemical and grain-alcohol feedstock - no material animal-derived input, so Green.",
Tata Chemicals Ltd.,TATACHEM,INE092A01019,Commodities,Chemicals,Chemicals & Petrochemicals,Commodity Chemicals,Green,"Manufactures soda ash, sodium bicarbonate, salt and other inorganic chemicals from limestone, brine and minerals - no material animal-derived input, so Green.",
Thirumalai Chemicals Ltd.,TIRUMALCHM,INE338A01024,Commodities,Chemicals,Chemicals & Petrochemicals,Commodity Chemicals,Green,"Manufactures phthalic anhydride, maleic anhydride and food acids from petrochemical feedstock - no material animal-derived input, so Green.",
Cummins India Ltd.,CUMMINSIND,INE298A01020,Industrials,Capital Goods,Industrial Products,"Compressors, Pumps & Diesel Engines",Green,"Manufactures diesel and gas engines and power-generation equipment - metal machinery; ""mechanical engineering uses animal-derived lubricants"" is a non-material operational input, so Green.",
Elgi Equipments Ltd.,ELGIEQUIP,INE285A01027,Industrials,Capital Goods,Industrial Products,"Compressors, Pumps & Diesel Engines",Green,"Manufactures air compressors and compressed-air systems - metal machinery; the lubricant basis is a non-material operational input, so Green.",
Greaves Cotton Ltd.,GREAVESCOT,INE224A01026,Industrials,Capital Goods,Industrial Products,"Compressors, Pumps & Diesel Engines",Green,"Manufactures engines, powertrains and pumpsets - metal machinery; the lubricant basis is a non-material operational input, so Green.",
Ingersoll Rand (India) Ltd.,INGERRAND,INE177A01018,Industrials,Capital Goods,Industrial Products,"Compressors, Pumps & Diesel Engines",Green,"Manufactures air compressors and industrial tools - metal machinery; the lubricant basis is a non-material operational input, so Green.",
Kirloskar Brothers Ltd.,KIRLOSBROS,INE732A01036,Industrials,Capital Goods,Industrial Products,"Compressors, Pumps & Diesel Engines",Green,"Manufactures pumps and fluid-management systems - metal machinery; the lubricant basis is a non-material operational input, so Green.",
Kirloskar Oil Eng Ltd.,KIRLOSENG,INE146L01010,Industrials,Capital Goods,Industrial Products,"Compressors, Pumps & Diesel Engines",Green,"Manufactures diesel engines and gensets - metal machinery; the lubricant basis is a non-material operational input, so Green.",
Kirloskar Pneumatic Company Ltd.,KIRLPNU,INE811A01020,Industrials,Capital Goods,Industrial Products,"Compressors, Pumps & Diesel Engines",Green,"Manufactures compressors and pneumatic/air systems - metal machinery; the lubricant basis is a non-material operational input, so Green.",
Birlasoft Ltd.,BSOFT,INE836A01035,Information Technology,Information Technology,IT - Software,Computers - Software & Consulting,Green,"Provides generic technology services including software development, IT consulting, and technology-enabled services with a diverse client base across industries. No material involvement in animal harm.",
Coforge Ltd.,COFORGE,INE591G01025,Information Technology,Information Technology,IT - Software,Computers - Software & Consulting,Green,"Provides generic technology services including software development, IT consulting, and technology-enabled services with a diverse client base across industries. No material involvement in animal harm.",
HCL Technologies Ltd.,HCLTECH,INE860A01027,Information Technology,Information Technology,IT - Software,Computers - Software & Consulting,Green,"Provides generic technology services including software development, IT consulting, and technology-enabled services with a diverse client base across industries. No material involvement in animal harm.",
Happiest Minds Technologies Ltd.,HAPPSTMNDS,INE419U01012,Information Technology,Information Technology,IT - Software,Computers - Software & Consulting,Green,"Provides generic technology services including software development, IT consulting, and technology-enabled services with a diverse client base across industries. No material involvement in animal harm.",
Infosys Ltd.,INFY,INE009A01021,Information Technology,Information Technology,IT - Software,Computers - Software & Consulting,Green,"Provides generic technology services including software development, IT consulting, and technology-enabled services with a diverse client base across industries. No material involvement in animal harm.",
Intellect Design Arena Ltd.,INTELLECT,INE306R01017,Information Technology,Information Technology,IT - Software,Computers - Software & Consulting,Green,"Provides generic technology services including software development, IT consulting, and technology-enabled services with a diverse client base across industries. No material involvement in animal harm.",
KPIT Technologies Ltd.,KPITTECH,INE04I401011,Information Technology,Information Technology,IT - Software,Computers - Software & Consulting,Green,"Provides generic technology services including software development, IT consulting, and technology-enabled services with a diverse client base across industries. No material involvement in animal harm.",
LTM Ltd.,LTM,INE214T01019,Information Technology,Information Technology,IT - Software,Computers - Software & Consulting,Green,"Provides generic technology services including software development, IT consulting, and technology-enabled services with a diverse client base across industries. No material involvement in animal harm.",
Latent View Analytics Ltd.,LATENTVIEW,INE0I7C01011,Information Technology,Information Technology,IT - Software,Computers - Software & Consulting,Green,"Provides generic technology services including software development, IT consulting, and technology-enabled services with a diverse client base across industries. No material involvement in animal harm.",
Mastek Ltd.,MASTEK,INE759A01021,Information Technology,Information Technology,IT - Software,Computers - Software & Consulting,Green,"Provides generic technology services including software development, IT consulting, and technology-enabled services with a diverse client base across industries. No material involvement in animal harm.",
MphasiS Ltd.,MPHASIS,INE356A01018,Information Technology,Information Technology,IT - Software,Computers - Software & Consulting,Green,"Provides generic technology services including software development, IT consulting, and technology-enabled services with a diverse client base across industries. No material involvement in animal harm.",
Newgen Software Technologies Ltd.,NEWGEN,INE619B01017,Information Technology,Information Technology,IT - Software,Computers - Software & Consulting,Green,"Provides generic technology services including software development, IT consulting, and technology-enabled services with a diverse client base across industries. No material involvement in animal harm.",
Persistent Systems Ltd.,PERSISTENT,INE262H01021,Information Technology,Information Technology,IT - Software,Computers - Software & Consulting,Green,"Provides generic technology services including software development, IT consulting, and technology-enabled services with a diverse client base across industries. No material involvement in animal harm.",
Rategain Travel Technologies Ltd.,RATEGAIN,INE0CLI01024,Information Technology,Information Technology,IT - Software,Computers - Software & Consulting,Green,"Provides generic technology services including software development, IT consulting, and technology-enabled services with a diverse client base across industries. No material involvement in animal harm.",
Sonata Software Ltd.,SONATSOFTW,INE269A01021,Information Technology,Information Technology,IT - Software,Computers - Software & Consulting,Green,"Provides generic technology services including software development, IT consulting, and technology-enabled services with a diverse client base across industries. No material involvement in animal harm.",
Tata Consultancy Services Ltd.,TCS,INE467B01029,Information Technology,Information Technology,IT - Software,Computers - Software & Consulting,Green,"Provides generic technology services including software development, IT consulting, and technology-enabled services with a diverse client base across industries. No material involvement in animal harm.",
Tata Elxsi Ltd.,TATAELXSI,INE670A01012,Information Technology,Information Technology,IT - Software,Computers - Software & Consulting,Green,"Provides generic technology services including software development, IT consulting, and technology-enabled services with a diverse client base across industries. No material involvement in animal harm.",
Tech Mahindra Ltd.,TECHM,INE669C01036,Information Technology,Information Technology,IT - Software,Computers - Software & Consulting,Green,"Provides generic technology services including software development, IT consulting, and technology-enabled services with a diverse client base across industries. No material involvement in animal harm.",
Wipro Ltd.,WIPRO,INE075A01022,Information Technology,Information Technology,IT - Software,Computers - Software & Consulting,Green,"Provides generic technology services including software development, IT consulting, and technology-enabled services with a diverse client base across industries. No material involvement in animal harm.",
Zensar Technolgies Ltd.,ZENSARTECH,INE520A01027,Information Technology,Information Technology,IT - Software,Computers - Software & Consulting,Green,"Provides generic technology services including software development, IT consulting, and technology-enabled services with a diverse client base across industries. No material involvement in animal harm.",
Netweb Technologies India Ltd.,NETWEB,INE0NT901020,Information Technology,Information Technology,IT - Hardware,Computers Hardware & Equipments,Green,"Provides generic technology services including software development, IT consulting, and technology-enabled services with a diverse client base across industries. No material involvement in animal harm.",
Action Construction Equipment Ltd.,ACE,INE731H01025,Industrials,Capital Goods,"Agricultural, Commercial & Construction Vehicles",Construction Vehicles,Green,"Manufactures mobile/tower cranes, forklifts, material-handling and construction/agri equipment — general-purpose machinery with no animal-derived input.",
BEML Ltd.,BEML,INE258A01024,Industrials,Capital Goods,"Agricultural, Commercial & Construction Vehicles",Construction Vehicles,Red,"Manufactures mining and construction equipment, rail and metro coaches, and defence heavy mobility equipment. Defence and aerospace products contribute ~15–25% of consolidated FY26 revenue, exceeding the 10% threshold for harmful business lines under Section 7, placing the company in Red.",
Dixon Technologies (India) Ltd.,DIXON,INE935N01020,Consumer Discretionary,Consumer Durables,Consumer Durables,Consumer Electronics,Green,"Manufactures consumer electronics (TVs, refrigerators, washing machines). Electronics manufacturing does not involve animal testing or animal-derived inputs.",
Havells India Ltd.,HAVELLS,INE176B01034,Consumer Discretionary,Consumer Durables,Consumer Durables,Consumer Electronics,Green,"Manufactures consumer electronics (TVs, refrigerators, washing machines). Electronics manufacturing does not involve animal testing or animal-derived inputs.",
Hindustan Copper Ltd.,HINDCOPPER,INE531E01026,Commodities,Metals & Mining,Non - Ferrous Metals,Copper,Green,Extracts and refines copper from ore. Hydrometallurgical and electrorefining processes do not involve animal testing or animal-derived inputs.,
Dodla Dairy Ltd.,DODLA,INE021O01019,Fast Moving Consumer Goods,Fast Moving Consumer Goods,Food Products,Dairy Products,Red,"Processes and markets milk, curd, butter, cheese, and paneer. Dairy farming involves continuous animal exploitation: forced artificial insemination, calf separation within hours of birth, and eventual slaughter of non-productive animals. Male calves are often discarded.",
Heritage Foods Ltd.,HERITGFOOD,INE978A01027,Fast Moving Consumer Goods,Fast Moving Consumer Goods,Food Products,Dairy Products,Red,"Processes and markets milk, curd, butter, cheese, and paneer. Dairy farming involves continuous animal exploitation: forced artificial insemination, calf separation within hours of birth, and eventual slaughter of non-productive animals. Male calves are often discarded.",
Bharat Electronics Ltd.,BEL,INE263A01024,Industrials,Capital Goods,Aerospace & Defense,Aerospace & Defence,Red,"State-owned defence electronics major - radars, sonars, missile fire-control and electronic-warfare systems, communications and naval combat management - supplied principally to the Indian armed forces. Weapons and military platforms are a harmful-product category under Section 8, so Red.",
Central Depository Services (India) Ltd.,CDSL,INE736A01011,Financial Services,Financial Services,Capital Markets,"Depositories, Clearing Houses and Other Intermediaries",Green,"Operates as a securities depository (dematerialised holding and settlement of shares). This is neutral capital-market infrastructure; it does not produce, finance or direct capital to animal-based businesses, and the link to any issuer's activities is tertiary",
Computer Age Management Services Ltd.,CAMS,INE596I01020,Financial Services,Financial Services,Capital Markets,"Depositories, Clearing Houses and Other Intermediaries",Green,"Registrar and transfer agent for mutual funds - record-keeping, transaction processing and investor servicing. Neutral market infrastructure that neither lends nor invests capital of its own, so Green, consistent with the depositories and exchanges.",
Kfin Technologies Ltd.,KFINTECH,INE138Y01010,Financial Services,Financial Services,Capital Markets,"Depositories, Clearing Houses and Other Intermediaries",Green,"Registrar and transfer agent and investor-solutions provider for mutual funds and corporate issuers. Neutral market infrastructure that neither lends nor invests capital of its own, so Green, consistent with the depositories and exchanges.",
Nazara Technologies Ltd.,NAZARA,INE418L01047,Consumer Discretionary,"Media, Entertainment & Publication",Entertainment,Media & Entertainment,Green,"Its current revenue is entirely from esports, casual/mobile gaming, kids' edutainment, sports media and ad-tech (video games are not a vice). Its only gambling exposure — a minority stake in PokerBaazi's parent, Moonshine — contributed zero revenue and was written down after India's 2025 real-money-gaming ban.",
3M India Ltd.,3MINDIA,INE470A01017,Diversified,Diversified,Diversified,Diversified,Green,"Diversified industrial and consumer-products company making abrasives, adhesives and tapes, films, personal-safety and protective equipment, healthcare and consumer products (Scotch, Post-it). These are synthetic and industrial products with no material animal-derived input, so Green.",
Balmer Lawrie & Co. Ltd.,BALMLAWRIE,INE164A01016,Diversified,Diversified,Diversified,Diversified,Orange,"Diversified PSU conglomerate (industrial packaging, greases and lubricants, logistics, cold chain, travel) that also manufactures leather chemicals - fatliquors, syntans and retanning agents - supplied specifically to the leather-tanning (animal-hide) industry. Because this is a product made specifically for an animal-processing industry, it is rated Orange: a genuine but minority animal-linked product line within an otherwise neutral conglomerate.",
DCM Shriram Ltd.,DCMSHRIRAM,INE499A01024,Diversified,Diversified,Diversified,Diversified,Orange,"Diversified industrial group operating in Chlor-Vinyl (caustic soda, PVC) and sugar refining as dominant business lines (~80% FY26 revenue). Manufactures crop protection insecticides as a minor agricultural product line (<10% revenue), placing it in Orange under Section 7.",
Godrej Industries Ltd.,GODREJIND,INE233A01035,Diversified,Diversified,Diversified,Diversified,Red,"Holding company of the Godrej group whose operating value includes Godrej Agrovet - a major animal-agribusiness in animal feed, poultry and dairy (Creamline) - alongside Godrej Consumer (household insecticides) and Godrej Properties. The dominant Agrovet animal-feed/poultry/dairy business makes this a material animal-harm conglomerate, so Red.",
Sindhu Trade Links Ltd.,SINDHUTRAD,INE325D01025,Diversified,Diversified,Diversified,Diversified,Green,"Diversified group focused on coal and mineral logistics, trading and transportation services - extractive-logistics and trading activities with no material animal-derived input or revenue, so Green.",
CMS Info Systems Ltd.,CMSINFO,INE925R01014,Services,Services,Commercial Services & Supplies,Diversified Commercial Services,Green,"India's largest cash-management company - ATM cash logistics and replenishment, retail cash management and managed services (brown-label ATMs, banking automation). A cash-logistics and services business with no animal-derived inputs, so Green.",
Hemisphere Properties India Ltd.,HEMIPROP,INE0AJG01018,Services,Services,Commercial Services & Supplies,Diversified Commercial Services,Green,"Provides diversified commercial services (facilities management, staffing, security). Service operations do not directly involve animal harm.",
NESCO Ltd.,NESCO,INE317F01035,Services,Services,Commercial Services & Supplies,Diversified Commercial Services,Green,"Provides diversified commercial services (facilities management, staffing, security). Service operations do not directly involve animal harm.",
Quess Corp Ltd.,QUESS,INE615P01015,Services,Services,Commercial Services & Supplies,Diversified Commercial Services,Green,"Provides diversified commercial services (facilities management, staffing, security). Service operations do not directly involve animal harm.",
Teamlease Services Ltd.,TEAMLEASE,INE985S01024,Services,Services,Commercial Services & Supplies,Diversified Commercial Services,Green,"Provides diversified commercial services (facilities management, staffing, security). Service operations do not directly involve animal harm.",
Hindustan Foods Ltd.,HNDFDS,INE254N01026,Fast Moving Consumer Goods,Fast Moving Consumer Goods,Diversified FMCG,Diversified FMCG,Red,"Contract manufacturer whose own-stated core competencies are FMCG and leather products - it manufactures leather shoes and accessories (for brands such as Gabor and US Polo) and runs a dairy ice-cream plant, alongside food, home- and personal-care job-work. Leather and dairy manufacturing are material animal-derived activities, so Red.",
Hindustan Unilever Ltd.,HINDUNILVR,INE030A01027,Fast Moving Consumer Goods,Fast Moving Consumer Goods,Diversified FMCG,Diversified FMCG,Red,"India's largest FMCG and personal-care company. Its ice-cream business (Kwality Wall's, Cornetto, Magnum) was demerged into Kwality Wall's India Ltd effective 1 December 2025, but HUL retains Horlicks and Boost - malted-milk food drinks in which milk solids are a core ingredient - as a growing Lifestyle Nutrition business of roughly 6-8% of FY26 turnover of Rs 63,763 crore, alongside egg-based mayonnaise in Packaged Foods. It is also India's largest cosmetics and personal-care maker (Lakme, Dove, Pond's, Vaseline) and its Unilever group is classified by PETA as 'working for regulatory change', meaning it conducts animal tests where a regulator requires them - the same cosmetics-maker basis applied to Colgate, Gillette and P&G, so Red.",
ITC Ltd.,ITC,INE154A01025,Fast Moving Consumer Goods,Fast Moving Consumer Goods,Diversified FMCG,Diversified FMCG,Red,"Diversified FMCG-and-cigarettes major; makes dairy products and frozen non-vegetarian foods (ITC Master Chef prawns/chicken) and runs hotels with non-vegetarian F&B - genuine animal-derived food lines - while its core cigarette business is also a harmful-product (vice) line, so Red.",
Vedanta Ltd.,VEDL,INE205A01025,Commodities,Metals & Mining,Diversified Metals,Diversified Metals & Mining,Green,"Diversified natural-resources conglomerate operating in zinc, lead and silver (Hindustan Zinc), aluminium, oil and gas (Cairn), copper, iron ore, steel and power. All are extractive and metallurgical activities using inorganic inputs with no material animal-derived input, so Green.",
Avenue Supermarts Ltd.,DMART,INE192R01011,Consumer Discretionary,Consumer Services,Retailing,Diversified Retail,Orange,"Value retail chain (DMart); revenue mix is roughly 57% food and grocery (staples, packaged foods, dairy, household essentials), 20% non-food FMCG and 22% general merchandise and apparel. Animal-derived items such as dairy, eggs, some packaged non-veg and leather footwear are a minority of a broad, staples-led grocery basket rather than the core of the business, so the direct/enabling exposure is below the Red threshold, consistent with peer value retailer Vishal Mega Mart (Orange).",
Electronics Mart India Ltd.,EMIL,INE02YR01019,Consumer Discretionary,Consumer Services,Retailing,Diversified Retail,Green,"A consumer-electronics and home-appliances retailer (televisions, refrigerators, ACs, mobiles); it sells no meat, leather or cosmetics, so the earlier template was inaccurate - electronics retail has no material animal-derived involvement, so Green.",
V-Mart Retail Ltd.,VMART,INE665J01013,Consumer Discretionary,Consumer Services,Retailing,Diversified Retail,Orange,"Value fashion and general-merchandise retailer (apparel, accessories and some grocery/FMCG) for smaller towns; animal-derived lines - some leather/wool apparel and a minority grocery basket - are a minority of a mostly-apparel business, so Orange.",
Sudarshan Chemical Industries Ltd.,SUDARSCHEM,INE659A01023,Commodities,Chemicals,Chemicals & Petrochemicals,Dyes And Pigments,Green,"Manufactures synthetic organic and inorganic pigments for coatings, plastics and inks - modern synthetic chemistry with no material animal-derived colorant, so Green.",
AWL Agri Business Ltd.,AWL,INE699H01024,Fast Moving Consumer Goods,Fast Moving Consumer Goods,Agricultural Food & other Products,Edible Oil,Green,"Refines and packages plant-derived edible oils (soya, sunflower, mustard, rice-bran, groundnut, cottonseed) and sells rice, pulses, besan, soya chunks, wheat flour, sugar and palm-based oleochemicals and soap. The portfolio is plant-based with no dairy or meat line;",
Marico Ltd.,MARICO,INE196A01026,Fast Moving Consumer Goods,Fast Moving Consumer Goods,Agricultural Food & other Products,Edible Oil,Green,"Sells Parachute coconut oil (about 44% of revenue) and Saffola refined edible oils (about 23%), value-added hair oils, Saffola oats and male-grooming products. The portfolio is overwhelmingly plant-based, with only a negligible Saffola honey line as animal-derived;",
Patanjali Foods Ltd.,PATANJALI,INE619A01035,Fast Moving Consumer Goods,Fast Moving Consumer Goods,Agricultural Food & other Products,Edible Oil,Orange,"Predominantly an edible-oil and plant-food company - refined and crude edible oils (palm, soya, mustard, sunflower), vanaspati and bakery fats, plus atta, rice, biscuits, noodles, soya and nutraceuticals - with ghee (dairy) a growing but minority part of the FMCG segment. Because animal-derived products (mainly ghee) are a genuine but minority line within a largely plant-based portfolio, it is rated Orange, consistent with Adani Wilmar and Marico.",
NIIT Learning Systems Ltd.,NIITMTS,INE342G01023,Consumer Discretionary,Consumer Services,Other Consumer Services,Education,Green,Provides education and training services. Educational operations do not directly involve animal testing or animal-derived inputs.,
Graphite India Ltd.,GRAPHITE,INE371A01025,Industrials,Capital Goods,Industrial Products,Electrodes & Refractories,Green,"Manufactures graphite electrodes, carbon products, and refractory materials. High-temperature processing of carbon and mineral materials without animal involvement.",
H.E.G. Ltd.,HEG,INE545A01024,Industrials,Capital Goods,Industrial Products,Electrodes & Refractories,Green,"Manufactures graphite electrodes, carbon products, and refractory materials. High-temperature processing of carbon and mineral materials without animal involvement.",
RHI MAGNESITA INDIA LTD.,RHIM,INE743M01012,Industrials,Capital Goods,Industrial Products,Electrodes & Refractories,Green,"Manufactures graphite electrodes, carbon products, and refractory materials. High-temperature processing of carbon and mineral materials without animal involvement.",
Vesuvius India Ltd.,VESUVIUS,INE386A01023,Industrials,Capital Goods,Industrial Products,Electrodes & Refractories,Green,"Manufactures graphite electrodes, carbon products, and refractory materials. High-temperature processing of carbon and mineral materials without animal involvement.",
PG Electroplast Ltd.,PGEL,INE457L01029,#N/A,#N/A,Consumer Electronics,Electronics - Components,Green,"Manufactures electronic components (semiconductors, capacitors, PCBs). Electronics manufacturing does not involve animal testing or animal-derived inputs.",
Cartrade Tech Ltd.,CARTRADE,INE290S01011,Consumer Discretionary,Consumer Services,Retailing,E-Retail/ E-Commerce,Green,"Operates automotive digital marketplaces and auction platforms - CarWale, CarTrade, BikeWale, OLX India and Shriram Automall - for new and used vehicles, parts and vehicle remarketing. The platform deals in vehicles, not animal-derived goods, so there is no material animal linkage; Green.",
FSN E-Commerce Ventures Ltd.,NYKAA,INE388Y01029,Consumer Discretionary,Consumer Services,Retailing,E-Retail/ E-Commerce,Orange,"Beauty- and fashion-led e-retail platform (about 70% beauty & personal care, plus fashion and in-house brands). Its animal nexus is a minority — some leather fashion accessories and a minority of cosmetics containing animal-derived ingredients — within a mostly synthetic-beauty and apparel catalogue. Sells no meat. Orange for that minority animal-product retail line.",
RattanIndia Enterprises Ltd.,RTNINDIA,INE834M01019,Consumer Discretionary,Consumer Services,Retailing,E-Retail/ E-Commerce,Green,"Technology-focused holding company with verticals in electric two-wheelers (Revolt Motors), drones (NeoSky), fintech (WeFin), e-commerce (Cocoblu Retail) and fashion brands (Neobrands). None of these involve animal-derived inputs or animal-harm revenue, so Green.",
Eternal Ltd.,ETERNAL,INE758T01015,Consumer Discretionary,Consumer Services,Retailing,E-Retail/ E-Commerce,Red,"Operates food delivery and quick-commerce platforms. Hyperpure, its B2B supplies arm, directly procures, processes, and distributes raw meat and poultry to restaurants as a core business segment (>10% FY26 revenue), placing the company in Red under Section 8 and Table 3.",
BSE Ltd.,BSE,INE118H01025,Financial Services,Financial Services,Capital Markets,Exchange and Data Platform,Green,"Operates India's oldest stock exchange, providing equity, derivatives, mutual-fund and market-data infrastructure. Neutral market plumbing that neither lends nor invests capital into industry, so Green under Section 9 and Table 4, consistent with IEX, MCX, CDSL and NSDL. (Corrects a justification and Orange band previously carried over in error from Ethos.)",
Indian Energy Exchange Ltd.,IEX,INE022Q01020,Financial Services,Financial Services,Capital Markets,Exchange and Data Platform,Green,"Operates India's principal power exchange for trading electricity (day-ahead, real-time and term-ahead) plus renewable energy certificates and green-power contracts. This is neutral energy-market infrastructure with no animal-derived product and no direct animal-harm linkage, so Green - consistent with BSE and MCX.",
Multi Commodity Exchange of India Ltd.,MCX,INE745G01043,Financial Services,Financial Services,Capital Markets,Exchange and Data Platform,Green,"Operates a commodity-derivatives exchange trading bullion, base metals, energy and plant-based agri commodities (e.g. cotton, crude palm oil, mentha). It lists no live-animal, meat, poultry or dairy contracts, so it is neutral market infrastructure with no direct animal-harm linkage — consistent with the Indian Energy Exchange (Green).",
Solar Industries India Ltd.,SOLARINDS,INE343H01029,Commodities,Chemicals,Chemicals & Petrochemicals,Explosives,Red,"Manufactures defence ammunition, explosive charges, and propellants. Products are directly used in military and paramilitary operations causing death and injury to living beings.",
Indian Metals & Ferro Alloys Ltd.,IMFA,INE919H01018,Commodities,Metals & Mining,Ferrous Metals,Ferro & Silica Manganese,Green,Manufactures ferroalloys for steel industry. Metallurgical processing does not involve animal testing or animal-derived inputs.,
Maithan Alloys Ltd.,MAITHANALL,INE683C01011,Commodities,Metals & Mining,Ferrous Metals,Ferro & Silica Manganese,Green,Manufactures ferroalloys for steel industry. Metallurgical processing does not involve animal testing or animal-derived inputs.,
Chambal Fertilizers & Chemicals Ltd.,CHAMBLFERT,INE085A01013,Commodities,Chemicals,Fertilizers & Agrochemicals,Fertilizers,Green,"Manufactures synthetic urea and trades complex fertilizers, made from natural gas. Inorganic fertilizer chemistry for crop farming with no material animal-derived input - the bone-meal and feed-crop reasoning is a marginal, generic-enabling premise we do not escalate on - so Green.",
Coromandel International Ltd.,COROMANDEL,INE169A01031,Commodities,Chemicals,Fertilizers & Agrochemicals,Fertilizers,Red,"A leading fertilizer producer that also runs one of India's largest crop-protection businesses, including insecticides. Its insecticides are biocidal products designed to kill insects (a direct animal-harm activity) and crop protection is a material part of revenue, so Red.",
E.I.D. Parry (India) Ltd.,EIDPARRY,INE126A01031,Commodities,Chemicals,Fertilizers & Agrochemicals,Fertilizers,Red,"Holding company whose consolidated business is dominated by its subsidiary Coromandel International (fertilizers and crop protection, including insecticides), alongside its own sugar and nutraceuticals. Rated Red because the dominant Coromandel crop-protection business makes biocidal insecticides - consistent with rating a holding by its dominant subsidiary, as with Bombay Burmah and Britannia.",
Fertilisers and Chemicals Travancore Ltd.,FACT,INE188A01015,Commodities,Chemicals,Fertilizers & Agrochemicals,Fertilizers,Green,"Manufactures urea, ammonium sulphate and complex fertilizers along with caprolactam. Inorganic fertilizer and chemical production for crop farming with no material animal-derived input, so Green.",
Gujarat State Fertilizers & Chemicals Ltd.,GSFC,INE026A01025,Commodities,Chemicals,Fertilizers & Agrochemicals,Fertilizers,Green,"Manufactures urea and complex fertilizers (NPK, DAP) alongside industrial chemicals such as caprolactam and melamine. Inorganic fertilizer chemistry with no material animal-derived input, so Green.",
National Fertilizers Ltd.,NFL,INE870D01012,Commodities,Chemicals,Fertilizers & Agrochemicals,Fertilizers,Green,"Nitrogenous (urea) fertilizer producer. Inorganic fertilizer chemistry with no material animal-derived input, so Green.",
Paradeep Phosphates Ltd.,PARADEEP,INE088F01024,Commodities,Chemicals,Fertilizers & Agrochemicals,Fertilizers,Green,"Manufactures phosphatic fertilizers - DAP and NPK - from rock phosphate and phosphoric acid. Inorganic fertilizer chemistry with no material animal-derived input, so Green.",
Rashtriya Chemicals & Fertilizers Ltd.,RCF,INE027A01015,Commodities,Chemicals,Fertilizers & Agrochemicals,Fertilizers,Green,"Manufactures urea and complex fertilizers along with industrial chemicals. Inorganic fertilizer chemistry for crop farming with no material animal-derived input, so Green.",
PVR INOX Ltd.,PVRINOX,INE191H01014,Consumer Discretionary,"Media, Entertainment & Publication",Entertainment,Media & Entertainment,Orange,"Cinema-exhibition chain; core is film exhibition, but it directly sells non-veg food items at its F&B concessions (F&B is ~25–30% of revenue, with a non-veg sub-set). Directly selling animal-derived food places it in Orange",
Share India Securities Ltd.,SHAREINDIA,INE932X01026,Financial Services,Financial Services,Stockbroking & Allied,Finance & Investments,Orange,Provides financial and investment services where investment portfolios include equity and debt instruments issued by animal-dependent companies. Capital allocation enables animal-harming industries to scale operations.,
Housing & Urban Development Corporation Ltd.,HUDCO,INE031A01017,Financial Services,Financial Services,Finance,Financial Institution,Green,"Government-owned financial institution dedicated to social housing projects and urban infrastructure development. Financing is locked exclusively to an animal-neutral purpose, placing it in Green under Section 9 and Table 4.",
IFCI Ltd.,IFCI,INE039A01010,Financial Services,Financial Services,Finance,Financial Institution,Orange,"Operates as development finance or infrastructure funding institution with lending portfolios that include exposure to agriculture, food processing, and pharmaceutical sectors. Institutions like IFCI and REC finance industrial projects that may include meat processing plants, dairy cooperatives, and pharmaceutical facilities conducting animal testing.",
Indian Railway Finance Corporation Ltd.,IRFC,INE053F01010,Financial Services,Financial Services,Finance,Financial Institution,Green,"Dedicated financing arm of Indian Railways, funding railway rolling stock and infrastructure. Financing is locked exclusively to an animal-neutral railway transport infrastructure purpose, placing it in Green under Section 9 and Table 4.",
Indian Renewable Energy Development Agency Ltd.,IREDA,INE202E01016,Financial Services,Financial Services,Finance,Financial Institution,Green,"Specialized financial institution dedicated exclusively to renewable energy and energy efficiency projects (solar, wind, hydro). Financing is locked to an animal-neutral green energy purpose, placing it in Green under Section 9 and Table 4.",
Power Finance Corporation Ltd.,PFC,INE134E01011,Financial Services,Financial Services,Finance,Financial Institution,Green,"Specialized financial institution dedicated to power sector generation, transmission, and distribution infrastructure. Financing is locked to an animal-neutral energy infrastructure purpose, placing it in Green under Section 9 and Table 4.",
REC Ltd.,RECLTD,INE020B01018,Financial Services,Financial Services,Finance,Financial Institution,Green,"Specialized infrastructure financier funding power generation, transmission, and distribution projects. Financing is locked to an animal-neutral energy infrastructure purpose, placing it in Green under Section 9 and Table 4.",
Anand Rathi Wealth Ltd.,ANANDRATHI,INE463V01026,Financial Services,Financial Services,Capital Markets,Financial Products Distributor,Orange,"Distributes financial products including insurance policies that cover livestock, poultry farms, and animal agriculture operations. Distribution of animal agriculture insurance products enables risk management for animal-dependent businesses.",
Prudent Corporate Advisory Services Ltd.,PRUDENT,INE00F201020,Financial Services,Financial Services,Capital Markets,Financial Products Distributor,Orange,"Distributes financial products including insurance policies that cover livestock, poultry farms, and animal agriculture operations. Distribution of animal agriculture insurance products enables risk management for animal-dependent businesses.",
One 97 Communications Ltd.,PAYTM,INE982J01020,Financial Services,Financial Services,Financial Technology (Fintech),Financial Technology (Fintech),Green,"Operates the Paytm digital payments platform, merchant payment gateway, and technology services. Provides neutral digital payment rails and software infrastructure without an animal-goods catalogue, placing it in Green under Section 8.",
PB Fintech Ltd.,POLICYBZR,INE417T01026,Financial Services,Financial Services,Financial Technology (Fintech),Financial Technology (Fintech),Green,"Operates online marketplaces Policybazaar and Paisabazaar for financial services and insurance aggregation. Functions as a digital platform and lead-generation technology provider without direct underwriting or animal products, placing it in Green under Section 8.",
Bata India Ltd.,BATAINDIA,INE176A01028,Consumer Discretionary,Consumer Durables,Consumer Durables,Footwear,Red,Substantial genuine-leather footwear range (formal/casual) — core animal-derived line → Red.,
Campus Activewear Ltd.,CAMPUS,INE278Y01022,Consumer Discretionary,Consumer Durables,Consumer Durables,Footwear,Green,"Manufactures sports/athleisure shoes from mesh, PU, EVA and synthetic materials — non-leather, so Green.",
Metro Brands Ltd.,METROBRAND,INE317I01021,Consumer Discretionary,Consumer Durables,Consumer Durables,Footwear,Red,"One of India's largest specialty footwear retailers (908+ stores, Metro/Mochi/Walkway/Foot Locker brands). Leather footwear is a core product category, making leather a significant material input → Red",
Redtape Ltd.,REDTAPE,INE0LXT01019,Consumer Discretionary,Consumer Durables,Consumer Durables,Footwear,Red,"Manufactures shoes, sandals, and footwear where leather products require hides from cattle slaughter — the primary animal cruelty in the footwear industry. Leather processing involves toxic chromium tanning using animal skins. Companies like Bata, Liberty, and Relaxo use leather in product lines. Synthetic alternatives exist but leather remains a significant product category.",
Responsive Industries Ltd.,RESPONIND,INE688D01026,Consumer Discretionary,Consumer Durables,Consumer Durables,"Furniture, Home Furnishing",Green,"Manufactures PVC vinyl flooring, synthetic (artificial) leather cloth and polymer products from petrochemical-based, animal-neutral materials. No material animal-derived input. Green.",
Sheela Foam Ltd.,SFL,INE916U01025,Consumer Discretionary,Consumer Durables,Consumer Durables,"Furniture, Home Furnishing",Green,"Manufactures polyurethane foam mattresses, pillows and comfort products (Sleepwell) and furniture cushioning — foam/polymer materials, animal-neutral. No material animal-derived input. Green.",
Arvind Ltd.,ARVIND,INE034A01011,Consumer Discretionary,Textiles,Textiles & Apparels,Garments & Apparels,Green,"Vertically integrated textile manufacturer (Lalbhai Group); core is cotton denim, woven and knit fabrics plus garment exports and an advanced/technical-materials division (personal protection, filtration, defence, composites). Textiles are over 80% of revenue on a cotton/synthetic base with no material wool, leather or silk line, so animal involvement is incidental, consistent with cotton-fabric peers KPR Mill, Trident, Alok and Indo Count",
Gokaldas Exports Ltd.,GOKEX,INE887G01027,Consumer Discretionary,Textiles,Textiles & Apparels,Garments & Apparels,Green,"India's largest apparel exporter; manufactures outerwear, bottoms, sportswear and denim predominantly from cotton and polyester, using in-house synthetic poly-wadding/quilting (not down/feather) for outerwear fill. Silk appears only as an occasional fabric in a small share of women's formalwear, not a core input.  Predominantly cotton/synthetic garment manufacturing",
Lux Industries Ltd.,LUXIND,INE150G01020,Consumer Discretionary,Textiles,Textiles & Apparels,Garments & Apparels,Green,"Manufactures cotton hosiery and innerwear (Lux Cozi, ONN, Lyra) from cotton and synthetic blends — animal-neutral. ",
Page Industries Ltd.,PAGEIND,INE761H01022,Consumer Discretionary,Textiles,Textiles & Apparels,Garments & Apparels,Green,"Manufactures Jockey and Speedo innerwear, loungewear, activewear and socks from cotton, elastane and synthetic blends — animal-neutral.",
Raymond Lifestyle Ltd,RAYMONDLSL,INE02ID01020,Consumer Discretionary,Textiles,Textiles & Apparels,Garments & Apparels,Red,Market leader (>60%) in worsted-wool suiting; wool (and silk blends) are core materials → Red.,
GAIL (India) Ltd.,GAIL,INE129A01019,Energy,"Oil, Gas & Consumable Fuels",Gas,Oil & Gas,Green,Transmits and markets natural gas through pipeline infrastructure. Distribution operations do not directly involve animal harm.,
Gujarat State Petronet Ltd.,GSPL,INE246F01010,Energy,"Oil, Gas & Consumable Fuels",Gas,Oil & Gas,Green,Transmits and markets natural gas through pipeline infrastructure. Distribution operations do not directly involve animal harm.,[DELISTED — merged into Gujarat Energy Ltd. (INE844O01030)]
Ethos Ltd.,ETHOSLTD,INE04TZ01018,Consumer Discretionary,Consumer Durables,Consumer Durables,"Gems, Jewellery And Watches",Green,"India's largest luxury and premium watch retailer, extending into Rimowa travel luggage (aluminium and polycarbonate) and Messika and Bvlgari jewellery (gold and diamond). Genuine leather appears only as a strap fitted to watches it retails, and pearl dials are occasional rather than a product line - Section 8 treats an occasional pearl or shell as too small to count. No leather-goods or pearl line of its own, so Green.",
Kalyan Jewellers India Ltd.,KALYANKJIL,INE303R01014,Consumer Discretionary,Consumer Durables,Consumer Durables,"Gems, Jewellery And Watches",Green,"Retails gold, diamond and precious-stone jewellery; core materials are metals and minerals — animal-neutral, so Green.",
Rajesh Exports Ltd.,RAJESHEXPO,INE343B01030,Consumer Discretionary,Consumer Durables,Consumer Durables,"Gems, Jewellery And Watches",Green,"Gold refining and gold-jewellery manufacturing/retail; materials are gold and diamonds — animal-neutral, so Green.",
Senco Gold Ltd.,SENCO,INE602W01027,Consumer Discretionary,Consumer Durables,Consumer Durables,"Gems, Jewellery And Watches",Green,"Manufactures and retails gold and diamond jewellery; animal-neutral materials, so Green.",
Titan Company Ltd.,TITAN,INE280A01028,Consumer Discretionary,Consumer Durables,Consumer Durables,"Gems, Jewellery And Watches",Orange,"Jewellery (Tanishq) is about 81% of FY25 revenue and gold, diamond and gemstones are animal-neutral. Alongside it Titan runs standing catalogue categories for genuine-leather goods - wallets, belts, watch straps and women's bags - under the Titan and Fastrack brands. That is a proper product line of animal material rather than an incidental input, which is Orange under Section 4 and Section 7 even though the Emerging Businesses segment carrying it was only about Rs 406 crore of Rs 51,084 crore (0.8%) in FY25.",
Vaibhav Global Ltd.,VAIBHAVGBL,INE884A01027,Consumer Discretionary,Consumer Durables,Consumer Durables,"Gems, Jewellery And Watches",Green,"Manufactures/retails low-cost fashion jewellery and gemstone products (Shop LC/TJC); predominantly metals and gemstones — animal-neutral, so Green.",
General Insurance Corporation of India,GICRE,INE481Y01014,Financial Services,Financial Services,Insurance,Insurance,Green,"National reinsurer providing risk protection across motor, health, fire, marine, property, engineering and agriculture lines. Animal-specific cover (livestock/cattle insurance) is a minor, largely government-sponsored sub-line; the dominant business is neutral risk protection. The framework treats insurance (protection of life/assets) as animal-neutral → Green.",
Go Digit General Insurance Ltd.,GODIGIT,INE03JT01014,Financial Services,Financial Services,Insurance,Insurance,Green,"General insurer offering motor, health, travel and property cover. Core business is neutral risk protection for individuals and assets; any livestock cover is an immaterial sub-line. Green.",
ICICI Lombard General Insurance Company Ltd.,ICICIGI,INE765G01017,Financial Services,Financial Services,Insurance,Insurance,Green,"Largest private general insurer, with motor, health, fire, marine and property lines. Core business is neutral risk protection; any animal/livestock cover is an immaterial sub-line. Green.",
Star Health and Allied Insurance Company Ltd.,STARHEALTH,INE575P01011,Financial Services,Financial Services,Insurance,Insurance,Green,"Standalone health insurer providing retail and group health cover for people. Pure human-health risk protection with no animal-derived activity, so Green.",
The New India Assurance Company Ltd.,NIACL,INE470Y01017,Financial Services,Financial Services,Insurance,Insurance,Green,"India's largest multi-line general insurer (motor, health, fire, marine, property, engineering). Core business is neutral risk protection; any livestock cover is an immaterial sub-line. Green.",
Borosil Ltd.,BOROLTD,INE02PY01013,Consumer Discretionary,Consumer Durables,Consumer Durables,Glass - Consumer,Green,"Manufactures consumer glassware and kitchenware (microwavable and flameproof glass, tumblers, appliances) and scientific/laboratory glassware. Glass manufacture is inorganic (silica, soda ash, limestone) and there is no animal-derived ingredient critical to it, so Green.",
Borosil Renewables Ltd.,BORORENEW,INE666D01022,Industrials,Capital Goods,Industrial Products,Glass - Industrial,Green,"Specialized solar photovoltaic glass manufacturer for solar module producers. Manufacturing processes use inorganic mineral raw materials (silica sand, soda ash, limestone) with no animal-derived inputs, placing it in Green under Section 6.",
Indegene Ltd.,INDGN,INE065X01017,Healthcare,Healthcare,Healthcare Services,"Healthcare Research, Analytics & Technology",Red,"Operates as a contract research organisation (CRO) conducting pre-clinical animal toxicology studies on behalf of pharmaceutical clients. Directly uses laboratory animals (rats, rabbits, dogs) under CPCSEA oversight for drug safety evaluation.",
Syngene International Ltd.,SYNGENE,INE398R01022,Healthcare,Healthcare,Healthcare Services,"Healthcare Research, Analytics & Technology",Red,"Operates as a contract research organisation (CRO) conducting pre-clinical animal toxicology studies on behalf of pharmaceutical clients. Directly uses laboratory animals (rats, rabbits, dogs) under CPCSEA oversight for drug safety evaluation.",
Dr. Lal Path Labs Ltd.,LALPATHLAB,INE600L01024,Healthcare,Healthcare,Healthcare Services,Healthcare Service Provider,Green,"Operates a human pathology and radiology diagnostic chain (~2,100 labs/collection centres) testing patient samples for medical diagnosis. It does not farm, test on, or process animals; any animal-derived lab reagents are trace upstream consumables, not a revenue source. Distinct from research/CRO firms (Red) that conduct animal testing.",
Metropolis Healthcare Ltd.,METROPOLIS,INE112L01020,Healthcare,Healthcare,Healthcare Services,Healthcare Service Provider,Green,"Operates a human pathology and radiology diagnostic chain, including specialised and cancer testing of patient samples. No animal farming or testing; animal-derived reagents are trace consumables only.",
Vijaya Diagnostic Centre Ltd.,VIJAYA,INE043W01024,Healthcare,Healthcare,Healthcare Services,Healthcare Service Provider,Green,Operates an integrated human pathology and radiology diagnostic network (Telangana/AP). Tests patient samples for medical diagnosis; animal-derived reagents are trace consumables only.,
ABB India Ltd.,ABB,INE117A01022,Industrials,Capital Goods,Electrical Equipment,Heavy Electrical Equipment,Green,"Diversified electrical & automation major across four segments — Electrification (substation-to-socket equipment), Motion (motors/drives), Process Automation, and Robotics & Discrete Automation. Horizontal industrial capital goods with no animal-derived inputs and no direct animal harm. Green.",
Azad Engineering Ltd.,AZAD,INE02IJ01035,Industrials,Capital Goods,Electrical Equipment,Heavy Electrical Equipment,Green,Precision-engineering manufacturer of turbine blades/airfoils for power-generation and oil-&-gas turbines (~82% of revenue) and components for aerospace & defence (~18%). High-precision metal manufacturing with no animal-derived inputs; end-markets are animal-neutral. Green.,
Bharat Heavy Electricals Ltd.,BHEL,INE257A01026,Industrials,Capital Goods,Electrical Equipment,Heavy Electrical Equipment,Orange,"State-owned heavy-engineering company dominated by power-generation equipment (boilers, turbines, generators), but it also directly manufactures naval weapons — the 76mm Super Rapid Gun Mount, the main gun aboard most Indian Navy warships, licence-built at its Haridwar plant since 1994, including a ₹2,957 crore MoD contract (2023) for 16 upgraded SRGMs and further orders for Triput-class frigates. A genuine but small weapons-manufacturing line places it in Orange under the minority-weapons-line rule.",
CG Power and Industrial Solutions Ltd.,CGPOWER,INE067A01029,Industrials,Capital Goods,Electrical Equipment,Heavy Electrical Equipment,Green,"Electrical-equipment manufacturer across Power Systems (transformers, switchgear, T&D projects), Industrial Systems (motors, drives, railway traction, fans, pumps) and Semiconductors. Horizontal industrial capital goods; no animal-derived inputs and no direct animal harm. Green.",
GE Vernova T&D India Ltd.,GVT&D,INE200A01026,Industrials,Capital Goods,Electrical Equipment,Heavy Electrical Equipment,Green,"Power transmission & distribution equipment — transformers, substations, switchgear and digital grid solutions. Grid-infrastructure capital goods with no animal-derived inputs and no direct animal harm. Green.",
Hitachi Energy India Ltd.,POWERINDIA,INE07Y701011,Industrials,Capital Goods,Electrical Equipment,Heavy Electrical Equipment,Green,"Power-grid technology — transformers, HVDC, grid automation, microgrid and storage solutions for electricity transmission. Grid-infrastructure capital goods with no animal-derived inputs and no direct animal harm. Green.",
Inox Wind Ltd.,INOXWIND,INE066P01011,Industrials,Capital Goods,Electrical Equipment,Heavy Electrical Equipment,Green,"India's largest pure-play wind-turbine (WTG) manufacturer; FY25 revenue ~₹3,557 cr from wind-turbine manufacturing, turnkey wind-farm EPC and long-term O&M (~5.1 GW under service). Renewable-energy capital goods with no animal-derived inputs and no direct or enabling animal harm. Green.",
Schneider Electric Infrastructure Ltd.,SCHNEIDER,INE839M01018,Industrials,Capital Goods,Electrical Equipment,Heavy Electrical Equipment,Green,Medium/high-voltage electrical distribution equipment and grid-automation solutions. Power-infrastructure capital goods with no animal-derived inputs and no direct animal harm. Green.,
Siemens Ltd.,SIEMENS,INE003A01024,Industrials,Capital Goods,Electrical Equipment,Heavy Electrical Equipment,Green,"Diversified technology company — Smart Infrastructure (electrification, building/grid products), Digital Industries (factory automation, drives, controls) and Mobility (rail/metro/locomotives). Horizontal industrial capital goods with no animal-derived inputs and no direct animal harm. Green.",
Suzlon Energy Ltd.,SUZLON,INE040H01021,Industrials,Capital Goods,Electrical Equipment,Heavy Electrical Equipment,Green,"India's largest onshore wind-turbine OEM; FY25 revenue ~₹10,851 cr from wind-turbine generators (1.55 GW delivered) and O&M services (15.1 GW under management). Pure renewable-energy capital goods — no animal-derived inputs and no animal-harm linkage. Green.",
TD Power Systems Ltd.,TDPOWERSYS,INE419M01027,Industrials,Capital Goods,Electrical Equipment,Heavy Electrical Equipment,Green,"Manufacturer of AC generators (1–200 MW) for steam/gas/hydro/wind turbines and engines, plus electric motors. Power-generation capital goods with no animal-derived inputs and no direct animal harm. Green.",
Thermax Ltd.,THERMAX,INE152A01029,Industrials,Capital Goods,Electrical Equipment,Heavy Electrical Equipment,Green,"Energy & environment engineering — boilers/heaters, absorption chillers, air-pollution-control and water/waste-treatment systems, green-energy projects, and a polymer-based chemicals segment (ion-exchange resins, performance chemicals). No animal-derived inputs and no direct animal harm; horizontal industrial capital goods. Green.",
Triveni Turbine Ltd.,TRITURBINE,INE152M01016,Industrials,Capital Goods,Electrical Equipment,Heavy Electrical Equipment,Green,"World-leading manufacturer of industrial steam turbines up to 100 MW (>60% domestic share), supplied across power and process industries. Turbine capital goods with no animal-derived inputs and no direct animal harm. Green.",
Voltamp Transformers Ltd,VOLTAMP,INE540H01012,Industrials,Capital Goods,Electrical Equipment,Heavy Electrical Equipment,Green,"One of India's largest transformer manufacturers — distribution, power, dry-type and cast-resin transformers. Electrical capital goods with no animal-derived inputs and no direct animal harm. Green.",
Bajaj Finserv Ltd.,BAJAJFINSV,INE918I01026,Financial Services,Financial Services,Finance,Holding Company,Orange,"Operates as holding company with diversified investments across sectors, including animal-dependent industries — pharmaceuticals, food processing, and agriculture. Holding companies like Bajaj Finserv and Edelweiss have portfolio exposure to companies conducting animal testing, meat processing, and dairy operations. Investment returns are partially derived from animal exploitation.",
Bajaj Holdings & Investment Ltd.,BAJAJHLDNG,INE118A01012,Financial Services,Financial Services,Finance,Holding Company,Orange,"Operates as holding company with diversified investments across sectors, including animal-dependent industries — pharmaceuticals, food processing, and agriculture. Holding companies like Bajaj Finserv and Edelweiss have portfolio exposure to companies conducting animal testing, meat processing, and dairy operations. Investment returns are partially derived from animal exploitation.",
Choice International Ltd.,CHOICEIN,INE102B01014,Financial Services,Financial Services,Finance,Holding Company,Orange,"Integrated financial-services group: Broking & Distribution (~59%; stock broking, wealth, mutual-fund/insurance distribution), NBFC lending (~15%; MSME, solar, supply-chain, vehicle, personal loans) and Advisory (~26%; government-infrastructure consulting, investment banking). It both manages/distributes client capital and lends, with diffuse exposure to animal-dependent borrowers/issuers → Orange.",
Edelweiss Financial Services Ltd.,EDELWEISS,INE532F01054,Financial Services,Financial Services,Finance,Holding Company,Orange,"Operates as holding company with diversified investments across sectors, including animal-dependent industries — pharmaceuticals, food processing, and agriculture. Holding companies like Bajaj Finserv and Edelweiss have portfolio exposure to companies conducting animal testing, meat processing, and dairy operations. Investment returns are partially derived from animal exploitation.",
JM Financial Ltd.,JMFINANCIL,INE780C01023,Financial Services,Financial Services,Finance,Holding Company,Orange,"Operates as holding company with diversified investments across sectors, including animal-dependent industries — pharmaceuticals, food processing, and agriculture. Holding companies like Bajaj Finserv and Edelweiss have portfolio exposure to companies conducting animal testing, meat processing, and dairy operations. Investment returns are partially derived from animal exploitation.",
Apollo Hospitals Enterprise Ltd.,APOLLOHOSP,INE437A01024,Healthcare,Healthcare,Healthcare Services,Hospital,Green,"Operates hospitals (~54% of revenue), a pharmacy & digital-health distribution arm (Apollo HealthCo, ~43%) and diagnostics/wellness (AHLL, ~7%). All three are human-healthcare activities — medical care, retail of human medicines, and human diagnostics; it does not farm, manufacture animal-derived products, or conduct animal testing, and medical consumables are incidental. Core business is life-saving human care.",
Aster DM Healthcare Ltd.,ASTERDM,INE914M01019,Healthcare,Healthcare,Healthcare Services,Hospital,Green,"Operates multi-speciality/specialty human hospitals providing medical care, which the framework prioritises as life-saving. Animal-derived medical consumables (sutures, heparin, gelatin, certain animal-tested drugs) are incidental inputs used in treatment, not a revenue source from animal harm. Distinct from pharmaceutical manufacturers and CROs (Red), which produce/test such products as their core business.",
Fortis Healthcare Ltd.,FORTIS,INE061F01013,Healthcare,Healthcare,Healthcare Services,Hospital,Green,"Operates multi-speciality/specialty human hospitals providing medical care, which the framework prioritises as life-saving. Animal-derived medical consumables (sutures, heparin, gelatin, certain animal-tested drugs) are incidental inputs used in treatment, not a revenue source from animal harm. Distinct from pharmaceutical manufacturers and CROs (Red), which produce/test such products as their core business.",
Global Health Ltd.,MEDANTA,INE474Q01031,Healthcare,Healthcare,Healthcare Services,Hospital,Green,"Operates multi-speciality/specialty human hospitals providing medical care, which the framework prioritises as life-saving. Animal-derived medical consumables (sutures, heparin, gelatin, certain animal-tested drugs) are incidental inputs used in treatment, not a revenue source from animal harm. Distinct from pharmaceutical manufacturers and CROs (Red), which produce/test such products as their core business.",
Healthcare Global Enterprises Ltd.,HCG,INE075I01017,Healthcare,Healthcare,Healthcare Services,Hospital,Green,"Operates multi-speciality/specialty human hospitals providing medical care, which the framework prioritises as life-saving. Animal-derived medical consumables (sutures, heparin, gelatin, certain animal-tested drugs) are incidental inputs used in treatment, not a revenue source from animal harm. Distinct from pharmaceutical manufacturers and CROs (Red), which produce/test such products as their core business.",
Jupiter Life Line Hospitals Ltd.,JLHL,INE682M01020,Healthcare,Healthcare,Healthcare Services,Hospital,Green,"Operates multi-speciality/specialty human hospitals providing medical care, which the framework prioritises as life-saving. Animal-derived medical consumables (sutures, heparin, gelatin, certain animal-tested drugs) are incidental inputs used in treatment, not a revenue source from animal harm. Distinct from pharmaceutical manufacturers and CROs (Red), which produce/test such products as their core business.",
Krishna Institute of Medical Sciences Ltd.,KIMS,INE967H01025,Healthcare,Healthcare,Hospital,Hospital,Green,"Operates multi-speciality/specialty human hospitals providing medical care, which the framework prioritises as life-saving. Animal-derived medical consumables (sutures, heparin, gelatin, certain animal-tested drugs) are incidental inputs used in treatment, not a revenue source from animal harm. Distinct from pharmaceutical manufacturers and CROs (Red), which produce/test such products as their core business.",
Max Healthcare Institute Ltd.,MAXHEALTH,INE027H01010,Healthcare,Healthcare,Healthcare Services,Hospital,Green,"Operates multi-speciality/specialty human hospitals providing medical care, which the framework prioritises as life-saving. Animal-derived medical consumables (sutures, heparin, gelatin, certain animal-tested drugs) are incidental inputs used in treatment, not a revenue source from animal harm. Distinct from pharmaceutical manufacturers and CROs (Red), which produce/test such products as their core business.",
Narayana Hrudayalaya Ltd.,NH,INE410P01011,Healthcare,Healthcare,Healthcare Services,Hospital,Green,"Operates multi-speciality/specialty human hospitals providing medical care, which the framework prioritises as life-saving. Animal-derived medical consumables (sutures, heparin, gelatin, certain animal-tested drugs) are incidental inputs used in treatment, not a revenue source from animal harm. Distinct from pharmaceutical manufacturers and CROs (Red), which produce/test such products as their core business.",
Rainbow Childrens Medicare Ltd.,RAINBOW,INE961O01016,Healthcare,Healthcare,Healthcare Services,Hospital,Green,"Operates multi-speciality/specialty human hospitals providing medical care, which the framework prioritises as life-saving. Animal-derived medical consumables (sutures, heparin, gelatin, certain animal-tested drugs) are incidental inputs used in treatment, not a revenue source from animal harm. Distinct from pharmaceutical manufacturers and CROs (Red), which produce/test such products as their core business.",
Yatharth Hospital & Trauma Care Services Ltd.,YATHARTH,INE0JO301016,Healthcare,Healthcare,Healthcare Services,Hospital,Green,"Operates multi-speciality/specialty human hospitals providing medical care, which the framework prioritises as life-saving. Animal-derived medical consumables (sutures, heparin, gelatin, certain animal-tested drugs) are incidental inputs used in treatment, not a revenue source from animal harm. Distinct from pharmaceutical manufacturers and CROs (Red), which produce/test such products as their core business.",
Apeejay Surrendra Park Hotels Ltd.,PARKHOTELS,INE988S01028,Consumer Discretionary,Consumer Services,Leisure Services,"Hotels, Resorts & Cruise Lines",Orange,"Operates The Park and Zone hotels; primarily a room-rental hospitality business where F&B, and the non-vegetarian share of it, is a minority revenue line - a genuine but minority animal-derived stream, so Orange.",
Chalet Hotels Ltd.,CHALET,INE427F01016,Consumer Discretionary,Consumer Services,Leisure Services,"Hotels, Resorts & Cruise Lines",Orange,"Owns and operates upscale hotels (Marriott/Westin) and commercial real estate; non-vegetarian F&B is a minority of a room-rental and real-estate business, so Orange.",
EIH Ltd.,EIHOTEL,INE230A01023,Consumer Discretionary,Consumer Services,Leisure Services,"Hotels, Resorts & Cruise Lines",Orange,"Operates luxury hotels and resorts (Oberoi, Trident). Primary revenue is generated from room accommodations, while hotel restaurant outlets serve non-vegetarian food as a minor operational line, placing the company in Orange under Section 8 and Table 6.",
Indian Hotels Co. Ltd.,INDHOTEL,INE053A01029,Consumer Discretionary,Consumer Services,Leisure Services,"Hotels, Resorts & Cruise Lines",Orange,"Operates luxury hotels and resorts (Taj, Vivanta, SeleQtions). Primary business is lodging and room inventory, while hotel dining facilities serve non-vegetarian food as a minor line (~15-20% food & beverage revenue), placing it in Orange under Section 8 and Table 6.",
Juniper Hotels Ltd.,JUNIPER,INE696F01016,Consumer Discretionary,Consumer Services,Leisure Services,"Hotels, Resorts & Cruise Lines",Orange,"Owns Hyatt-branded luxury hotels; room-rental hospitality with non-vegetarian F&B a minority line, so Orange.",
Lemon Tree Hotels Ltd.,LEMONTREE,INE970X01018,Consumer Discretionary,Consumer Services,Leisure Services,"Hotels, Resorts & Cruise Lines",Orange,"Mid-market hotel chain; room-rental hospitality with non-vegetarian F&B a minority revenue line, so Orange.",
Mahindra Holidays & Resorts India Ltd.,MHRIL,INE998I01010,Consumer Discretionary,Consumer Services,Leisure Services,"Hotels, Resorts & Cruise Lines",Orange,"Vacation-ownership and resorts operator (Club Mahindra); resort F&B and its non-vegetarian share are a minority of a membership and room business, so Orange.",
Samhi Hotels Ltd.,SAMHI,INE08U801020,Consumer Discretionary,Consumer Services,Leisure Services,"Hotels, Resorts & Cruise Lines",Orange,"Branded hotel owner-operator (Marriott/Hyatt/IHG properties); room-rental hospitality with non-vegetarian F&B a minority line, so Orange.",
Amber Enterprises India Ltd.,AMBER,INE371P01015,Consumer Discretionary,Consumer Durables,Consumer Durables,Household Appliances,Green,"Contract manufacturer of room air conditioners and their components, plus electronics and railway subsystems. Metal, plastic and electronic manufacturing with no animal-derived input, so Green.",
Bajaj Electricals Ltd,BAJAJELEC,INE193E01025,Consumer Discretionary,Consumer Durables,Consumer Durables,Household Appliances,Green,"Manufactures fans, lighting, small domestic appliances and undertakes power transmission tower projects. Metal, plastic and electronic manufacturing with no animal-derived input, so Green.",
Blue Star Ltd.,BLUESTARCO,INE472A01039,Consumer Discretionary,Consumer Durables,Consumer Durables,Household Appliances,Green,"Manufactures air conditioning and commercial refrigeration equipment and provides MEP contracting services. Metal, plastic and electronic manufacturing with no animal-derived input, so Green.",
Crompton Greaves Consumer Electricals Ltd.,CROMPTON,INE299U01018,Consumer Discretionary,Consumer Durables,Consumer Durables,Household Appliances,Green,"Manufactures fans, lighting, pumps, water heaters and small domestic appliances. Metal, plastic and electronic manufacturing with no animal-derived input, so Green.",
IFB Industries Ltd.,IFBIND,INE559A01017,Consumer Discretionary,Consumer Durables,Consumer Durables,Household Appliances,Green,"Manufactures washing machines, dishwashers, microwave ovens and other home appliances, alongside fine-blanked engineering components. Metal, plastic and electronic manufacturing with no animal-derived input, so Green.",
Bosch Home Comfort India Ltd.,BOSCH-HCIL,INE782A01015,Consumer Discretionary,Consumer Durables,Consumer Durables,Household Appliances,Green,"Manufactures water heaters and home comfort/heating appliances. Metal, plastic and electronic manufacturing with no animal-derived input, so Green.",
Orient Electric Ltd.,ORIENTELEC,INE142Z01019,Consumer Discretionary,Consumer Durables,Consumer Durables,Household Appliances,Green,"Manufactures fans, lighting, switchgear and small domestic appliances. Metal, plastic and electronic manufacturing with no animal-derived input, so Green.",
Symphony Ltd.,SYMPHONY,INE225D01027,Consumer Discretionary,Consumer Durables,Consumer Durables,Household Appliances,Green,"Manufactures residential, commercial and industrial evaporative air coolers. Metal, plastic and electronic manufacturing with no animal-derived input, so Green.",
V-Guard Industries Ltd.,VGUARD,INE951I01027,Consumer Discretionary,Consumer Durables,Consumer Durables,Household Appliances,Green,"Manufactures voltage stabilisers, wires and cables, pumps, water heaters and kitchen appliances. Metal, plastic and electronic manufacturing with no animal-derived input, so Green.",
Voltas Ltd.,VOLTAS,INE226A01021,Consumer Discretionary,Consumer Durables,Consumer Durables,Household Appliances,Green,"Manufactures and sells air conditioners, refrigerators and washing machines, and undertakes MEP/HVAC projects. Metal, plastic and electronic manufacturing with no animal-derived input, so Green.",
Whirlpool of India Ltd.,WHIRLPOOL,INE716A01013,Consumer Discretionary,Consumer Durables,Consumer Durables,Household Appliances,Green,"Manufactures refrigerators, washing machines, air conditioners and other white goods. Metal, plastic and electronic manufacturing with no animal-derived input, so Green.",
Eveready Industries India Ltd.,EVEREADY,INE128A01029,Fast Moving Consumer Goods,Fast Moving Consumer Goods,Household Products,Household Products,Green,"Manufactures dry-cell batteries (zinc-carbon and alkaline), flashlights and lighting and electrical products. Cells are made from zinc, manganese dioxide, carbon and steel with no material animal-derived input, so Green.",
Jyothy Labs Ltd.,JYOTHYLAB,INE668F01031,Fast Moving Consumer Goods,Fast Moving Consumer Goods,Household Products,Household Products,Orange,"Household-products company whose fabric care (Ujala, Henko), dishwashing (Exo) and Margo soaps are animal-neutral, but which also makes Maxo household insecticides (mosquito coils, aerosols, repellents) — a minority (~4–5% of revenue) but deliberate insect-killing (himsak) line. Orange for that minority harm line: below Red because insecticides are not its core (unlike Godrej Consumer's Good Knight/HIT), above Green because it is a genuine branded insecticide line. Any tallow-based surfactant in soaps is a trace, substitutable input and is not the basis.",
Cello World Ltd.,CELLO,INE0LMW01024,Consumer Discretionary,Consumer Durables,Consumer Durables,Houseware,Green,"Manufactures household items (kitchenware, storage). Uses plastics, metals, and glass. No direct animal testing or animal-derived inputs.",
Aadhar Housing Finance Ltd.,AADHARHFC,INE883F01010,Financial Services,Financial Services,Finance,Housing Finance Company,Green,"Provides home-loan and mortgage financing to retail borrowers, focused on lower-income and affordable housing. Mortgage lending is generic finance with no animal-derived product, so Green.",
Aavas Financiers Ltd.,AAVAS,INE216P01012,Financial Services,Financial Services,Finance,Housing Finance Company,Green,"Provides affordable home-loan and mortgage financing to retail borrowers. Mortgage lending is generic finance with no animal-derived product, so Green.",
Aptus Value Housing Finance India Ltd.,APTUS,INE852O01025,Financial Services,Financial Services,Finance,Housing Finance Company,Green,"Provides affordable home-loan and mortgage financing to self-employed and salaried borrowers. Mortgage lending is generic finance with no animal-derived product, so Green.",
Can Fin Homes Ltd.,CANFINHOME,INE477A01020,Financial Services,Financial Services,Finance,Housing Finance Company,Green,"Provides home-loan and mortgage financing to retail borrowers. Mortgage lending is generic finance with no animal-derived product, so Green.",
Home First Finance Company India Ltd.,HOMEFIRST,INE481N01025,Financial Services,Financial Services,Finance,Housing Finance Company,Green,"Provides affordable home-loan and mortgage financing to retail borrowers. Mortgage lending is generic finance with no animal-derived product, so Green.",
India Shelter Finance Corporation Ltd.,INDIASHLTR,INE922K01024,Financial Services,Financial Services,Finance,Housing Finance Company,Green,"Provides affordable home-loan and mortgage financing to retail borrowers. Mortgage lending is generic finance with no animal-derived product, so Green.",
LIC Housing Finance Ltd.,LICHSGFIN,INE115A01026,Financial Services,Financial Services,Finance,Housing Finance Company,Green,"Provides home-loan and mortgage financing to retail and project borrowers. Mortgage lending is generic finance with no animal-derived product, so Green.",
PNB Housing Finance Ltd.,PNBHOUSING,INE572E01012,Financial Services,Financial Services,Finance,Housing Finance Company,Green,"Provides home-loan and mortgage financing to retail and corporate borrowers. Mortgage lending is generic finance with no animal-derived product, so Green.",
Sammaan Capital Ltd.,SAMMAANCAP,INE148I01020,Financial Services,Financial Services,Finance,Housing Finance Company,Green,"Operates as a housing-finance and mortgage lender (formerly Indiabulls Housing Finance). Mortgage lending is generic finance with no animal-derived product, so Green.",
Linde India Ltd.,LINDEINDIA,INE473A01011,Commodities,Chemicals,Chemicals & Petrochemicals,Industrial Gases,Green,"Manufactures and supplies industrial and medical gases (oxygen, nitrogen, argon, hydrogen, CO2) by air separation - inorganic with no material animal-derived input, so Green.",
Gravita India Ltd.,GRAVITA,INE024L01027,Commodities,Metals & Mining,Minerals & Mining,Industrial Minerals,Green,"Extracts and processes industrial minerals (manganese, limestone, dolomite). Mining operations do not directly involve animal testing or animal-derived inputs.",
Gujarat Mineral Development Corporation Ltd.,GMDCLTD,INE131A01031,Commodities,Metals & Mining,Minerals & Mining,Industrial Minerals,Green,"Extracts and processes industrial minerals (manganese, limestone, dolomite). Mining operations do not directly involve animal testing or animal-derived inputs.",
MOIL Ltd.,MOIL,INE490G01020,Commodities,Metals & Mining,Minerals & Mining,Industrial Minerals,Green,"Extracts and processes industrial minerals (manganese, limestone, dolomite). Mining operations do not directly involve animal testing or animal-derived inputs.",
NMDC Ltd.,NMDC,INE584A01023,Commodities,Metals & Mining,Minerals & Mining,Industrial Minerals,Green,"Extracts and processes industrial minerals (manganese, limestone, dolomite). Mining operations do not directly involve animal testing or animal-derived inputs.",
Orissa Min Dev Co Ltd.,ORISSAMINE,INE725E01024,Commodities,Metals & Mining,Minerals & Mining,Industrial Minerals,Green,"Extracts and processes industrial minerals (manganese, limestone, dolomite). Mining operations do not directly involve animal testing or animal-derived inputs.",
Cyient DLM Ltd.,CYIENTDLM,INE055S01018,Industrials,Capital Goods,Industrial Manufacturing,Industrial Products,Green,"Provides electronics-manufacturing services (EMS) - printed-circuit-board assembly, box builds and cable and wire harnesses - for aerospace, defence, medical and industrial customers. Electronics assembly uses no animal-derived input, so Green.",
Dynamatic Technologies Ltd.,DYNAMATECH,INE221B01012,Industrials,Capital Goods,Industrial Manufacturing,Industrial Products,Green,"Manufactures aerospace structures and components, hydraulic gear pumps and precision automotive/engineering components - engineered metal products; any lubricants or cutting fluids used in manufacturing are mineral/synthetic operational consumables, not a product and not a basis for escalation, so Green.",
GMM Pfaudler Ltd.,GMMPFAUDLR,INE541A01023,Industrials,Capital Goods,Industrial Manufacturing,Industrial Products,Green,"Manufactures glass-lined reactors, vessels and process equipment for the chemical and pharma industries - engineered steel/glass capital goods with no material animal-derived input; manufacturing lubricants/cutting fluids are non-material operational consumables, so Green.",
Honeywell Automation India Ltd.,HONAUT,INE671A01010,Industrials,Capital Goods,Industrial Manufacturing,Industrial Products,Green,"Provides industrial automation, process-control systems and building and safety technologies. Electronics- and software-led engineering with no animal-derived input, so Green.",
Jyoti CNC Automation Ltd.,JYOTICNC,INE980O01024,Industrials,Capital Goods,Industrial Manufacturing,Industrial Products,Green,"Manufactures CNC machine tools (turning, milling, multi-tasking) for metalworking. Engineered metal products with no animal-derived input, so Green.",
Kaynes Technology India Ltd.,KAYNES,INE918Z01012,Industrials,Capital Goods,Industrial Manufacturing,Industrial Products,Green,"An electronics-manufacturing-services (EMS) company building PCB assemblies and electronic systems - electronics engineering with no animal-derived input; any manufacturing lubricants/cutting fluids are non-material operational consumables, so Green.",
LMW Ltd.,LMW,INE269B01029,Industrials,Capital Goods,Industrial Manufacturing,Industrial Products,Green,"Manufactures textile spinning machinery (the dominant division), CNC machine tools, precision castings and, through its Advanced Technology Centre, components and sub-assemblies for the civil aerospace sector. Machinery manufacture with no animal-derived input and no weapons production, so Green. (Corrects a justification and Orange band previously carried over in error from L&T.)",
Lloyds Engineering Works Ltd.,LLOYDSENGG,INE093R01011,Industrials,Capital Goods,Industrial Manufacturing,Industrial Products,Green,"Manufactures process and material-handling equipment for oil & gas, steel and power plants - engineered metal capital goods with no material animal-derived input; manufacturing lubricants/cutting fluids are non-material operational consumables, so Green.",
Praj Industries Ltd.,PRAJIND,INE074A01025,Industrials,Capital Goods,Industrial Manufacturing,Industrial Products,Green,"Engineers and builds ethanol and bioenergy plants, brewery and distillery process systems, and water and wastewater treatment. Process-engineering capital goods with no animal-derived input, so Green.",
Syrma SGS Technology Ltd.,SYRMA,INE0DYJ01015,Industrials,Capital Goods,Industrial Manufacturing,Industrial Products,Green,"An electronics-manufacturing-services (EMS) company making PCB assemblies, electromechanical and RFID products - electronics engineering with no animal-derived input; any manufacturing lubricants/cutting fluids are non-material operational consumables, so Green.",
Tega Industries Ltd.,TEGA,INE011K01018,Industrials,Capital Goods,Industrial Manufacturing,Industrial Products,Green,"Manufactures mill liners, wear-resistant linings and consumables for mineral processing and mining. Polymer and metal industrial products with no animal-derived input, so Green - consistent with the mining sector and AIA grinding media.",
Texmaco Rail & Eng. Ltd.,TEXRAIL,INE621L01012,Industrials,Capital Goods,Industrial Manufacturing,Industrial Products,Green,"Manufactures railway freight wagons, steel castings and rail/hydro-mechanical engineering equipment - engineered metal products with no material animal-derived input; manufacturing lubricants/cutting fluids are non-material operational consumables, so Green.",
Adani Power Ltd.,ADANIPOWER,INE814H01029,Utilities,Power,Power,Power,Green,"Generates, transmits, and distributes electrical power. Utility operations do not directly involve animal harm.",
CESC Ltd.,CESC,INE486A01021,Utilities,Power,Power,Power,Green,"Generates, transmits, and distributes electrical power. Utility operations do not directly involve animal harm.",
Reliance Infrastructure Ltd.,RELINFRA,INE036A01016,Utilities,Power,Power,Power,Orange,"Primarily a power utility and EPC group, but its Reliance Defence arm has moved from development into production: the first private Indian maker of next-generation 155mm artillery ammunition (as DRDO/ARDE design-cum-production partner), with exports underway (~₹100 crore in early 2026 and ₹1,500–3,000 crore targeted by FY27), partnerships with Rheinmetall (explosives and propellants) and Diehl Defence (Vulcano precision-guided munitions), and the ₹5,000 crore Dhirubhai Ambani Defence City at Ratnagiri (capacity of 200,000 artillery shells, 10,000 tonnes of explosives and 2,000 tonnes of propellants a year). A genuine, revenue-generating munitions line: Orange, with annual review toward Red as the revenue share scales.",
Tata Power Co. Ltd.,TATAPOWER,INE245A01021,Utilities,Power,Power,Power,Green,"Generates, transmits, and distributes electrical power. Utility operations do not directly involve animal harm.",
Torrent Power Ltd.,TORNTPOWER,INE813H01021,Utilities,Power,Power,Power,Green,"Generates, transmits, and distributes electrical power. Utility operations do not directly involve animal harm.",
Indiamart Intermesh Ltd.,INDIAMART,INE933S01016,Consumer Discretionary,Consumer Services,Retailing,Internet & Catalogue Retail,Green,"Operates India's largest B2B online marketplace - a listing and lead-generation directory connecting buyers and suppliers across thousands of categories on a subscription model rather than transacting goods. Any animal-product listing is incidental, so Green - consistent with Justdial.",
Info Edge (India) Ltd.,NAUKRI,INE663F01032,Consumer Discretionary,Consumer Services,Retailing,Internet & Catalogue Retail,Green,"Operates online classifieds and information platforms - Naukri.com (recruitment), 99acres (real estate), Jeevansathi (matrimony) and Shiksha (education) - and holds startup investments. These are listing and services platforms with no animal-derived product, so Green.",
Justdial Ltd.,JUSTDIAL,INE599M01018,Consumer Discretionary,Consumer Services,Retailing,Internet & Catalogue Retail,Green,Operates internet or catalogue retail platforms facilitating sale of various products including animal-derived items. Platform revenue includes commissions on animal product sales.,
Aditya Birla Capital Ltd.,ABCAPITAL,INE674K01013,Financial Services,Financial Services,Finance,Investment Company,Orange,Operates as investment company with portfolios that include equity and debt instruments issued by animal-dependent companies. Capital deployed by investment companies enables animal-harming industries to expand operations.,
Cholamandalam Financial Holdings Ltd.,CHOLAHLDNG,INE149A01033,Financial Services,Financial Services,Finance,Investment Company,Orange,Operates as investment company with portfolios that include equity and debt instruments issued by animal-dependent companies. Capital deployed by investment companies enables animal-harming industries to expand operations.,
L&T Finance Ltd.,LTF,INE498L01015,Financial Services,Financial Services,Finance,Investment Company,Orange,Operates as investment company with portfolios that include equity and debt instruments issued by animal-dependent companies. Capital deployed by investment companies enables animal-harming industries to expand operations.,
Religare Enterprises Ltd.,RELIGARE,INE621H01010,Financial Services,Financial Services,Finance,Investment Company,Orange,Operates as investment company with portfolios that include equity and debt instruments issued by animal-dependent companies. Capital deployed by investment companies enables animal-harming industries to expand operations.,
Tata Investment Corporation Ltd.,TATAINVEST,INE672A01026,Financial Services,Financial Services,Finance,Investment Company,Orange,Operates as investment company with portfolios that include equity and debt instruments issued by animal-dependent companies. Capital deployed by investment companies enables animal-harming industries to expand operations.,
JSW Steel Ltd.,JSWSTEEL,INE019A01038,Commodities,Metals & Mining,Ferrous Metals,Iron & Steel,Green,Manufactures iron and steel products through blast furnace or electric arc furnace processing. Metal smelting and fabrication does not involve animal testing or animal-derived inputs.,
Jai Balaji Industries Ltd.,JAIBALAJI,INE091G01026,Commodities,Metals & Mining,Ferrous Metals,Iron & Steel,Green,Manufactures iron and steel products through blast furnace or electric arc furnace processing. Metal smelting and fabrication does not involve animal testing or animal-derived inputs.,
Jindal Stainless Ltd.,JSL,INE220G01021,Commodities,Metals & Mining,Ferrous Metals,Iron & Steel,Green,Manufactures iron and steel products through blast furnace or electric arc furnace processing. Metal smelting and fabrication does not involve animal testing or animal-derived inputs.,
Jindal Steel & Power Ltd.,JINDALSTEL,INE749A01030,Commodities,Metals & Mining,Ferrous Metals,Iron & Steel,Green,Manufactures iron and steel products through blast furnace or electric arc furnace processing. Metal smelting and fabrication does not involve animal testing or animal-derived inputs.,
NMDC Steel Ltd.,NSLNISP,INE0NNS01018,Commodities,Metals & Mining,Ferrous Metals,Iron & Steel,Green,Manufactures iron and steel products through blast furnace or electric arc furnace processing. Metal smelting and fabrication does not involve animal testing or animal-derived inputs.,
Sarda Energy and Minerals Ltd.,SARDAEN,INE385C01021,Commodities,Metals & Mining,Ferrous Metals,Iron & Steel,Green,Manufactures iron and steel products through blast furnace or electric arc furnace processing. Metal smelting and fabrication does not involve animal testing or animal-derived inputs.,
Steel Authority of India Ltd.,SAIL,INE114A01011,Commodities,Metals & Mining,Ferrous Metals,Iron & Steel,Green,Manufactures iron and steel products through blast furnace or electric arc furnace processing. Metal smelting and fabrication does not involve animal testing or animal-derived inputs.,
Sunflag Iron & Steel Company Ltd.,SUNFLAG,INE947A01014,Commodities,Metals & Mining,Ferrous Metals,Iron & Steel,Green,Manufactures iron and steel products through blast furnace or electric arc furnace processing. Metal smelting and fabrication does not involve animal testing or animal-derived inputs.,
Tata Steel Ltd.,TATASTEEL,INE081A01020,Commodities,Metals & Mining,Ferrous Metals,Iron & Steel,Green,Manufactures iron and steel products through blast furnace or electric arc furnace processing. Metal smelting and fabrication does not involve animal testing or animal-derived inputs.,
APL Apollo Tubes Ltd.,APLAPOLLO,INE702C01027,Industrials,Capital Goods,Industrial Products,Iron & Steel Products,Green,"Manufactures steel products (tubes, pipes,Structural sections). Metal fabrication does not involve animal testing or animal-derived inputs.",
Electrosteel Castings Ltd.,ELECTCAST,INE086A01029,Industrials,Capital Goods,Industrial Products,Iron & Steel Products,Green,"Manufactures ductile iron pipes, fittings and cast iron pipes for water and sewage infrastructure. Ferrous metallurgy with no animal-derived input, so Green.",
JTL Industries Ltd.,JTLIND,INE391J01032,Industrials,Capital Goods,Industrial Products,Iron & Steel Products,Green,"Manufactures steel products (tubes, pipes,Structural sections). Metal fabrication does not involve animal testing or animal-derived inputs.",
Kalyani Steels Ltd.,KSL,INE907A01026,Industrials,Capital Goods,Industrial Products,Iron & Steel Products,Green,"Manufactures forging- and engineering-quality alloy steel for the automotive, engineering and infrastructure sectors. Ferrous metallurgy with no animal-derived input, so Green.",
Maharashtra Seamless Ltd.,MAHSEAMLES,INE271B01025,Industrials,Capital Goods,Industrial Products,Iron & Steel Products,Green,"Manufactures steel products (tubes, pipes,Structural sections). Metal fabrication does not involve animal testing or animal-derived inputs.",
Ratnamani Metals & Tubes Ltd.,RATNAMANI,INE703B01027,Industrials,Capital Goods,Industrial Products,Iron & Steel Products,Green,"Manufactures steel products (tubes, pipes,Structural sections). Metal fabrication does not involve animal testing or animal-derived inputs.",
Shivalik Bimetal Controls Ltd.,SBCL,INE386D01027,Industrials,Capital Goods,Industrial Products,Iron & Steel Products,Green,"Manufactures thermostatic bimetal strips, shunt resistors and electron-beam welded precision components. Metal fabrication with no animal-derived input, so Green.",
Shyam Metalics and Energy Ltd.,SHYAMMETL,INE810G01011,Industrials,Capital Goods,Industrial Products,Iron & Steel Products,Green,"Integrated metals producer - sponge iron, billets, structural steel, ferro alloys, aluminium foil and captive power. Metallurgy with no animal-derived input, so Green.",
Surya Roshni Ltd.,SURYAROSNI,INE335A01020,Industrials,Capital Goods,Industrial Products,Other Electrical Equipment,Green,"Manufactures ERW steel pipes and tubes alongside lighting and consumer electrical products. Metal fabrication and electricals with no animal-derived input, so Green.",
Technocraft Industries (India) Ltd.,TIIL,INE545H01011,Industrials,Capital Goods,Industrial Products,Iron & Steel Products,Green,"Manufactures steel tubes, scaffolding and formwork systems, drum closures and cotton yarn. Metal fabrication and cotton textiles with no animal-derived input, so Green.",
Usha Martin Ltd.,USHAMART,INE228A01035,Industrials,Capital Goods,Industrial Products,Iron & Steel Products,Green,"World-scale manufacturer of steel wire ropes, strands and related products for mining, cranes, elevators and offshore. Metal fabrication with no animal-derived input, so Green.",
Venus Pipes & Tubes Ltd.,VENUSPIPES,INE0JA001018,Industrials,Capital Goods,Industrial Products,Iron & Steel Products,Green,"Manufactures steel products (tubes, pipes,Structural sections). Metal fabrication does not involve animal testing or animal-derived inputs.",
Welspun Corp Ltd.,WELCORP,INE191B01025,Industrials,Capital Goods,Industrial Products,Iron & Steel Products,Green,"Manufactures steel products (tubes, pipes,Structural sections). Metal fabrication does not involve animal testing or animal-derived inputs.",
Affle (India) Ltd.,AFFLE,INE00WC01027,Media,"Media, Entertainment & Publication",Media,Media & Entertainment,Green,"Provides advertising, marketing, and media planning services. Service operations do not directly involve animal testing or animal-derived inputs.",
Cigniti Technologies Ltd.,CIGNITITEC,INE675C01017,Information Technology,Information Technology,IT - Services,IT Enabled Services,Green,"Provides generic technology services including software development, IT consulting, and technology-enabled services with a diverse client base across industries. No material involvement in animal harm.",[DELISTED — merged into Coforge Ltd. (INE591G01025)]
Cyient Ltd.,CYIENT,INE136B01020,Information Technology,Information Technology,IT - Services,IT Enabled Services,Green,"Provides generic technology services including software development, IT consulting, and technology-enabled services with a diverse client base across industries. No material involvement in animal harm.",
Datamatics Global Services Ltd.,DATAMATICS,INE365B01017,Information Technology,Information Technology,IT - Services,IT Enabled Services,Green,"Provides generic technology services including software development, IT consulting, and technology-enabled services with a diverse client base across industries. No material involvement in animal harm.",
L&T Technology Services Ltd.,LTTS,INE010V01017,Information Technology,Information Technology,IT - Services,IT Enabled Services,Green,"Provides generic technology services including software development, IT consulting, and technology-enabled services with a diverse client base across industries. No material involvement in animal harm.",
Tata Technologies Ltd.,TATATECH,INE142M01025,Information Technology,Information Technology,IT - Services,IT Enabled Services,Green,"Provides generic technology services including software development, IT consulting, and technology-enabled services with a diverse client base across industries. No material involvement in animal harm.",
eMudhra Ltd.,EMUDHRA,INE01QM01018,Information Technology,Information Technology,IT - Services,IT Enabled Services,Green,"Provides generic technology services including software development, IT consulting, and technology-enabled services with a diverse client base across industries. No material involvement in animal harm.",
HDFC Life Insurance Company Ltd.,HDFCLIFE,INE795G01014,Financial Services,Financial Services,Insurance,Insurance,Green,"Life insurer providing protection and savings products to individuals. Risk protection of human life is animal-neutral, so Green.",
ICICI Prudential Life Insurance Company Ltd.,ICICIPRULI,INE726G01019,Financial Services,Financial Services,Insurance,Insurance,Green,"Life insurer providing protection and savings products to individuals. Risk protection of human life is animal-neutral, so Green.",
Life Insurance Corporation of India,LICI,INE0J1Y01017,Financial Services,Financial Services,Insurance,Insurance,Green,"India's largest life insurer providing protection and savings products to individuals. Risk protection of human life is animal-neutral, so Green.",
Max Financial Services Ltd.,MFSL,INE180A01020,Financial Services,Financial Services,Insurance,Insurance,Green,"Holding company of Max Life Insurance; value derives almost entirely from the life-insurance business (protection and savings for individuals). Risk protection of human life is animal-neutral, so Green.",
SBI Life Insurance Company Ltd.,SBILIFE,INE123W01016,Financial Services,Financial Services,Insurance,Insurance,Green,"Life insurer providing protection and savings products to individuals. Risk protection of human life is animal-neutral, so Green.",
Allcargo Logistics Ltd.,ALLCARGO,INE418H01029,Services,Services,Transport Services,Logistics Solution Provider,Green,"Freight forwarding, container logistics and supply-chain services moving third-party cargo it does not own; animal-derived goods are a small, unchosen fraction and it sells no animal product. Tertiary link → Green.",
Blue Dart Express Ltd.,BLUEDART,INE233B01017,Services,Services,Transport Services,Logistics Solution Provider,Green,Express courier and parcel-delivery carrying third-party shipments it does not own; animal-derived items are a negligible fraction. Tertiary link → Green.,
Container Corporation of India Ltd.,CONCOR,INE111A01025,Services,Services,Transport Services,Logistics Solution Provider,Green,Rail-based container logistics and inland-terminal operator handling third-party containerised cargo it does not own. Tertiary link → Green.,
Delhivery Ltd.,DELHIVERY,INE148O01028,Services,Services,Transport Services,Logistics Solution Provider,Green,E-commerce parcel logistics and supply-chain company carrying third-party shipments it does not own. Tertiary link → Green.,
Gateway Distriparks Ltd.,GATEWAY,INE079J01017,Services,Services,Transport Services,Logistics Solution Provider,Green,"Container freight stations, inland depots and rail logistics handling third-party cargo it does not own. Tertiary link → Green.",
Mahindra Logistics Ltd.,MAHLOG,INE766P01016,Services,Services,Transport Services,Logistics Solution Provider,Green,Third-party logistics (3PL) and supply-chain provider moving clients' goods it does not own. Tertiary link → Green.,
TCI Express Ltd.,TCIEXP,INE586V01016,Services,Services,Transport Services,Logistics Solution Provider,Green,Express cargo and parcel-delivery carrying third-party shipments it does not own. Tertiary link → Green.,
TVS Supply Chain Solutions Ltd.,TVSSCS,INE395N01027,Services,Services,Transport Services,Logistics Solution Provider,Green,Integrated supply-chain and logistics provider managing third-party goods movement it does not own. Tertiary link → Green.,
Adani Total Gas Ltd.,ATGL,INE399L01023,Energy,"Oil, Gas & Consumable Fuels",Gas,LPG/CNG/PNG/LNG Supplier,Green,Distributes natural gas / LPG / CNG — a neutral energy utility. Supplying gas to all industries (some of which are animal-linked) is a tertiary downstream link that does not escalate the rating. Green.,
Confidence Petroleum India Ltd.,CONFIPET,INE552D01024,Energy,"Oil, Gas & Consumable Fuels",Gas,LPG/CNG/PNG/LNG Supplier,Green,Distributes natural gas / LPG / CNG — a neutral energy utility. Supplying gas to all industries (some of which are animal-linked) is a tertiary downstream link that does not escalate the rating. Green.,
Gujarat Energy Ltd.,GUJENERGY,INE844O01030,Energy,"Oil, Gas & Consumable Fuels",Gas,LPG/CNG/PNG/LNG Supplier,Green,Distributes natural gas / LPG / CNG — a neutral energy utility. Supplying gas to all industries (some of which are animal-linked) is a tertiary downstream link that does not escalate the rating. Green.,
Indraprastha Gas Ltd.,IGL,INE203G01027,Energy,"Oil, Gas & Consumable Fuels",Gas,LPG/CNG/PNG/LNG Supplier,Green,Distributes natural gas / LPG / CNG — a neutral energy utility. Supplying gas to all industries (some of which are animal-linked) is a tertiary downstream link that does not escalate the rating. Green.,
Mahanagar Gas Ltd.,MGL,INE002S01010,Energy,"Oil, Gas & Consumable Fuels",Gas,LPG/CNG/PNG/LNG Supplier,Green,Distributes natural gas / LPG / CNG — a neutral energy utility. Supplying gas to all industries (some of which are animal-linked) is a tertiary downstream link that does not escalate the rating. Green.,
Petronet LNG Ltd.,PETRONET,INE347G01014,Energy,"Oil, Gas & Consumable Fuels",Gas,LPG/CNG/PNG/LNG Supplier,Green,Distributes natural gas / LPG / CNG — a neutral energy utility. Supplying gas to all industries (some of which are animal-linked) is a tertiary downstream link that does not escalate the rating. Green.,
Castrol India Ltd.,CASTROLIND,INE172A01027,Energy,"Oil, Gas & Consumable Fuels",Petroleum Products,Lubricants,Green,Blends automotive and industrial lubricants and greases on petroleum-derived (mineral) and synthetic base oils. Any animal-linked component (e.g. stearic acid or tallow-based additive) is a trace additive at most and increasingly plant-sourced — not a material input. No direct animal harm.,
Gulf Oil Lubricants India Ltd.,GULFOILLUB,INE635Q01029,Energy,"Oil, Gas & Consumable Fuels",Petroleum Products,Lubricants,Green,"Manufactures automotive and industrial lubricants and greases on petroleum/synthetic base oils. Animal-derived additives are trace and incidental, not a material input. No direct animal harm.",
Veedol Corporation Ltd.,VEEDOL,INE484C01030,Energy,"Oil, Gas & Consumable Fuels",Petroleum Products,Lubricants,Green,"Manufactures automotive and industrial lubricants and greases on petroleum/synthetic base oils. Animal-derived additives are trace and incidental, not a material input. No direct animal harm.",
Venky's (India) Ltd.,VENKEYS,INE398A01010,Fast Moving Consumer Goods,Fast Moving Consumer Goods,Food Products,Meat Products including Poultry,Red,"Directly processes and sells chicken, mutton, and other meat products. Core business involves purchasing live animals and slaughtering them for human consumption. Includes broiler poultry farming and processing operations.",
Network18 Media & Investments Ltd.,NETWORK18,INE870H01013,Consumer Discretionary,"Media, Entertainment & Publication",Entertainment,Media & Entertainment,Green,"Operates news and entertainment broadcasting, digital media and publishing. Content, carriage and advertising are animal-neutral services; carrying advertising for, or programming about, other industries is expressly not a basis under Section 6, and the company sells no animal-derived product, so Green.",
Saregama India Ltd,SAREGAMA,INE979A01025,Consumer Discretionary,"Media, Entertainment & Publication",Entertainment,Media & Entertainment,Green,"Music label and content company - recorded music, publishing, films and digital licensing (Carvaan hardware included). Content and licensing revenue is animal-neutral and the company sells no animal-derived product, so Green.",
Tips Music Ltd.,TIPSMUSIC,INE716B01029,Consumer Discretionary,"Media, Entertainment & Publication",Entertainment,Media & Entertainment,Green,"Music label owning and licensing a film and non-film music catalogue across streaming platforms. Content licensing is animal-neutral with no animal-derived product line, so Green.",
Poly Medicure Ltd.,POLYMED,INE205C01021,Healthcare,Healthcare,Healthcare Equipment & Supplies,Medical Equipment & Supplies,Red,"Manufactures medical devices and disposables in which animal-derived material is built into the product - bovine/porcine tissue components and heparin-coated devices. Where an animal-derived material is built into the device, the maker is Red under Section 8 (contrast Cupid, whose latex and diagnostic products contain none).",
CreditAccess Grameen Ltd.,CREDITACC,INE741K01010,Financial Services,Financial Services,Finance,Microfinance Institutions,Orange,"Provides micro-loans to rural/low-income women for income generation. A meaningful share of loans fund animal husbandry — dairy cattle, goats and poultry — a common rural livelihood, alongside petty trade, agriculture and services. Genuine but below-threshold animal-dependent lending → Orange.",
Fusion Finance Ltd.,FUSION,INE139R01012,Financial Services,Financial Services,Finance,Microfinance Institutions,Orange,"Provides micro-loans to rural/low-income women for income generation. A meaningful share of loans fund animal husbandry — dairy cattle, goats and poultry — a common rural livelihood, alongside petty trade, agriculture and services. Genuine but below-threshold animal-dependent lending → Orange.",
Muthoot Microfin Ltd.,MUTHOOTMF,INE046W01019,Financial Services,Financial Services,Finance,Microfinance Institutions,Orange,"Provides micro-loans to rural/low-income women for income generation. A meaningful share of loans fund animal husbandry — dairy cattle, goats and poultry — a common rural livelihood, alongside petty trade, agriculture and services. Genuine but below-threshold animal-dependent lending → Orange.",
Spandana Sphoorty Financial Ltd.,SPANDANA,INE572J01011,Financial Services,Financial Services,Finance,Microfinance Institutions,Orange,"Provides micro-loans to rural/low-income women for income generation. A meaningful share of loans fund animal husbandry — dairy cattle, goats and poultry — a common rural livelihood, alongside petty trade, agriculture and services. Genuine but below-threshold animal-dependent lending → Orange.",
Sanghvi Movers Ltd.,SANGHVIMOV,INE989A01032,#N/A,#N/A,Construction Vehicles,Miscellaneous,Green,"Provides heavy-lift crane rental for infrastructure, power, refinery and wind-energy projects; owns and operates cranes (metal machinery) with no animal-derived input, so Green.",
Bajaj Finance Ltd.,BAJFINANCE,INE296A01032,Financial Services,Financial Services,Finance,Non Banking Financial Company (NBFC),Orange,"Diversified NBFC lending across consumer durables, personal loans, SME, mortgages and rural finance. Direct lending to animal-harm sectors (poultry, dairy, meat, leather) is a small minority of a broad book; it enables such borrowers non-trivially but well below a substantial threshold → Orange.",
Capri Global Capital Ltd.,CGCL,INE180C01042,Financial Services,Financial Services,Finance,Non Banking Financial Company (NBFC),Orange,"Provides lending and credit services where loan portfolios include exposure to animal-dependent sectors — poultry farming, dairy cooperatives, leather tanneries, and pharmaceutical companies conducting animal testing. NBFCs like Bajaj Finance and Shriram Finance lend to agricultural borrowers, including meat and dairy producers. While the lending operation itself is non-violent, the capital deployed enables scale in animal-harming industries. No Indian NBFC systematically screens loan books for animal welfare criteria.",
Cholamandalam Investment and Finance Company Ltd.,CHOLAFIN,INE121A01024,Financial Services,Financial Services,Finance,Non Banking Financial Company (NBFC),Orange,"Provides lending and credit services where loan portfolios include exposure to animal-dependent sectors — poultry farming, dairy cooperatives, leather tanneries, and pharmaceutical companies conducting animal testing. NBFCs like Bajaj Finance and Shriram Finance lend to agricultural borrowers, including meat and dairy producers. While the lending operation itself is non-violent, the capital deployed enables scale in animal-harming industries. No Indian NBFC systematically screens loan books for animal welfare criteria.",
Five-Star Business Finance Ltd.,FIVESTAR,INE128S01021,Financial Services,Financial Services,Finance,Non Banking Financial Company (NBFC),Orange,"Provides lending and credit services where loan portfolios include exposure to animal-dependent sectors — poultry farming, dairy cooperatives, leather tanneries, and pharmaceutical companies conducting animal testing. NBFCs like Bajaj Finance and Shriram Finance lend to agricultural borrowers, including meat and dairy producers. While the lending operation itself is non-violent, the capital deployed enables scale in animal-harming industries. No Indian NBFC systematically screens loan books for animal welfare criteria.",
IIFL Finance Ltd.,IIFL,INE530B01024,Financial Services,Financial Services,Finance,Non Banking Financial Company (NBFC),Orange,"Provides lending and credit services where loan portfolios include exposure to animal-dependent sectors — poultry farming, dairy cooperatives, leather tanneries, and pharmaceutical companies conducting animal testing. NBFCs like Bajaj Finance and Shriram Finance lend to agricultural borrowers, including meat and dairy producers. While the lending operation itself is non-violent, the capital deployed enables scale in animal-harming industries. No Indian NBFC systematically screens loan books for animal welfare criteria.",
Jio Financial Services Ltd.,JIOFIN,INE758E01017,Financial Services,Financial Services,Finance,Non Banking Financial Company (NBFC),Orange,"Provides lending and credit services where loan portfolios include exposure to animal-dependent sectors — poultry farming, dairy cooperatives, leather tanneries, and pharmaceutical companies conducting animal testing. NBFCs like Bajaj Finance and Shriram Finance lend to agricultural borrowers, including meat and dairy producers. While the lending operation itself is non-violent, the capital deployed enables scale in animal-harming industries. No Indian NBFC systematically screens loan books for animal welfare criteria.",
Mahindra & Mahindra Financial Services Ltd.,M&MFIN,INE774D01024,Financial Services,Financial Services,Finance,Non Banking Financial Company (NBFC),Orange,"Provides lending and credit services where loan portfolios include exposure to animal-dependent sectors — poultry farming, dairy cooperatives, leather tanneries, and pharmaceutical companies conducting animal testing. NBFCs like Bajaj Finance and Shriram Finance lend to agricultural borrowers, including meat and dairy producers. While the lending operation itself is non-violent, the capital deployed enables scale in animal-harming industries. No Indian NBFC systematically screens loan books for animal welfare criteria.",
Manappuram Finance Ltd.,MANAPPURAM,INE522D01027,Financial Services,Financial Services,Finance,Non Banking Financial Company (NBFC),Orange,"Provides lending and credit services where loan portfolios include exposure to animal-dependent sectors — poultry farming, dairy cooperatives, leather tanneries, and pharmaceutical companies conducting animal testing. NBFCs like Bajaj Finance and Shriram Finance lend to agricultural borrowers, including meat and dairy producers. While the lending operation itself is non-violent, the capital deployed enables scale in animal-harming industries. No Indian NBFC systematically screens loan books for animal welfare criteria.",
Muthoot Finance Ltd.,MUTHOOTFIN,INE414G01012,Financial Services,Financial Services,Finance,Non Banking Financial Company (NBFC),Orange,"Provides lending and credit services where loan portfolios include exposure to animal-dependent sectors — poultry farming, dairy cooperatives, leather tanneries, and pharmaceutical companies conducting animal testing. NBFCs like Bajaj Finance and Shriram Finance lend to agricultural borrowers, including meat and dairy producers. While the lending operation itself is non-violent, the capital deployed enables scale in animal-harming industries. No Indian NBFC systematically screens loan books for animal welfare criteria.",
Paisalo Digital Ltd.,PAISALO,INE420C01059,Financial Services,Financial Services,Finance,Non Banking Financial Company (NBFC),Orange,"Provides lending and credit services where loan portfolios include exposure to animal-dependent sectors — poultry farming, dairy cooperatives, leather tanneries, and pharmaceutical companies conducting animal testing. NBFCs like Bajaj Finance and Shriram Finance lend to agricultural borrowers, including meat and dairy producers. While the lending operation itself is non-violent, the capital deployed enables scale in animal-harming industries. No Indian NBFC systematically screens loan books for animal welfare criteria.",
Piramal Enterprises Ltd.,PEL,INE140A01024,Financial Services,Financial Services,Finance,Non Banking Financial Company (NBFC),Orange,"Provides lending and credit services where loan portfolios include exposure to animal-dependent sectors — poultry farming, dairy cooperatives, leather tanneries, and pharmaceutical companies conducting animal testing. NBFCs like Bajaj Finance and Shriram Finance lend to agricultural borrowers, including meat and dairy producers. While the lending operation itself is non-violent, the capital deployed enables scale in animal-harming industries. No Indian NBFC systematically screens loan books for animal welfare criteria.",[DELISTED — merged into Piramal Finance Ltd. (INE202B01038)]
Poonawalla Fincorp Ltd.,POONAWALLA,INE511C01022,Financial Services,Financial Services,Finance,Non Banking Financial Company (NBFC),Orange,"Provides lending and credit services where loan portfolios include exposure to animal-dependent sectors — poultry farming, dairy cooperatives, leather tanneries, and pharmaceutical companies conducting animal testing. NBFCs like Bajaj Finance and Shriram Finance lend to agricultural borrowers, including meat and dairy producers. While the lending operation itself is non-violent, the capital deployed enables scale in animal-harming industries. No Indian NBFC systematically screens loan books for animal welfare criteria.",
SBFC Finance Ltd.,SBFC,INE423Y01016,Financial Services,Financial Services,Finance,Non Banking Financial Company (NBFC),Orange,"Provides lending and credit services where loan portfolios include exposure to animal-dependent sectors — poultry farming, dairy cooperatives, leather tanneries, and pharmaceutical companies conducting animal testing. NBFCs like Bajaj Finance and Shriram Finance lend to agricultural borrowers, including meat and dairy producers. While the lending operation itself is non-violent, the capital deployed enables scale in animal-harming industries. No Indian NBFC systematically screens loan books for animal welfare criteria.",
SBI Cards and Payment Services Ltd.,SBICARD,INE018E01016,Financial Services,Financial Services,Finance,Non Banking Financial Company (NBFC),Orange,"Provides lending and credit services where loan portfolios include exposure to animal-dependent sectors — poultry farming, dairy cooperatives, leather tanneries, and pharmaceutical companies conducting animal testing. NBFCs like Bajaj Finance and Shriram Finance lend to agricultural borrowers, including meat and dairy producers. While the lending operation itself is non-violent, the capital deployed enables scale in animal-harming industries. No Indian NBFC systematically screens loan books for animal welfare criteria.",
Shriram Finance Ltd.,SHRIRAMFIN,INE721A01047,Financial Services,Financial Services,Finance,Non Banking Financial Company (NBFC),Orange,"Provides lending and credit services where loan portfolios include exposure to animal-dependent sectors — poultry farming, dairy cooperatives, leather tanneries, and pharmaceutical companies conducting animal testing. NBFCs like Bajaj Finance and Shriram Finance lend to agricultural borrowers, including meat and dairy producers. While the lending operation itself is non-violent, the capital deployed enables scale in animal-harming industries. No Indian NBFC systematically screens loan books for animal welfare criteria.",
Sundaram Finance Ltd.,SUNDARMFIN,INE660A01013,Financial Services,Financial Services,Finance,Non Banking Financial Company (NBFC),Orange,"Provides lending and credit services where loan portfolios include exposure to animal-dependent sectors — poultry farming, dairy cooperatives, leather tanneries, and pharmaceutical companies conducting animal testing. NBFCs like Bajaj Finance and Shriram Finance lend to agricultural borrowers, including meat and dairy producers. While the lending operation itself is non-violent, the capital deployed enables scale in animal-harming industries. No Indian NBFC systematically screens loan books for animal welfare criteria.",
Hindustan Oil Exploration Co. Ltd.,HINDOILEXP,INE345A01011,Energy,"Oil, Gas & Consumable Fuels",Oil,Oil & Gas,Green,Explores and extracts crude oil and natural gas. Extraction operations do not directly involve animal testing.,
Oil & Natural Gas Corporation Ltd.,ONGC,INE213A01029,Energy,"Oil, Gas & Consumable Fuels",Oil,Oil & Gas,Green,Explores and extracts crude oil and natural gas. Extraction operations do not directly involve animal testing.,
Oil India Ltd.,OIL,INE274J01014,Energy,"Oil, Gas & Consumable Fuels",Oil,Oil & Gas,Green,Explores and extracts crude oil and natural gas. Extraction operations do not directly involve animal testing.,
Gujarat Ambuja Exports Ltd.,GAEL,INE036B01030,Fast Moving Consumer Goods,Fast Moving Consumer Goods,Agricultural Food & other Products,Other Agricultural Products,Green,"Processes agricultural commodities (rice, seeds, spices). Plant-based processing without direct animal involvement.",
KRBL Ltd.,KRBL,INE001B01026,Fast Moving Consumer Goods,Fast Moving Consumer Goods,Agricultural Food & other Products,Other Agricultural Products,Green,"Processes agricultural commodities (rice, seeds, spices). Plant-based processing without direct animal involvement.",
Kaveri Seed Company Ltd.,KSCL,INE455I01029,Fast Moving Consumer Goods,Fast Moving Consumer Goods,Agricultural Food & other Products,Other Agricultural Products,Green,"Processes agricultural commodities (rice, seeds, spices). Plant-based processing without direct animal involvement.",
LT Foods Ltd.,LTFOODS,INE818H01020,Fast Moving Consumer Goods,Fast Moving Consumer Goods,Agricultural Food & other Products,Other Agricultural Products,Green,"Processes agricultural commodities (rice, seeds, spices). Plant-based processing without direct animal involvement.",
AU Small Finance Bank Ltd.,AUBANK,INE949L01017,Financial Services,Financial Services,Banks,Other Bank,Orange,Operates banking services with lending portfolios that include exposure to agriculture and food processing sectors with animal dependencies. Financial intermediation enables capital flow to animal-harming industries.,
ESAF Small Finance Bank Ltd.,ESAFSFB,INE818W01011,Financial Services,Financial Services,Banks,Other Bank,Orange,Operates banking services with lending portfolios that include exposure to agriculture and food processing sectors with animal dependencies. Financial intermediation enables capital flow to animal-harming industries.,
Equitas Small Finance Bank Ltd.,EQUITASBNK,INE063P01018,Financial Services,Financial Services,Banks,Other Bank,Orange,Operates banking services with lending portfolios that include exposure to agriculture and food processing sectors with animal dependencies. Financial intermediation enables capital flow to animal-harming industries.,
Jana Small Finance Bank Ltd.,JSFB,INE953L01027,Financial Services,Financial Services,Banks,Other Bank,Orange,Operates banking services with lending portfolios that include exposure to agriculture and food processing sectors with animal dependencies. Financial intermediation enables capital flow to animal-harming industries.,
Ujjivan Small Finance Bank Ltd.,UJJIVANSFB,INE551W01018,Financial Services,Financial Services,Banks,Other Bank,Orange,Operates banking services with lending portfolios that include exposure to agriculture and food processing sectors with animal dependencies. Financial intermediation enables capital flow to animal-harming industries.,
Utkarsh Small Finance Bank Ltd.,UTKARSHBNK,INE735W01017,Financial Services,Financial Services,Banks,Other Bank,Orange,Operates banking services with lending portfolios that include exposure to agriculture and food processing sectors with animal dependencies. Financial intermediation enables capital flow to animal-harming industries.,
Apar Industries Ltd.,APARINDS,INE372A01015,Industrials,Capital Goods,Electrical Equipment,Other Electrical Equipment,Green,Manufactures electrical components and equipment. Industrial manufacturing without direct animal involvement.,
Avalon Technologies Ltd.,AVALON,INE0LCL01028,Industrials,Capital Goods,Electrical Equipment,Other Electrical Equipment,Green,Manufactures electrical components and equipment. Industrial manufacturing without direct animal involvement.,
Bharat Bijlee Ltd.,BBL,INE464A01036,Industrials,Capital Goods,Electrical Equipment,Other Electrical Equipment,Green,Manufactures electrical components and equipment. Industrial manufacturing without direct animal involvement.,
CRISIL Ltd.,CRISIL,INE007A01025,Financial Services,Financial Services,Finance,Other Financial Services,Green,"Ratings and analytics company (S&P Global group): credit ratings (~28% of revenue) plus research, analytics and risk/policy consulting. It does not lend or manage money; its link to any rated company is a tertiary analytical service, like a stock exchange or data provider. Animal-neutral → Green.",
Dhani Services Ltd.,DHANI,INE274G01010,Financial Services,Financial Services,Finance,Other Financial Services,Orange,"Provides diversified financial services including wealth management, advisory, and lending where service portfolios include exposure to animal-dependent sectors. Capital allocation services enable investment in companies with significant animal welfare concerns.",[DELISTED — merged into Yaari Digital Integrated Services Ltd. (INE126M01010)]
Harsha Engineers International Ltd.,HARSHA,INE0JUS01029,Industrials,Capital Goods,Industrial Products,Other Industrial Products,Green,"Manufactures diverse industrial products (bearings, precision components, industrial chemicals). Metal and chemical-based manufacturing without direct animal involvement.",
INOX India Ltd.,INOXINDIA,INE616N01034,Industrials,Capital Goods,Industrial Products,Other Industrial Products,Green,"Manufactures diverse industrial products (bearings, precision components, industrial chemicals). Metal and chemical-based manufacturing without direct animal involvement.",
PTC Industries Ltd.,PTCIL,INE596F01018,Industrials,Capital Goods,Industrial Products,Other Industrial Products,Green,"Manufactures diverse industrial products (bearings, precision components, industrial chemicals). Metal and chemical-based manufacturing without direct animal involvement.",
Railtel Corporation Of India Ltd.,RAILTEL,INE0DD101019,Telecommunication,Telecommunication,Telecom - Services,Telecom,Green,Provides telecommunications services. Operations do not directly involve animal harm.,
Route Mobile Ltd.,ROUTE,INE450U01017,Telecommunication,Telecommunication,Telecom - Services,Telecom,Green,Provides telecommunications services. Operations do not directly involve animal harm.,
Alok Industries Ltd.,ALOKINDS,INE270A01029,Consumer Discretionary,Textiles,Textiles & Apparels,Other Textile Products,Green,"Integrated cotton and polyester textile maker (yarn, woven/knitted fabric, home textiles, polyester) — animal-neutral.",
Bombay Dyeing & Manufacturing Co. Ltd.,BOMDYEING,INE032A01023,Consumer Discretionary,Textiles,Textiles & Apparels,Other Textile Products,Green,"Cotton and polyester home textiles (bedsheets, towels, furnishings) plus polyester staple fibre and a real-estate business — all animal-neutral materials. No material animal-derived input. Green.",
Indo Count Industries Ltd.,ICIL,INE483B01026,Consumer Discretionary,Textiles,Textiles & Apparels,Other Textile Products,Green,"Manufactures bed sheets, bed linen, comforters and home textiles — predominantly cotton with no material wool, silk or animal-derived input.",
Jindal Worldwide Ltd.,JINDWORLD,INE247D01039,Consumer Discretionary,Textiles,Textiles & Apparels,Other Textile Products,Green,"Manufactures denim fabric (one of the world's largest producers), bottom-weight fabrics, shirting and bed sheets — predominantly cotton and polyester with no material wool, silk or animal-derived input.",
K.P.R. Mill Ltd.,KPRMILL,INE930H01031,Consumer Discretionary,Textiles,Textiles & Apparels,Other Textile Products,Green,"Manufactures cotton yarn, knitted fabric and knitted garments — predominantly cotton-based with no material wool, silk or animal-derived input.",
Trident Ltd.,TRIDENT,INE064C01022,Consumer Discretionary,Textiles,Textiles & Apparels,Other Textile Products,Green,"Manufactures cotton yarn, bed linen and bath linen (towels) — predominantly cotton-based with no material wool, silk or animal-derived input.",
Vardhman Textiles Ltd.,VTL,INE825A01020,Consumer Discretionary,Textiles,Textiles & Apparels,Other Textile Products,Orange,Large cotton/polyester/acrylic yarn & fabric maker that also produces a genuine wool line (incl. 100% wool hand-knitting yarn); wool is a real but minor animal-derived input,
Welspun Living Ltd.,WELSPUNLIV,INE192B01031,Consumer Discretionary,Textiles,Textiles & Apparels,Other Textile Products,Green,"Manufactures terry towels, bed sheets, comforters, rugs and technical textiles — predominantly cotton with Hygrocotton® technology, with no material wool, silk or animal-derived input.",
Inox Green Energy Services Ltd.,INOXGREEN,INE510W01014,Utilities,Utilities,Other Utilities,Other Utilities,Green,"Provides utility services (power distribution, water treatment). Utility operations do not directly involve animal harm.",
Bikaji Foods International Ltd.,BIKAJI,INE00E101023,Fast Moving Consumer Goods,Fast Moving Consumer Goods,Food Products,Packaged Foods,Orange,"Maker of bhujia, namkeen and papad (ethnic savoury snacks are about two-thirds of revenue) alongside a distinct packaged-sweets/mithai line of roughly 12% of revenue, which is dairy-based. A vegetarian portfolio but with a genuine minority dairy-sweet line, so Orange.",
Bombay Burmah Trading Corporation Ltd.,BBTC,INE050A01025,Fast Moving Consumer Goods,Fast Moving Consumer Goods,Food Products,Packaged Foods,Red,"Wadia-group holding company whose principal asset and earnings come from its controlling stake in Britannia (biscuits, cheese, butter, milk and dairy drinks), alongside tea and coffee plantations and Weikfield foods. Dominated by a dairy-rich packaged-foods business, so Red.",
Britannia Industries Ltd.,BRITANNIA,INE216A01030,Fast Moving Consumer Goods,Fast Moving Consumer Goods,Food Products,Packaged Foods,Red,"Makes biscuits and cakes containing milk solids and eggs and runs a dedicated dairy-products business - cheese, butter, ghee, milk and milk drinks. Dairy and egg are core, material inputs across its range, so Red.",
Gopal Snacks Ltd.,GOPAL,INE0L9R01028,Fast Moving Consumer Goods,Fast Moving Consumer Goods,Food Products,Packaged Foods,Green,"Makes ethnic savoury snacks - namkeen, gathiya, wafers, snack pellets and papad - from gram flour, potato and cereals. A predominantly vegetarian savoury-snack maker with no distinct animal-product line, so Green.",
Mrs. Bectors Food Specialities Ltd.,BECTORFOOD,INE495P01020,Fast Moving Consumer Goods,Fast Moving Consumer Goods,Food Products,Packaged Foods,Orange,"Makes biscuits and cookies (Cremica) that contain milk solids and butter, and breads and buns (English Oven), supplying retail and quick-service chains. Biscuits carry a genuine dairy ingredient, but there is no standalone dairy or meat business, so a minority animal-derived input rather than a core line - Orange.",
Nestle India Ltd.,NESTLEIND,INE239A01024,Fast Moving Consumer Goods,Fast Moving Consumer Goods,Food Products,Packaged Foods,Red,"A major dairy company (milk, Everyday, Milkmaid, a+ dahi) with milk-chocolate confectionery (KitKat, Munch), milk-based infant and health nutrition, and Maggi. Dairy is a core, material business, so Red.",
Zydus Wellness Ltd.,ZYDUSWELL,INE768C01028,Fast Moving Consumer Goods,Fast Moving Consumer Goods,Food Products,Packaged Foods,Orange,"Portfolio of Glucon-D, Sugar Free, Nutralite (a plant table spread), Everyuth and Nycil (personal care), plus Complan, a milk-and-malt nutritional drink. Complan is a distinct dairy-based brand within an otherwise largely non-animal portfolio, so a minority animal-derived line - Orange.",
AGI Greenpac Ltd.,AGI,INE415A01038,Industrials,Capital Goods,Industrial Products,Packaging,Green,"Manufactures rigid packaging - glass containers, PET bottles and security caps/closures (the closures largely for the alcoholic-beverage industry) - for food, beverage, spirits, pharma and cosmetics customers. Glass and PET are inorganic and supplying generic packaging across many industries is not a product made specifically for animal-harm industries, so it does not meet the materiality threshold and is Green.",
EPL Ltd.,EPL,INE255A01020,Industrials,Capital Goods,Industrial Products,Packaging,Green,"Manufactures laminated plastic and aluminium-barrier tubes and packaging (oral care, beauty, pharma) from polymers, film and aluminium foil — animal-neutral materials. No material animal-derived input. Green.",
Polyplex Corporation Ltd.,POLYPLEX,INE633B01018,Industrials,Capital Goods,Industrial Products,Packaging,Green,Manufactures BOPET/BOPP/polyester plastic films for flexible packaging from petrochemical polymers — animal-neutral materials. No material animal-derived input (the earlier shellac/gelatin description was inaccurate). Green.,
Asian Paints Ltd.,ASIANPAINT,INE021A01026,Consumer Discretionary,Consumer Durables,Consumer Durables,Paints,Green,"India's largest paint maker - decorative and industrial coatings built from synthetic resins (acrylic, alkyd, PU), titanium-dioxide and mineral pigments, solvents and water. No material animal-derived input; any stearic acid used as a grinding/dispersing aid is a trace additive and is now largely palm-derived, so it is not a basis for escalation. Green.",
Berger Paints India Ltd.,BERGEPAINT,INE463A01038,Consumer Discretionary,Consumer Durables,Consumer Durables,Paints,Green,"Decorative and protective paints and coatings made from synthetic resins, mineral/TiO2 pigments and solvents/water - no material animal-derived input; trace stearic-acid grinding aid is largely palm-derived and not a basis for escalation. Green.",
Indigo Paints Ltd.,INDIGOPNTS,INE09VQ01012,Consumer Discretionary,Consumer Durables,Consumer Durables,Paints,Green,"Manufactures decorative paints (emulsions, enamels, distempers, cement paints) from synthetic resins, mineral pigments and additives - no material animal-derived input; any trace stearic-acid process aid is largely palm-derived and not a basis for escalation. Green.",
Kansai Nerolac Paints Ltd.,KANSAINER,INE531A01024,Consumer Discretionary,Consumer Durables,Consumer Durables,Paints,Green,"Decorative and automotive/industrial coatings from synthetic resins, TiO2 and mineral pigments and solvents - no material animal-derived input; trace stearic-acid grinding aid is largely palm-derived and not a basis for escalation. Green.",
JK Paper Ltd.,JKPAPER,INE789E01012,Commodities,Forest Materials,"Paper, Forest & Jute Products",Paper & Paper Products,Green,"Manufactures paper and paperboard from wood pulp using starch and synthetic sizing (AKD/ASA/rosin) — no material animal-derived input (animal gelatin/casein sizing is archaic, used only for specialty handmade paper). Green.",
West Coast Paper Mills Ltd.,WSTCSTPAPR,INE976A01021,Commodities,Forest Materials,"Paper, Forest & Jute Products",Paper & Paper Products,Green,"Manufactures paper and paperboard from wood pulp using starch and synthetic sizing (AKD/ASA/rosin) — no material animal-derived input (animal gelatin/casein sizing is archaic, used only for specialty handmade paper). Green.",
Force Motors Ltd.,FORCEMOT,INE451A01017,Consumer Discretionary,Automobile and Auto Components,Automobiles,Passenger Cars & Utility Vehicles,Green,"Manufactures commercial utility vehicles, passenger vans, and light commercial vehicles. Standard cabin upholstery uses synthetic vinyl and fabric; optional leather trim in select variants is a non-material, substitutable input, placing it in Green under Section 6.",
Mahindra & Mahindra Ltd.,M&M,INE101A01026,Consumer Discretionary,Automobile and Auto Components,Automobiles,Passenger Cars & Utility Vehicles,Orange,"Automobiles, tractors, and farm equipment form the dominant core business (>90% FY26 revenue). Armoured defence vehicles and systems manufactured through defence subsidiaries represent a minor product line (<1% of consolidated revenue), placing the company in Orange under Section 7.",
Maruti Suzuki India Ltd.,MARUTI,INE585B01010,Consumer Discretionary,Automobile and Auto Components,Automobiles,Passenger Cars & Utility Vehicles,Green,"India's largest passenger vehicle manufacturer. Standard vehicle interiors use fabric and synthetic leatherette upholstery across mass models; optional leather trim in select top variants is a non-material, substitutable input, placing it in Green under Section 6.",
Olectra Greentech Ltd.,OLECTRA,INE260D01016,Consumer Discretionary,Automobile and Auto Components,Automobiles,Passenger Cars & Utility Vehicles,Green,"Manufactures electric buses and composite/silicone insulators from metals, batteries and polymers, with no material animal-derived input, so Green. (Basic-industry label ""Passenger Cars"" is inaccurate; core products are e-buses and insulators.)",
Bajaj Consumer Care Ltd.,BAJAJCON,INE933K01021,Fast Moving Consumer Goods,Fast Moving Consumer Goods,Personal Products,Personal Care,Green,"Hair-care company whose flagship Bajaj Almond Drops Hair Oil (the bulk of revenue) is a mineral-oil/plant-oil (almond, mustard) formulation marketed as 100% vegetarian. The product range is predominantly plant/mineral-based with no material animal-derived inputs.",
Colgate Palmolive (India) Ltd.,COLPAL,INE259A01022,Fast Moving Consumer Goods,Fast Moving Consumer Goods,Personal Products,Personal Care,Red,"Oral- and personal-care maker (toothpastes, toothbrushes, Palmolive); its group conducts animal testing where some regulators require it, and as a product maker this live-animal testing is the operative basis",
Dabur India Ltd.,DABUR,INE016A01026,Fast Moving Consumer Goods,Fast Moving Consumer Goods,Personal Products,Personal Care,Red,"Major FMCG/Ayurveda company whose flagship products include Dabur Honey and Dabur Chyawanprash (made with honey and ghee) — animal-derived foods that are core, material revenue lines, alongside dairy/honey-based Ayurvedic products. Directly makes and sells animal-derived products.",
Emami Ltd.,EMAMILTD,INE548C01032,Fast Moving Consumer Goods,Fast Moving Consumer Goods,Personal Products,Personal Care,Orange,"Ayurvedic and personal-care FMCG company. Its Zandu and Sona Chandi Chyawanprash ranges are formulated with honey and ghee and it sells Zandu Pure Honey as a standalone branded product; against FY25 consolidated revenue of about Rs 3,877 crore these honey- and ghee-based lines are of the order of 2.5-3.5% of revenue. A genuine but minority animal-derived product line, so Orange under Section 7.",
Gillette India Ltd.,GILLETTE,INE322A01010,Fast Moving Consumer Goods,Fast Moving Consumer Goods,Personal Products,Personal Care,Red,"Grooming maker (razors, shaving creams, Oral-B); its P&G group conducts animal testing where some regulators require it, and as a product maker this live-animal testing is the operative basis",
Godrej Consumer Products Ltd.,GODREJCP,INE102D01028,Fast Moving Consumer Goods,Fast Moving Consumer Goods,Personal Products,Personal Care,Red,"Maker of household insecticides (Good Knight, HIT) with ~48% market share — products that kill insects (mosquitoes, cockroaches), a directly himsak activity and a core revenue segment — plus mass-market soaps (Cinthol, Godrej No.1). Core business directly harms living beings.",
Honasa Consumer Ltd.,HONASA,INE0J5401028,Fast Moving Consumer Goods,Fast Moving Consumer Goods,Personal Products,Personal Care,Orange,"Digital-first natural personal-care company (Mamaearth et al.), PETA-certified cruelty-free with many vegan products; some SKUs use animal-derived ingredients (beeswax, milk, honey). Animal-derived inputs present but minor — below the threshold for Red, not clean enough for Green.",
Procter & Gamble Hygiene & Health Care Ltd.,PGHH,INE179A01014,Fast Moving Consumer Goods,Fast Moving Consumer Goods,Personal Products,Personal Care,Red,"Personal-care and hygiene maker (Whisper, Vicks, Old Spice); its P&G group conducts animal testing where some regulators require it, and as a product maker this live-animal testing is the operative basis, so Red.",
Bayer Cropscience Ltd.,BAYERCROP,INE462A01022,Commodities,Chemicals,Fertilizers & Agrochemicals,Pesticides & Agrochemicals,Red,"Indian crop-science arm of Bayer - insecticides, fungicides, herbicides and seeds. Its insecticides are biocidal products designed to kill insects, a direct animal-harm activity, so Red",
Dhanuka Agritech Ltd.,DHANUKA,INE435G01025,Commodities,Chemicals,Fertilizers & Agrochemicals,Pesticides & Agrochemicals,Red,"Formulates and markets crop-protection products including insecticides, herbicides and fungicides. Its insecticides are designed to kill insects, a direct animal-harm activity, so Red.",
India Pesticides Ltd.,IPL,INE0D6701023,Commodities,Chemicals,Fertilizers & Agrochemicals,Pesticides & Agrochemicals,Red,"Manufactures technical-grade agrochemicals - fungicides (Captan, Folpet), herbicides and insecticides (thiamethoxam, diafenthiuron, pyriproxyfen). The insecticide line is designed to kill insects, a direct animal-harm activity, so Red.",
PI Industries Ltd.,PIIND,INE603J01030,Commodities,Chemicals,Fertilizers & Agrochemicals,Pesticides & Agrochemicals,Red,"Manufactures agrochemical technicals and formulations and provides custom synthesis, with a portfolio that includes insecticides. Its insecticides are designed to kill insects, a direct animal-harm activity, so Red.",
Rallis India Ltd.,RALLIS,INE613A01020,Commodities,Chemicals,Fertilizers & Agrochemicals,Pesticides & Agrochemicals,Red,"Tata-group crop-protection company - insecticides, fungicides, herbicides and seeds. Its insecticides are designed to kill insects, a direct animal-harm activity, so Red",
Sumitomo Chemical India Ltd.,SUMICHEM,INE258G01013,Commodities,Chemicals,Fertilizers & Agrochemicals,Pesticides & Agrochemicals,Red,"Makes agricultural and household insecticides, fungicides and herbicides. Its insecticides, including household pest control, are designed to kill insects, a direct animal-harm activity, so Red",
UPL Ltd.,UPL,INE628A01036,Commodities,Chemicals,Fertilizers & Agrochemicals,Pesticides & Agrochemicals,Red,"Global crop-protection major - herbicides, insecticides and fungicides, technicals and formulations. Its insecticides are designed to kill insects, a direct animal-harm activity, so Red",
Rain Industries Ltd,RAIN,INE855B01025,Commodities,Chemicals,Chemicals & Petrochemicals,Petrochemicals,Green,"Manufactures petrochemical derivatives (polystyrene, PET, synthetic rubber). Hydrocarbon-based production process. Animal-derived inputs may be present in downstream derivatives (plasticizers, stabilizers) but the core manufacturing process does not directly involve animals.",
Supreme Petrochem Ltd.,SPLPETRO,INE663A01033,Commodities,Chemicals,Chemicals & Petrochemicals,Petrochemicals,Green,"Manufactures petrochemical derivatives (polystyrene, PET, synthetic rubber). Hydrocarbon-based production process. Animal-derived inputs may be present in downstream derivatives (plasticizers, stabilizers) but the core manufacturing process does not directly involve animals.",
Aarti Drugs Ltd.,AARTIDRUGS,INE767A01016,Healthcare,Healthcare,Pharmaceuticals & Biotechnology,Pharmaceuticals,Red,"Bulk-drug (API) maker of antibiotics, antifungals and anti-inflammatories; bringing its drugs to market mandatorily requires pre-clinical testing on live animals (rodents, dogs, primates) under CDSCO/ICH rules - a direct, large-scale animal-harm activity intrinsic to pharma manufacturing, so Red.",
Aarti Pharmalabs Ltd.,AARTIPHARM,INE0LRU01027,Healthcare,Healthcare,Pharmaceuticals & Biotechnology,Pharmaceuticals,Red,"API and CDMO maker (xanthine derivatives, intermediates); drug registration mandatorily requires pre-clinical live-animal testing under CDSCO/ICH rules - a direct, large-scale animal-harm activity intrinsic to pharma manufacturing, so Red.",
Abbott India Ltd.,ABBOTINDIA,INE358A01014,Healthcare,Healthcare,Pharmaceuticals & Biotechnology,Pharmaceuticals,Red,"Branded-formulations maker (gastro, metabolic, women's health); bringing its drugs to market mandatorily requires pre-clinical live-animal testing under CDSCO/ICH rules - a direct, large-scale animal-harm activity intrinsic to pharma manufacturing, so Red.",
Ajanta Pharmaceuticals Ltd.,AJANTPHARM,INE031B01049,Healthcare,Healthcare,Pharmaceuticals & Biotechnology,Pharmaceuticals,Red,"Branded-formulations maker (cardiology, dermatology, ophthalmology); drug registration mandatorily requires pre-clinical live-animal testing under CDSCO/ICH rules - a direct, large-scale animal-harm activity intrinsic to pharma manufacturing, so Red.",
Alembic Pharmaceuticals Ltd.,APLLTD,INE901L01018,Healthcare,Healthcare,Pharmaceuticals & Biotechnology,Pharmaceuticals,Red,"API and branded/generic formulations maker; drug registration mandatorily requires pre-clinical live-animal testing under CDSCO/ICH rules - a direct, large-scale animal-harm activity intrinsic to pharma manufacturing, so Red.",
Alkem Laboratories Ltd.,ALKEM,INE540L01014,Healthcare,Healthcare,Pharmaceuticals & Biotechnology,Pharmaceuticals,Red,"Branded-formulations maker (anti-infectives, gastro); drug registration mandatorily requires pre-clinical live-animal testing under CDSCO/ICH rules - a direct, large-scale animal-harm activity intrinsic to pharma manufacturing, so Red.",
Acutaas Chemicals Ltd.,ACUTAAS,INE00FF01025,Healthcare,Healthcare,Pharmaceuticals & Biotechnology,Pharmaceuticals,Red,"Pharma-intermediates and specialty-chemical maker supplying drug makers; the drugs built on its intermediates require mandatory pre-clinical live-animal testing under CDSCO/ICH rules, a direct large-scale animal-harm activity intrinsic to pharma manufacturing, so Red.",
AstraZenca Pharma India Ltd.,ASTRAZEN,INE203A01020,Healthcare,Healthcare,Pharmaceuticals & Biotechnology,Pharmaceuticals,Red,"Branded-formulations maker (oncology, respiratory, diabetes); drug registration mandatorily requires pre-clinical live-animal testing under CDSCO/ICH rules - a direct, large-scale animal-harm activity intrinsic to pharma manufacturing, so Red.",
Aurobindo Pharma Ltd.,AUROPHARMA,INE406A01037,Healthcare,Healthcare,Pharmaceuticals & Biotechnology,Pharmaceuticals,Red,"API and generic-formulations maker; drug registration mandatorily requires pre-clinical live-animal testing under CDSCO/ICH rules - a direct, large-scale animal-harm activity intrinsic to pharma manufacturing, so Red.",
Biocon Ltd.,BIOCON,INE376G01013,Healthcare,Healthcare,Pharmaceuticals & Biotechnology,Pharmaceuticals,Red,"Biopharmaceutical maker (insulins, biosimilars, APIs); biologics and drug registration mandatorily require pre-clinical live-animal testing under CDSCO/ICH rules - a direct, large-scale animal-harm activity intrinsic to pharma manufacturing, so Red.",
Blue Jet Healthcare Ltd.,BLUEJET,INE0KBH01020,Healthcare,Healthcare,Pharmaceuticals & Biotechnology,Pharmaceuticals,Red,"Contrast-media and pharma-ingredient CDMO; the drugs built on its products require mandatory pre-clinical live-animal testing under CDSCO/ICH rules, a direct large-scale animal-harm activity intrinsic to pharma manufacturing, so Red.",
Caplin Point Laboratories Ltd.,CAPLIPOINT,INE475E01026,Healthcare,Healthcare,Pharmaceuticals & Biotechnology,Pharmaceuticals,Red,"Generic-formulations and injectables maker; drug registration mandatorily requires pre-clinical live-animal testing under CDSCO/ICH rules - a direct, large-scale animal-harm activity intrinsic to pharma manufacturing, so Red.",
Cipla Ltd.,CIPLA,INE059A01026,Healthcare,Healthcare,Pharmaceuticals & Biotechnology,Pharmaceuticals,Red,"Formulations maker (respiratory, anti-infectives); drug registration mandatorily requires pre-clinical live-animal testing under CDSCO/ICH rules - a direct, large-scale animal-harm activity intrinsic to pharma manufacturing, so Red.",
Concord Biotech Ltd.,CONCORDBIO,INE338H01029,Healthcare,Healthcare,Pharmaceuticals & Biotechnology,Pharmaceuticals,Red,"Fermentation-based API maker (immunosuppressants, oncology); drug registration mandatorily requires pre-clinical live-animal testing under CDSCO/ICH rules - a direct, large-scale animal-harm activity intrinsic to pharma manufacturing, so Red.",
Dishman Carbogen Amcis Ltd.,DCAL,INE385W01011,Healthcare,Healthcare,Pharmaceuticals & Biotechnology,Pharmaceuticals,Red,"API/CDMO maker that also produces vitamin-D analogues derived from lanolin (sheep wool grease), a genuine animal-derived input; in addition, drug registration mandatorily requires pre-clinical live-animal testing under CDSCO/ICH rules, so Red.",
Divi's Laboratories Ltd.,DIVISLAB,INE361B01024,Healthcare,Healthcare,Pharmaceuticals & Biotechnology,Pharmaceuticals,Red,"Large API and intermediates maker; drug registration mandatorily requires pre-clinical live-animal testing under CDSCO/ICH rules - a direct, large-scale animal-harm activity intrinsic to pharma manufacturing, so Red.",
Dr. Reddy's Laboratories Ltd.,DRREDDY,INE089A01031,Healthcare,Healthcare,Pharmaceuticals & Biotechnology,Pharmaceuticals,Red,"API and generic-formulations maker; drug registration mandatorily requires pre-clinical live-animal testing under CDSCO/ICH rules - a direct, large-scale animal-harm activity intrinsic to pharma manufacturing, so Red.",
Emcure Pharmaceuticals Ltd.,EMCURE,INE168P01015,Healthcare,Healthcare,Pharmaceuticals,Pharmaceuticals,Red,"Formulations and biologics maker (gynaecology, cardiology); biologics and drug registration mandatorily require pre-clinical live-animal testing under CDSCO/ICH rules - a direct, large-scale animal-harm activity intrinsic to pharma manufacturing, so Red.",
Eris Lifesciences Ltd.,ERIS,INE406M01024,Healthcare,Healthcare,Pharmaceuticals & Biotechnology,Pharmaceuticals,Red,"Branded-formulations maker (cardio-metabolic); drug registration mandatorily requires pre-clinical live-animal testing under CDSCO/ICH rules - a direct, large-scale animal-harm activity intrinsic to pharma manufacturing, so Red.",
FDC Ltd.,FDC,INE258B01022,Healthcare,Healthcare,Pharmaceuticals & Biotechnology,Pharmaceuticals,Red,"Formulations maker (ORS, ophthalmics, anti-infectives); drug registration mandatorily requires pre-clinical live-animal testing under CDSCO/ICH rules - a direct, large-scale animal-harm activity intrinsic to pharma manufacturing, so Red.",
Gland Pharma Ltd.,GLAND,INE068V01023,Healthcare,Healthcare,Pharmaceuticals & Biotechnology,Pharmaceuticals,Red,"Injectables maker and a major heparin producer; heparin is sourced from porcine intestinal mucosa, a genuine animal-derived API, and drug registration also mandatorily requires pre-clinical live-animal testing under CDSCO/ICH rules, so Red",
Glaxosmithkline Pharmaceuticals Ltd.,GLAXO,INE159A01016,Healthcare,Healthcare,Pharmaceuticals & Biotechnology,Pharmaceuticals,Red,"Formulations and vaccines maker; vaccine production uses animal/egg-based substrates, and drug registration mandatorily requires pre-clinical live-animal testing under CDSCO/ICH rules, so Red.",
Glenmark Pharmaceuticals Ltd.,GLENMARK,INE935A01035,Healthcare,Healthcare,Pharmaceuticals & Biotechnology,Pharmaceuticals,Red,"Formulations maker (dermatology, respiratory); drug registration mandatorily requires pre-clinical live-animal testing under CDSCO/ICH rules - a direct, large-scale animal-harm activity intrinsic to pharma manufacturing, so Red.",
Granules India Ltd.,GRANULES,INE101D01020,Healthcare,Healthcare,Pharmaceuticals & Biotechnology,Pharmaceuticals,Red,"API and formulations maker (paracetamol, metformin); drug registration mandatorily requires pre-clinical live-animal testing under CDSCO/ICH rules - a direct, large-scale animal-harm activity intrinsic to pharma manufacturing, so Red.",
Hikal Ltd.,HIKAL,INE475B01022,Healthcare,Healthcare,Pharmaceuticals & Biotechnology,Pharmaceuticals,Red,"API and crop-protection intermediates maker; drug registration mandatorily requires pre-clinical live-animal testing under CDSCO/ICH rules - a direct, large-scale animal-harm activity intrinsic to pharma manufacturing, so Red.",
Ipca Laboratories Ltd.,IPCALAB,INE571A01038,Healthcare,Healthcare,Pharmaceuticals & Biotechnology,Pharmaceuticals,Red,"API and formulations maker (antimalarials, pain); drug registration mandatorily requires pre-clinical live-animal testing under CDSCO/ICH rules - a direct, large-scale animal-harm activity intrinsic to pharma manufacturing, so Red.",
J.B. Chemicals & Pharmaceuticals Ltd.,JBCHEPHARM,INE572A01036,Healthcare,Healthcare,Pharmaceuticals & Biotechnology,Pharmaceuticals,Red,"Branded-formulations maker (cardiology, gastro); drug registration mandatorily requires pre-clinical live-animal testing under CDSCO/ICH rules - a direct, large-scale animal-harm activity intrinsic to pharma manufacturing, so Red.",[DELISTED — merged into Torrent Pharmaceuticals Ltd. (INE685A01028)]
Jubilant Pharmova Ltd.,JUBLPHARMA,INE700A01033,Healthcare,Healthcare,Pharmaceuticals & Biotechnology,Pharmaceuticals,Red,"APIs, CDMO, radiopharmaceuticals and allergy-therapy maker; drug registration mandatorily requires pre-clinical live-animal testing under CDSCO/ICH rules - a direct, large-scale animal-harm activity intrinsic to pharma manufacturing, so Red.",
Laurus Labs Ltd.,LAURUSLABS,INE947Q01028,Healthcare,Healthcare,Pharmaceuticals & Biotechnology,Pharmaceuticals,Red,"API maker (antiretrovirals) and formulations/CDMO; drug registration mandatorily requires pre-clinical live-animal testing under CDSCO/ICH rules - a direct, large-scale animal-harm activity intrinsic to pharma manufacturing, so Red.",
Lupin Ltd.,LUPIN,INE326A01037,Healthcare,Healthcare,Pharmaceuticals & Biotechnology,Pharmaceuticals,Red,"Formulations and API maker (respiratory, anti-TB); drug registration mandatorily requires pre-clinical live-animal testing under CDSCO/ICH rules - a direct, large-scale animal-harm activity intrinsic to pharma manufacturing, so Red.",
Mankind Pharma Ltd.,MANKIND,INE634S01028,Healthcare,Healthcare,Pharmaceuticals & Biotechnology,Pharmaceuticals,Red,"Branded and consumer-pharma formulations maker; drug registration mandatorily requires pre-clinical live-animal testing under CDSCO/ICH rules - a direct, large-scale animal-harm activity intrinsic to pharma manufacturing, so Red.",
Marksans Pharma Ltd.,MARKSANS,INE750C01026,Healthcare,Healthcare,Pharmaceuticals & Biotechnology,Pharmaceuticals,Red,"OTC and generic-formulations maker; drug registration mandatorily requires pre-clinical live-animal testing under CDSCO/ICH rules - a direct, large-scale animal-harm activity intrinsic to pharma manufacturing, so Red.",
NATCO Pharma Ltd.,NATCOPHARM,INE987B01026,Healthcare,Healthcare,Pharmaceuticals & Biotechnology,Pharmaceuticals,Red,"Formulations maker (oncology, antivirals); drug registration mandatorily requires pre-clinical live-animal testing under CDSCO/ICH rules - a direct, large-scale animal-harm activity intrinsic to pharma manufacturing, so Red.",
Neuland Laboratories Ltd.,NEULANDLAB,INE794A01010,Healthcare,Healthcare,Pharmaceuticals & Biotechnology,Pharmaceuticals,Red,"API and CDMO maker; drug registration mandatorily requires pre-clinical live-animal testing under CDSCO/ICH rules - a direct, large-scale animal-harm activity intrinsic to pharma manufacturing, so Red.",
Orchid Pharma Ltd.,ORCHPHARMA,INE191A01027,Healthcare,Healthcare,Pharmaceuticals & Biotechnology,Pharmaceuticals,Red,"API maker (cephalosporin antibiotics); drug registration mandatorily requires pre-clinical live-animal testing under CDSCO/ICH rules - a direct, large-scale animal-harm activity intrinsic to pharma manufacturing, so Red.",
Pfizer Ltd.,PFIZER,INE182A01018,Healthcare,Healthcare,Pharmaceuticals & Biotechnology,Pharmaceuticals,Red,"Formulations and vaccines maker; vaccine production uses animal/egg-based substrates, and drug registration mandatorily requires pre-clinical live-animal testing under CDSCO/ICH rules, so Red.",
Piramal Pharma Ltd.,PPLPHARMA,INE0DK501011,Healthcare,Healthcare,Pharmaceuticals & Biotechnology,Pharmaceuticals,Red,"CDMO, complex hospital generics and consumer-health maker; drug registration mandatorily requires pre-clinical live-animal testing under CDSCO/ICH rules - a direct, large-scale animal-harm activity intrinsic to pharma manufacturing, so Red.",
Procter & Gamble Health Ltd.,PGHL,INE199A01012,Healthcare,Healthcare,Pharmaceuticals & Biotechnology,Pharmaceuticals,Red,"Vitamin and nutritional-formulations maker (Neurobion); drug registration mandatorily requires pre-clinical live-animal testing under CDSCO/ICH rules - a direct, large-scale animal-harm activity intrinsic to pharma manufacturing, so Red.",
Sanofi India Ltd.,SANOFI,INE058A01010,Healthcare,Healthcare,Pharmaceuticals & Biotechnology,Pharmaceuticals,Red,"Formulations maker (diabetes/insulin, cardiology); biologics and drug registration mandatorily require pre-clinical live-animal testing under CDSCO/ICH rules - a direct, large-scale animal-harm activity intrinsic to pharma manufacturing, so Red.",
Shilpa Medicare Ltd.,SHILPAMED,INE790G01031,Healthcare,Healthcare,Pharmaceuticals & Biotechnology,Pharmaceuticals,Red,"API and oncology/peptide formulations maker; drug registration mandatorily requires pre-clinical live-animal testing under CDSCO/ICH rules - a direct, large-scale animal-harm activity intrinsic to pharma manufacturing, so Red.",
Strides Pharma Science Ltd.,STAR,INE939A01011,Healthcare,Healthcare,Pharmaceuticals & Biotechnology,Pharmaceuticals,Red,"Generic-formulations maker; drug registration mandatorily requires pre-clinical live-animal testing under CDSCO/ICH rules - a direct, large-scale animal-harm activity intrinsic to pharma manufacturing, so Red.",
Sun Pharma Advanced Research Company Ltd.,SPARC,INE232I01014,Healthcare,Healthcare,Pharmaceuticals & Biotechnology,Pharmaceuticals,Red,"Pharma R&D/innovation company developing novel drugs; novel-drug development is especially live-animal-testing intensive under CDSCO/ICH rules - a direct, large-scale animal-harm activity intrinsic to pharma R&D, so Red.",
Sun Pharmaceutical Industries Ltd.,SUNPHARMA,INE044A01036,Healthcare,Healthcare,Pharmaceuticals & Biotechnology,Pharmaceuticals,Red,"India's largest pharma - formulations and APIs; drug registration mandatorily requires pre-clinical live-animal testing under CDSCO/ICH rules - a direct, large-scale animal-harm activity intrinsic to pharma manufacturing, so Red.",
Supriya Lifescience Ltd.,SUPRIYA,INE07RO01027,Healthcare,Healthcare,Pharmaceuticals & Biotechnology,Pharmaceuticals,Red,"API maker (antihistamines, analgesics); drug registration mandatorily requires pre-clinical live-animal testing under CDSCO/ICH rules - a direct, large-scale animal-harm activity intrinsic to pharma manufacturing, so Red.",
Torrent Pharmaceuticals Ltd.,TORNTPHARM,INE685A01028,Healthcare,Healthcare,Pharmaceuticals & Biotechnology,Pharmaceuticals,Red,"Branded-formulations maker (cardiology, CNS); drug registration mandatorily requires pre-clinical live-animal testing under CDSCO/ICH rules - a direct, large-scale animal-harm activity intrinsic to pharma manufacturing, so Red.",
Wockhardt Ltd.,WOCKPHARMA,INE049B01025,Healthcare,Healthcare,Pharmaceuticals & Biotechnology,Pharmaceuticals,Red,"Formulations and biologics maker (insulin, antibiotics); biologics and drug registration mandatorily require pre-clinical live-animal testing under CDSCO/ICH rules - a direct, large-scale animal-harm activity intrinsic to pharma manufacturing, so Red.",
Zydus Lifesciences Ltd.,ZYDUSLIFE,INE010B01027,Healthcare,Healthcare,Pharmaceuticals & Biotechnology,Pharmaceuticals,Red,"Formulations, APIs and vaccines maker; vaccine production uses animal/egg-based substrates and drug registration mandatorily requires pre-clinical live-animal testing under CDSCO/ICH rules, so Red.",
Entero Healthcare Solutions Ltd.,ENTERO,INE010601016,Consumer Discretionary,Consumer Services,Retailing,Pharmacy Retail,Green,"Pharmaceutical distributor - a healthcare supply-chain business that neither makes nor tests drugs, only moving human medicines, so Green on the enabling principle, consistent with hospital pharmacies and Apollo's distribution arm.",
Medplus Health Services Ltd.,MEDPLUS,INE804L01022,Consumer Discretionary,Consumer Services,Retailing,Pharmacy Retail,Green,"Pharmacy retail chain dispensing human medicines and FMCG/diagnostics; it neither makes nor tests drugs, so Green, consistent with Apollo's pharmacy arm and the hospital block.",
Safari Industries (India) Ltd.,SAFARI,INE429E01023,Consumer Discretionary,Consumer Durables,Consumer Durables,Plastic Products - Consumer,Green,"Moulds luggage, containers, and housewares from polypropylene, HDPE, and ABS plastics. No animal-derived materials in polymers, no animal testing required for non-cosmetic consumer plastics under Indian regulations. Green — inorganic material base with no animal pipeline.",
V.I.P. Industries Ltd.,VIPIND,INE054A01027,Consumer Discretionary,Consumer Durables,Consumer Durables,Plastic Products - Consumer,Green,"Primarily hard/soft luggage (VIP, Skybags, Aristocrat, Carlton) from polycarbonate, polypropylene and polyester — animal-neutral. Its Caprese handbag range is predominantly synthetic/PU, with only occasional limited-edition leather items; animal-derived content is incidental.",
Astral Ltd.,ASTRAL,INE006I01046,Industrials,Capital Goods,Industrial Products,Plastic Products - Industrial,Green,"Manufactures CPVC and PVC pipes, fittings, adhesives, water tanks and paints from synthetic polymers for plumbing and infrastructure use. Entirely synthetic material base with no animal-derived input, so Green - consistent with Finolex, Supreme and Prince Pipes.",
Finolex Industries Ltd.,FINPIPE,INE183A01024,Industrials,Capital Goods,Industrial Products,Plastic Products - Industrial,Green,"Manufactures pipes, fittings, films, and moulded components from PVC, LDPE, and engineering plastics for infrastructure and industrial use. No animal inputs in production or testing protocols. Green — entirely synthetic material base with no animal connection.",
Garware Hi-Tech Films Ltd.,GRWRHITECH,INE291A01017,Industrials,Capital Goods,Industrial Products,Plastic Products - Industrial,Green,"Manufactures pipes, fittings, films, and moulded components from PVC, LDPE, and engineering plastics for infrastructure and industrial use. No animal inputs in production or testing protocols. Green — entirely synthetic material base with no animal connection.",
Jai Corp Ltd.,JAICORPLTD,INE070D01027,Industrials,Capital Goods,Industrial Products,Plastic Products - Industrial,Green,"Manufactures pipes, fittings, films, and moulded components from PVC, LDPE, and engineering plastics for infrastructure and industrial use. No animal inputs in production or testing protocols. Green — entirely synthetic material base with no animal connection.",
Jain Irrigation Systems Ltd.,JISLJALEQS,INE175A01038,Industrials,Capital Goods,Industrial Products,Plastic Products - Industrial,Green,"Manufactures pipes, fittings, films, and moulded components from PVC, LDPE, and engineering plastics for infrastructure and industrial use. No animal inputs in production or testing protocols. Green — entirely synthetic material base with no animal connection.",
Prince Pipes and Fittings Ltd.,PRINCEPIPE,INE689W01016,Industrials,Capital Goods,Industrial Products,Plastic Products - Industrial,Green,"Manufactures pipes, fittings, films, and moulded components from PVC, LDPE, and engineering plastics for infrastructure and industrial use. No animal inputs in production or testing protocols. Green — entirely synthetic material base with no animal connection.",
Supreme Industries Ltd.,SUPREMEIND,INE195A01028,Industrials,Capital Goods,Industrial Products,Plastic Products - Industrial,Green,"Manufactures pipes, fittings, films, and moulded components from PVC, LDPE, and engineering plastics for infrastructure and industrial use. No animal inputs in production or testing protocols. Green — entirely synthetic material base with no animal connection.",
Time Technoplast Ltd.,TIMETECHNO,INE508G01029,Industrials,Capital Goods,Industrial Products,Plastic Products - Industrial,Green,"Manufactures pipes, fittings, films, and moulded components from PVC, LDPE, and engineering plastics for infrastructure and industrial use. No animal inputs in production or testing protocols. Green — entirely synthetic material base with no animal connection.",
Century Plyboards (India) Ltd.,CENTURYPLY,INE348B01021,Consumer Discretionary,Consumer Durables,Consumer Durables,Plywood Boards/ Laminates,Green,"Manufactures plywood, blockboard, decorative laminates, MDF and particle board bonded with synthetic urea-, phenol- and melamine-formaldehyde resins (not animal-derived adhesives). No material animal-derived input, so Green - consistent with Greenply and Greenpanel.",
Greenpanel Industries Ltd.,GREENPANEL,INE08ZM01014,Consumer Discretionary,Consumer Durables,Consumer Durables,Plywood Boards/ Laminates,Green,"Manufactures plywood, blockboard and decorative laminates bonded with synthetic resins (urea-/phenol-/melamine-formaldehyde) — modern plywood does not use animal-derived adhesives. No material animal input. Green.",
Greenply Industries Ltd.,GREENPLY,INE461C01038,Consumer Discretionary,Consumer Durables,Consumer Durables,Plywood Boards/ Laminates,Green,"Manufactures plywood, blockboard and decorative laminates bonded with synthetic resins (urea-/phenol-/melamine-formaldehyde) — modern plywood does not use animal-derived adhesives. No material animal input. Green.",
Stylam Industries Ltd.,STYLAMIND,INE239C01020,Consumer Discretionary,Consumer Durables,Consumer Durables,Plywood Boards/ Laminates,Green,"Manufactures plywood, blockboard and decorative laminates bonded with synthetic resins (urea-/phenol-/melamine-formaldehyde) — modern plywood does not use animal-derived adhesives. No material animal input. Green.",
Adani Ports and Special Economic Zone Ltd.,ADANIPORTS,INE742F01042,Services,Services,Transport Infrastructure,Port & Port services,Green,"Operates port, marine-terminal, logistics and SEZ infrastructure — a cargo-handling operator moving third-party goods it does not own; any animal-derived commodities (frozen meat, hides, feed) are a small, unchosen fraction. Tertiary link → Green",
Gujarat Pipavav Port Ltd.,GPPL,INE517F01014,Services,Services,Transport Infrastructure,Port & Port services,Green,"Operates a port and marine terminal handling third-party container, bulk and liquid cargo it does not own; any animal-derived commodities are a small, unchosen fraction. Tertiary link → Green",
JSW Infrastructure Ltd.,JSWINFRA,INE880J01026,Services,Services,Transport Infrastructure,Port & Port services,Green,"Operates a port and marine terminal handling third-party container, bulk and liquid cargo it does not own; any animal-derived commodities are a small, unchosen fraction. Tertiary link → Green",
Power Grid Corporation of India Ltd.,POWERGRID,INE752E01010,Utilities,Power,Power,Power,Green,Transmits electrical power through transmission infrastructure. Operations do not directly involve animal harm.,
Adani Energy Solutions Ltd.,ADANIENSOL,INE931S01010,Utilities,Power,Power,Power,Green,Distributes electrical power to consumers. Utility operations do not directly involve animal harm.,
Adani Green Energy Ltd.,ADANIGREEN,INE364U01010,Utilities,Power,Power,Power,Green,"Generates electrical power through thermal, hydro, or renewable sources. Utility operations involve no animal testing or animal-derived inputs.",
JSW Energy Ltd.,JSWENERGY,INE121E01018,Utilities,Power,Power,Power,Green,"Generates electrical power through thermal, hydro, or renewable sources. Utility operations involve no animal testing or animal-derived inputs.",
Jaiprakash Power Ventures Ltd.,JPPOWER,INE351F01018,Utilities,Power,Power,Power,Green,"Generates electrical power through thermal, hydro, or renewable sources. Utility operations involve no animal testing or animal-derived inputs.",
NHPC Ltd.,NHPC,INE848E01016,Utilities,Power,Power,Power,Green,"Generates electrical power through thermal, hydro, or renewable sources. Utility operations involve no animal testing or animal-derived inputs.",
NLC India Ltd.,NLCINDIA,INE589A01014,Utilities,Power,Power,Power,Green,"Generates electrical power through thermal, hydro, or renewable sources. Utility operations involve no animal testing or animal-derived inputs.",
NTPC Ltd.,NTPC,INE733E01010,Utilities,Power,Power,Power,Green,"Generates electrical power through thermal, hydro, or renewable sources. Utility operations involve no animal testing or animal-derived inputs.",
Nava Ltd.,NAVA,INE725A01030,Utilities,Power,Power,Power,Green,"Generates electrical power through thermal, hydro, or renewable sources. Utility operations involve no animal testing or animal-derived inputs.",
SJVN Ltd.,SJVN,INE002L01015,Utilities,Power,Power,Power,Green,"Generates electrical power through thermal, hydro, or renewable sources. Utility operations involve no animal testing or animal-derived inputs.",
PTC India Ltd.,PTC,INE877F01012,Utilities,Power,Power,Power,Green,Trades electrical power in wholesale markets. Trading operations do not directly involve animal harm.,
Axis Bank Ltd.,AXISBANK,INE238A01034,Financial Services,Financial Services,Banks,Private Sector Bank,Orange,"Private-sector bank taking deposits and lending across retail, MSME, corporate and agricultural segments. A commercial bank's book is spread across a wide mix of industries that necessarily includes animal-based ones - dairy and poultry, meat and seafood processing, leather, and pharmaceutical manufacture - and it earns from that mix, so Orange under Section 9 and Table 4.",
Bandhan Bank Ltd.,BANDHANBNK,INE545U01014,Financial Services,Financial Services,Banks,Private Sector Bank,Orange,"Private-sector bank taking deposits and lending across retail, MSME, corporate and agricultural segments. A commercial bank's book is spread across a wide mix of industries that necessarily includes animal-based ones - dairy and poultry, meat and seafood processing, leather, and pharmaceutical manufacture - and it earns from that mix, so Orange under Section 9 and Table 4.",
CSB Bank Ltd.,CSBBANK,INE679A01013,Financial Services,Financial Services,Banks,Private Sector Bank,Orange,"Private-sector bank taking deposits and lending across retail, MSME, corporate and agricultural segments. A commercial bank's book is spread across a wide mix of industries that necessarily includes animal-based ones - dairy and poultry, meat and seafood processing, leather, and pharmaceutical manufacture - and it earns from that mix, so Orange under Section 9 and Table 4.",
City Union Bank Ltd.,CUB,INE491A01021,Financial Services,Financial Services,Banks,Private Sector Bank,Orange,"Private-sector bank taking deposits and lending across retail, MSME, corporate and agricultural segments. A commercial bank's book is spread across a wide mix of industries that necessarily includes animal-based ones - dairy and poultry, meat and seafood processing, leather, and pharmaceutical manufacture - and it earns from that mix, so Orange under Section 9 and Table 4.",
DCB Bank Ltd.,DCBBANK,INE503A01015,Financial Services,Financial Services,Banks,Private Sector Bank,Orange,"Private-sector bank taking deposits and lending across retail, MSME, corporate and agricultural segments. A commercial bank's book is spread across a wide mix of industries that necessarily includes animal-based ones - dairy and poultry, meat and seafood processing, leather, and pharmaceutical manufacture - and it earns from that mix, so Orange under Section 9 and Table 4.",
Federal Bank Ltd.,FEDERALBNK,INE171A01029,Financial Services,Financial Services,Banks,Private Sector Bank,Orange,"Private-sector bank taking deposits and lending across retail, MSME, corporate and agricultural segments. A commercial bank's book is spread across a wide mix of industries that necessarily includes animal-based ones - dairy and poultry, meat and seafood processing, leather, and pharmaceutical manufacture - and it earns from that mix, so Orange under Section 9 and Table 4.",
HDFC Bank Ltd.,HDFCBANK,INE040A01034,Financial Services,Financial Services,Banks,Private Sector Bank,Orange,"Private-sector bank taking deposits and lending across retail, MSME, corporate and agricultural segments. A commercial bank's book is spread across a wide mix of industries that necessarily includes animal-based ones - dairy and poultry, meat and seafood processing, leather, and pharmaceutical manufacture - and it earns from that mix, so Orange under Section 9 and Table 4.",
ICICI Bank Ltd.,ICICIBANK,INE090A01021,Financial Services,Financial Services,Banks,Private Sector Bank,Orange,"Private-sector bank taking deposits and lending across retail, MSME, corporate and agricultural segments. A commercial bank's book is spread across a wide mix of industries that necessarily includes animal-based ones - dairy and poultry, meat and seafood processing, leather, and pharmaceutical manufacture - and it earns from that mix, so Orange under Section 9 and Table 4.",
IDBI Bank Ltd.,IDBI,INE008A01015,Financial Services,Financial Services,Banks,Private Sector Bank,Orange,"Private-sector bank taking deposits and lending across retail, MSME, corporate and agricultural segments. A commercial bank's book is spread across a wide mix of industries that necessarily includes animal-based ones - dairy and poultry, meat and seafood processing, leather, and pharmaceutical manufacture - and it earns from that mix, so Orange under Section 9 and Table 4.",
IDFC First Bank Ltd.,IDFCFIRSTB,INE092T01019,Financial Services,Financial Services,Banks,Private Sector Bank,Orange,"Private-sector bank taking deposits and lending across retail, MSME, corporate and agricultural segments. A commercial bank's book is spread across a wide mix of industries that necessarily includes animal-based ones - dairy and poultry, meat and seafood processing, leather, and pharmaceutical manufacture - and it earns from that mix, so Orange under Section 9 and Table 4.",
IndusInd Bank Ltd.,INDUSINDBK,INE095A01012,Financial Services,Financial Services,Banks,Private Sector Bank,Orange,"Private-sector bank taking deposits and lending across retail, MSME, corporate and agricultural segments. A commercial bank's book is spread across a wide mix of industries that necessarily includes animal-based ones - dairy and poultry, meat and seafood processing, leather, and pharmaceutical manufacture - and it earns from that mix, so Orange under Section 9 and Table 4.",
Jammu & Kashmir Bank Ltd.,J&KBANK,INE168A01041,Financial Services,Financial Services,Banks,Private Sector Bank,Orange,"Private-sector bank taking deposits and lending across retail, MSME, corporate and agricultural segments. A commercial bank's book is spread across a wide mix of industries that necessarily includes animal-based ones - dairy and poultry, meat and seafood processing, leather, and pharmaceutical manufacture - and it earns from that mix, so Orange under Section 9 and Table 4.",
Karnataka Bank Ltd.,KTKBANK,INE614B01018,Financial Services,Financial Services,Banks,Private Sector Bank,Orange,"Private-sector bank taking deposits and lending across retail, MSME, corporate and agricultural segments. A commercial bank's book is spread across a wide mix of industries that necessarily includes animal-based ones - dairy and poultry, meat and seafood processing, leather, and pharmaceutical manufacture - and it earns from that mix, so Orange under Section 9 and Table 4.",
Karur Vysya Bank Ltd.,KARURVYSYA,INE036D01028,Financial Services,Financial Services,Banks,Private Sector Bank,Orange,"Private-sector bank taking deposits and lending across retail, MSME, corporate and agricultural segments. A commercial bank's book is spread across a wide mix of industries that necessarily includes animal-based ones - dairy and poultry, meat and seafood processing, leather, and pharmaceutical manufacture - and it earns from that mix, so Orange under Section 9 and Table 4.",
Kotak Mahindra Bank Ltd.,KOTAKBANK,INE237A01036,Financial Services,Financial Services,Banks,Private Sector Bank,Orange,"Private-sector bank taking deposits and lending across retail, MSME, corporate and agricultural segments. A commercial bank's book is spread across a wide mix of industries that necessarily includes animal-based ones - dairy and poultry, meat and seafood processing, leather, and pharmaceutical manufacture - and it earns from that mix, so Orange under Section 9 and Table 4.",
RBL Bank Ltd.,RBLBANK,INE976G01028,Financial Services,Financial Services,Banks,Private Sector Bank,Orange,"Private-sector bank taking deposits and lending across retail, MSME, corporate and agricultural segments. A commercial bank's book is spread across a wide mix of industries that necessarily includes animal-based ones - dairy and poultry, meat and seafood processing, leather, and pharmaceutical manufacture - and it earns from that mix, so Orange under Section 9 and Table 4.",
South Indian Bank Ltd.,SOUTHBANK,INE683A01023,Financial Services,Financial Services,Banks,Private Sector Bank,Orange,"Private-sector bank taking deposits and lending across retail, MSME, corporate and agricultural segments. A commercial bank's book is spread across a wide mix of industries that necessarily includes animal-based ones - dairy and poultry, meat and seafood processing, leather, and pharmaceutical manufacture - and it earns from that mix, so Orange under Section 9 and Table 4.",
Yes Bank Ltd.,YESBANK,INE528G01035,Financial Services,Financial Services,Banks,Private Sector Bank,Orange,"Private-sector bank taking deposits and lending across retail, MSME, corporate and agricultural segments. A commercial bank's book is spread across a wide mix of industries that necessarily includes animal-based ones - dairy and poultry, meat and seafood processing, leather, and pharmaceutical manufacture - and it earns from that mix, so Orange under Section 9 and Table 4.",
Bank of Baroda,BANKBARODA,INE028A01039,Financial Services,Financial Services,Banks,Public Sector Bank,Orange,"Public-sector bank whose lending spans retail, corporate, MSME and priority-sector agriculture. Priority-sector and agricultural targets set by policy include animal husbandry, dairy, poultry and fisheries, so the book structurally includes animal-based industries alongside the rest of the economy, and the bank earns from that mix - Orange under Section 9 and Table 4.",
Bank of India,BANKINDIA,INE084A01016,Financial Services,Financial Services,Banks,Public Sector Bank,Orange,"Public-sector bank whose lending spans retail, corporate, MSME and priority-sector agriculture. Priority-sector and agricultural targets set by policy include animal husbandry, dairy, poultry and fisheries, so the book structurally includes animal-based industries alongside the rest of the economy, and the bank earns from that mix - Orange under Section 9 and Table 4.",
Bank of Maharashtra,MAHABANK,INE457A01014,Financial Services,Financial Services,Banks,Public Sector Bank,Orange,"Public-sector bank whose lending spans retail, corporate, MSME and priority-sector agriculture. Priority-sector and agricultural targets set by policy include animal husbandry, dairy, poultry and fisheries, so the book structurally includes animal-based industries alongside the rest of the economy, and the bank earns from that mix - Orange under Section 9 and Table 4.",
Canara Bank,CANBK,INE476A01022,Financial Services,Financial Services,Banks,Public Sector Bank,Orange,"Public-sector bank whose lending spans retail, corporate, MSME and priority-sector agriculture. Priority-sector and agricultural targets set by policy include animal husbandry, dairy, poultry and fisheries, so the book structurally includes animal-based industries alongside the rest of the economy, and the bank earns from that mix - Orange under Section 9 and Table 4.",
Central Bank of India,CENTRALBK,INE483A01010,Financial Services,Financial Services,Banks,Public Sector Bank,Orange,"Public-sector bank whose lending spans retail, corporate, MSME and priority-sector agriculture. Priority-sector and agricultural targets set by policy include animal husbandry, dairy, poultry and fisheries, so the book structurally includes animal-based industries alongside the rest of the economy, and the bank earns from that mix - Orange under Section 9 and Table 4.",
Indian Bank,INDIANB,INE562A01011,Financial Services,Financial Services,Banks,Public Sector Bank,Orange,"Public-sector bank whose lending spans retail, corporate, MSME and priority-sector agriculture. Priority-sector and agricultural targets set by policy include animal husbandry, dairy, poultry and fisheries, so the book structurally includes animal-based industries alongside the rest of the economy, and the bank earns from that mix - Orange under Section 9 and Table 4.",
Indian Overseas Bank,IOB,INE565A01014,Financial Services,Financial Services,Banks,Public Sector Bank,Orange,"Public-sector bank whose lending spans retail, corporate, MSME and priority-sector agriculture. Priority-sector and agricultural targets set by policy include animal husbandry, dairy, poultry and fisheries, so the book structurally includes animal-based industries alongside the rest of the economy, and the bank earns from that mix - Orange under Section 9 and Table 4.",
Punjab National Bank,PNB,INE160A01022,Financial Services,Financial Services,Banks,Public Sector Bank,Orange,"Public-sector bank whose lending spans retail, corporate, MSME and priority-sector agriculture. Priority-sector and agricultural targets set by policy include animal husbandry, dairy, poultry and fisheries, so the book structurally includes animal-based industries alongside the rest of the economy, and the bank earns from that mix - Orange under Section 9 and Table 4.",
State Bank of India,SBIN,INE062A01020,Financial Services,Financial Services,Banks,Public Sector Bank,Orange,"India's largest bank, with an explicit and statutory rural and priority-sector mandate alongside retail and corporate lending. Its agricultural book directly finances animal husbandry, dairy, poultry and fisheries, and its corporate book spans the wider economy including meat processing, leather and pharmaceuticals, so Orange under Section 9 and Table 4.",
UCO Bank,UCOBANK,INE691A01018,Financial Services,Financial Services,Banks,Public Sector Bank,Orange,"Public-sector bank whose lending spans retail, corporate, MSME and priority-sector agriculture. Priority-sector and agricultural targets set by policy include animal husbandry, dairy, poultry and fisheries, so the book structurally includes animal-based industries alongside the rest of the economy, and the bank earns from that mix - Orange under Section 9 and Table 4.",
Union Bank of India,UNIONBANK,INE692A01016,Financial Services,Financial Services,Banks,Public Sector Bank,Orange,"Public-sector bank whose lending spans retail, corporate, MSME and priority-sector agriculture. Priority-sector and agricultural targets set by policy include animal husbandry, dairy, poultry and fisheries, so the book structurally includes animal-based industries alongside the rest of the economy, and the bank earns from that mix - Orange under Section 9 and Table 4.",
Jupiter Wagons Ltd.,JWL,INE209L01016,Industrials,Capital Goods,Industrial Manufacturing,Railway Wagons,Green,"Manufactures railway wagons, freight cars, brake systems and commercial-vehicle and EV components by heavy steel fabrication. Transport equipment with no animal-derived input; the possibility that wagons may carry animal goods is remote, generic enabling and not a basis for escalation, so Green.",
Titagarh Rail Systems Ltd.,TITAGARH,INE615H01020,Industrials,Capital Goods,Industrial Manufacturing,Railway Wagons,Green,"Manufactures railway freight wagons, passenger coaches and metro trainsets, plus shipbuilding, by heavy steel fabrication. Transport equipment with no animal-derived input; possible carriage of animal goods is remote, generic enabling, so Green - consistent with Jupiter Wagons and Texmaco Rail.",
Bharat Petroleum Corporation Ltd.,BPCL,INE029A01011,Energy,"Oil, Gas & Consumable Fuels",Petroleum Products,Oil & Gas,Green,"Refines crude oil into fuels, LPG and petrochemicals and markets them through fuel retail. Refining is a petrochemical process; the earlier claim that refineries use animal-derived or tallow-based viscosity modifiers is incorrect, so there is no material animal-derived input - Green, consistent with the upstream and gas peers.",
Chennai Petroleum Corporation Ltd.,CHENNPETRO,INE178A01016,Energy,"Oil, Gas & Consumable Fuels",Petroleum Products,Oil & Gas,Green,"Refines crude oil into fuels, lubricant base oils and petrochemical feedstock. A petrochemical refining process with no material animal-derived input (the tallow-modifier claim was incorrect), so Green.",
Hindustan Petroleum Corporation Ltd.,HINDPETRO,INE094A01015,Energy,"Oil, Gas & Consumable Fuels",Petroleum Products,Oil & Gas,Green,"Refines and markets crude-oil products (fuels, LPG, lubricants). A petrochemical refining and fuel-retail business with no material animal-derived input, so Green.",
Indian Oil Corporation Ltd.,IOC,INE242A01010,Energy,"Oil, Gas & Consumable Fuels",Petroleum Products,Oil & Gas,Green,"Refines crude oil and markets petroleum products, petrochemicals and gas. A petrochemical refining and distribution business with no material animal-derived input, so Green.",
Mangalore Refinery & Petrochemicals Ltd.,MRPL,INE103A01014,Energy,"Oil, Gas & Consumable Fuels",Petroleum Products,Oil & Gas,Green,"Refines crude oil into fuels and petrochemical feedstock. A petrochemical refining business with no material animal-derived input (the tallow-modifier claim was incorrect), so Green.",
Reliance Industries Ltd.,RELIANCE,INE002A01018,Energy,"Oil, Gas & Consumable Fuels",Petroleum Products,Oil & Gas,Orange,"Diversified conglomerate spanning oil-to-chemicals (refining and petrochemicals), telecom (Jio) and Reliance Retail. The O2C and telecom businesses have no animal-derived input, but Reliance Retail is a very large grocery and fashion retailer selling dairy (about 18 crore litres of milk a year), fresh meat, seafood and eggs, plus leather and animal-derived fashion. Because animal-derived products are a material part of group revenue through retail - though not the majority - it is rated Orange.",
Anant Raj Ltd.,ANANTRAJ,INE242C01024,Consumer Discretionary,Realty,Realty,"Residential, Commercial Projects",Green,"Delhi-NCR real estate developer (residential townships, commercial, IT parks) that is rapidly expanding into data centres and cloud infrastructure. Construction uses cement, steel and glass; data centres are digital infrastructure. No material animal-derived input, and any tenant link is tertiary. Green.",
Brigade Enterprises Ltd.,BRIGADE,INE791I01019,Consumer Discretionary,Realty,Realty,"Residential, Commercial Projects",Green,"Real-estate developer of residential, office, retail and hospitality projects built with cement, steel, glass and concrete — animal-neutral materials. Any link via a future tenant/occupant is tertiary and not chosen by the developer. Green, consistent with the Real Estate Management & Development group.",
DLF Ltd.,DLF,INE271C01023,Consumer Discretionary,Realty,Realty,"Residential, Commercial Projects",Green,"Real-estate developer of residential and commercial properties built with cement, steel, glass and concrete — animal-neutral materials. Tenant/occupant links are tertiary. Green.",
Equinox India Developments Ltd.,EMBDL,INE069I01010,Consumer Discretionary,Realty,Realty,"Residential, Commercial Projects",Green,"Real-estate developer of residential and commercial projects using cement, steel, glass and concrete — animal-neutral materials. Tenant links are tertiary. Green.",
Ganesh Housing Ltd.,GANESHHOU,INE460C01014,Consumer Discretionary,Realty,Realty,"Residential, Commercial Projects",Green,"Real-estate developer of residential and commercial projects using cement, steel and concrete — animal-neutral materials. Tenant links are tertiary. Green.",
Godrej Properties Ltd.,GODREJPROP,INE484J01027,Consumer Discretionary,Realty,Realty,"Residential, Commercial Projects",Green,"Real-estate developer of residential and commercial projects using cement, steel, glass and concrete — animal-neutral materials. Tenant links are tertiary. Green.",
Kolte-Patil Developers Ltd.,KOLTEPATIL,INE094I01018,Consumer Discretionary,Realty,Realty,"Residential, Commercial Projects",Green,"Real-estate developer of residential and commercial projects using cement, steel and concrete — animal-neutral materials. Tenant links are tertiary. Green.",
Macrotech Developers Ltd.,LODHA,INE670K01029,Consumer Discretionary,Realty,Realty,"Residential, Commercial Projects",Green,"Real-estate developer (Lodha) of residential and commercial projects using cement, steel, glass and concrete — animal-neutral materials. Tenant links are tertiary.",
Mahindra Lifespace Developers Ltd.,MAHLIFE,INE813A01018,Consumer Discretionary,Realty,Realty,"Residential, Commercial Projects",Green,"Real-estate developer of residential projects and industrial clusters using cement, steel and concrete — animal-neutral materials. Tenant links are tertiary. Green.",
Oberoi Realty Ltd.,OBEROIRLTY,INE093I01010,Consumer Discretionary,Realty,Realty,"Residential, Commercial Projects",Green,"Real-estate developer of residential, office, retail and hospitality projects using cement, steel, glass and concrete — animal-neutral materials. Tenant links are tertiary. Green.",
Phoenix Mills Ltd.,PHOENIXLTD,INE211B01039,Consumer Discretionary,Realty,Realty,"Residential, Commercial Projects",Green,"Develops and operates retail-led malls and mixed-use real estate built with cement, steel, glass and concrete — animal-neutral materials. What individual mall tenants sell is a tertiary link not chosen by the landlord. Green.",
Prestige Estates Projects Ltd.,PRESTIGE,INE811K01011,Consumer Discretionary,Realty,Realty,"Residential, Commercial Projects",Green,"Real-estate developer of residential, office, retail and hospitality projects using cement, steel, glass and concrete — animal-neutral materials. Tenant links are tertiary. Green.",
Puravankara Ltd.,PURVA,INE323I01011,Consumer Discretionary,Realty,Realty,"Residential, Commercial Projects",Green,"Real-estate developer of residential and commercial projects using cement, steel and concrete — animal-neutral materials. Tenant links are tertiary. Green.",
Signatureglobal (India) Ltd.,SIGNATURE,INE903U01023,Consumer Discretionary,Realty,Realty,"Residential, Commercial Projects",Green,"eal-estate developer of affordable and mid-segment housing using cement, steel and concrete — animal-neutral materials. Tenant links are tertiary. Green.",
Sobha Ltd.,SOBHA,INE671H01015,Consumer Discretionary,Realty,Realty,"Residential, Commercial Projects",Green,"Real-estate developer of residential and commercial projects using cement, steel, glass and concrete — animal-neutral materials. Tenant links are tertiary. Green.",
Sunteck Realty Ltd.,SUNTECK,INE805D01034,Consumer Discretionary,Realty,Realty,"Residential, Commercial Projects",Green,"Real-estate developer of residential and commercial projects using cement, steel and concrete — animal-neutral materials. Tenant links are tertiary. Green.",
TARC Ltd.,TARC,INE0EK901012,Consumer Discretionary,Realty,Realty,"Residential, Commercial Projects",Green,"Real-estate developer of residential and commercial projects using cement, steel and concrete — animal-neutral materials. Tenant links are tertiary. Green.",
Valor Estate Ltd.,DBREALTY,INE879I01012,Consumer Discretionary,Realty,Realty,"Residential, Commercial Projects",Green,"Real-estate developer of residential, commercial and hospitality projects using cement, steel and concrete — animal-neutral materials. Tenant links are tertiary. Green.",
Devyani International Ltd.,DEVYANI,INE872J01023,Consumer Discretionary,Consumer Services,Leisure Services,Restaurants,Red,"Operates quick-service and casual dining restaurants serving non-vegetarian menu items (chicken, mutton, egg-based dishes). Directly procures and processes animal meat. Some menu items contain animal-derived gelatin (in desserts), tallow (in frying), and casein (in cheese).",
Jubilant Foodworks Ltd.,JUBLFOOD,INE797F01020,Consumer Discretionary,Consumer Services,Leisure Services,Restaurants,Red,"Operates quick-service and casual dining restaurants serving non-vegetarian menu items (chicken, mutton, egg-based dishes). Directly procures and processes animal meat. Some menu items contain animal-derived gelatin (in desserts), tallow (in frying), and casein (in cheese).",
Restaurant Brands Asia Ltd.,RBA,INE07T201019,Consumer Discretionary,Consumer Services,Leisure Services,Restaurants,Red,"Operates quick-service and casual dining restaurants serving non-vegetarian menu items (chicken, mutton, egg-based dishes). Directly procures and processes animal meat. Some menu items contain animal-derived gelatin (in desserts), tallow (in frying), and casein (in cheese).",
Westlife Foodworld Ltd.,WESTLIFE,INE274F01020,Consumer Discretionary,Consumer Services,Leisure Services,Restaurants,Red,"Operates quick-service and casual dining restaurants serving non-vegetarian menu items (chicken, mutton, egg-based dishes). Directly procures and processes animal meat. Some menu items contain animal-derived gelatin (in desserts), tallow (in frying), and casein (in cheese).",
Cera Sanitaryware Ltd,CERA,INE739E01017,Consumer Discretionary,Consumer Durables,Consumer Durables,Sanitary Ware,Green,"Manufactures sanitaryware (WCs, washbasins, faucets). Ceramic and metal-based manufacturing does not involve animal testing or animal-derived inputs.",
Hindware Home Innovation Ltd.,HINDWAREAP,INE05AN01011,Consumer Discretionary,Consumer Durables,Consumer Durables,Sanitary Ware,Green,"Manufactures sanitaryware (WCs, washbasins, faucets). Ceramic and metal-based manufacturing does not involve animal testing or animal-derived inputs.",
Cochin Shipyard Ltd.,COCHINSHIP,INE704P01025,Industrials,Capital Goods,Industrial Manufacturing,Ship Building & Allied Services,Red,"Shipbuilder and ship-repair yard whose order book is ~65% defence (forward pipeline ~77% defence) — builds the Indian Navy's aircraft carrier (IAC Vikrant), Next-Generation Missile Vessels and ASW corvettes, alongside commercial shipbuilding and ship repair. Warship construction is the dominant, core activity, so rated Red on the weapons/vice basis",
Mazagon Dock Shipbuilders,MAZDOCK,INE249Z01020,Industrials,Capital Goods,Industrial Manufacturing,Ship Building & Allied Services,Red,"Defence shipbuilder for the Indian Navy — builds submarines (Kalvari/Scorpene class), destroyers and frigates; effectively all revenue is warship construction. Rated Red on the harmful-product (weapons / Ahimsa-vice) basis",
Great Eastern Shipping Co. Ltd.,GESHIP,INE017A01032,Services,Services,Transport Services,Shipping,Green,"Operates crude/product tankers, gas carriers and dry-bulk vessels plus offshore oilfield-service vessels — carries third-party cargo (oil, gas, bulk) it does not own; no animal-specific carriage. Neutral freight carrier → Green.",
Shipping Corporation of India Ltd.,SCI,INE109A01011,Services,Services,Transport Services,Shipping,Green,"National shipping line operating tankers, bulk carriers, container and offshore vessels carrying third-party cargo it does not own. Neutral freight carrier → Green.",
C.E. Info Systems Ltd.,MAPMYINDIA,INE0BV301023,Information Technology,Information Technology,IT - Software,Software Products,Green,"Provides generic technology services including software development, IT consulting, and technology-enabled services with a diverse client base across industries. No material involvement in animal harm.",
Oracle Financial Services Software Ltd.,OFSS,INE881D01027,Information Technology,Information Technology,IT - Software,Software Products,Green,"Provides generic technology services including software development, IT consulting, and technology-enabled services with a diverse client base across industries. No material involvement in animal harm.",
Tanla Platforms Ltd.,TANLA,INE483C01032,Information Technology,Information Technology,IT - Software,Software Products,Green,"Communications-Platform-as-a-Service (CPaaS) provider — enterprise messaging rails for SMS, voice and WhatsApp/RCS, handling a majority of India's A2P SMS traffic via its Trubloq platform. A horizontal technology/telecom-messaging utility with no animal-derived inputs and no animal-harm linkage. Green.",
Aditya Birla Fashion and Retail Ltd.,ABFRL,INE647O01011,Consumer Discretionary,Consumer Services,Retailing,Speciality Retail,Orange,"Diversified apparel and fashion house spanning Pantaloons department stores, Madura brands (Louis Philippe, Van Heusen, Allen Solly, Peter England), ethnic labels (Jaypore, Tasva, Sabyasachi) and luxury/footwear. Revenue is predominantly apparel, with leather footwear and accessories, luxury leather and silk ethnic wear as genuine but minority sub-segments, so exposure is below the Red threshold, consistent with peer premium fashion retailers Arvind Fashions, Trent and Vedant Fashions",
Arvind Fashions Ltd.,ARVINDFASN,INE955V01021,Consumer Discretionary,Consumer Services,Retailing,Speciality Retail,Orange,"Premium multi-brand apparel house (U.S. Polo Assn., Arrow, Tommy Hilfiger, Calvin Klein, Flying Machine). The core is apparel, but footwear and accessories (belts, wallets, shoes, partly leather) are about 24% of sales, a genuine but minority animal-derived exposure, placing it above pure cotton-garment makers (Green) and below dedicated leather/silk sellers (Red), so Orange",
Go Fashion (India) Ltd.,GOCOLORS,INE0BJS01011,Consumer Discretionary,Consumer Services,Retailing,Speciality Retail,Green,"Single-category specialist (Go Colors) in women's bottom-wear such as leggings, churidars, pants, palazzos and skirts, made from cotton, lycra, polyester and rayon. No leather, wool or silk in the product base, so animal involvement is incidental, consistent with cotton-apparel peers Lux Industries and Page Industries (both Green)",
Sai Silks (Kalamandir) Ltd.,KALAMANDIR,INE438K01021,Consumer Discretionary,Consumer Services,Retailing,Speciality Retail,Red,"Retailer of silk sarees and ethnic wear (Kalamandir, Varamahalakshmi) where silk — an animal-derived fibre — is the core, defining product category. Directly retailing silk as the core line places it in Red",
Trent Ltd.,TRENT,INE849A01020,Consumer Discretionary,Consumer Services,Retailing,Speciality Retail,Orange,"Operates Westside, Zudio and Star (hypermarket) retail. Apparel is predominantly cotton and synthetic, with a minority of leather, wool and silk items, and the Star grocery format sells some animal foods. Animal-derived goods are a minority of a broad, otherwise-neutral retail mix → Orange.",
Vedant Fashions Ltd.,MANYAVAR,INE825V01034,Consumer Discretionary,Consumer Services,Retailing,Speciality Retail,Orange,Operates Manyavar/Mohey ethnic wedding-wear retail. Garments are predominantly synthetic and blended fabrics with a minority of silk; directly retailing some animal-derived (silk) apparel as a minority line → Orange.,
Aarti Industries Ltd.,AARTIIND,INE769A01020,Commodities,Chemicals,Chemicals & Petrochemicals,Specialty Chemicals,Green,"Manufactures benzene-based specialty chemicals (nitro-chloro-benzene, di-chloro-benzene, nitrotoluene, PDA value chain) and pharma/agro intermediates serving agrochemical, pharma, dye, polymer and refinery customers. Petrochemical/organic synthesis with no animal-derived inputs; supplying downstream industries is not itself a direct animal-harm activity.",
Aether Industries Ltd.,AETHER,INE0BWX01014,Commodities,Chemicals,Chemicals & Petrochemicals,Specialty Chemicals,Green,"Manufactures advanced specialty chemicals and high-value pharma/material intermediates by organic synthesis from petrochemical feedstock - no material animal-derived input, so Green.",
Alkyl Amines Chemicals Ltd.,ALKYLAMINE,INE150B01039,Commodities,Chemicals,Chemicals & Petrochemicals,Specialty Chemicals,Green,"Manufactures aliphatic amines and amine derivatives from petrochemical feedstock for pharma, agro and industrial use - no material animal-derived input, so Green.",
Anupam Rasayan India Ltd.,ANURAS,INE930P01018,Commodities,Chemicals,Chemicals & Petrochemicals,Specialty Chemicals,Green," Manufactures specialty chemicals via custom synthesis (agrochemical, pharma and pigment intermediates) from petrochemical feedstock - no material animal-derived input, so Green.",
Archean Chemical Industries Ltd.,ACI,INE128X01021,Commodities,Chemicals,Chemicals & Petrochemicals,Specialty Chemicals,Green,"Manufactures bromine, industrial salt and sulphate of potash from seawater brine - inorganic marine chemicals with no animal-derived input, so Green.",
Atul Ltd.,ATUL,INE100A01010,Commodities,Chemicals,Chemicals & Petrochemicals,Specialty Chemicals,Green,"Manufactures aromatics, colors, crop-protection and specialty chemicals from petrochemical feedstock - no material animal-derived input, so Green.",
BASF India Ltd.,BASF,INE373A01013,Commodities,Chemicals,Chemicals & Petrochemicals,Specialty Chemicals,Green,"Manufactures and markets diversified chemicals - agricultural solutions, dispersions, performance and industrial chemicals - largely from petrochemical and mineral feedstock with no material animal-derived input, so Green.",
Balaji Amines Ltd.,BALAMINES,INE050E01027,Commodities,Chemicals,Chemicals & Petrochemicals,Specialty Chemicals,Green,"Manufactures aliphatic amines, specialty amines and amine derivatives from petrochemical feedstock - no material animal-derived input, so Green.",
Bhansali Engineering Polymers Ltd.,BEPL,INE922A01025,Commodities,Chemicals,Chemicals & Petrochemicals,Specialty Chemicals,Green,"Manufactures ABS and SAN engineering thermoplastic resins from petrochemical feedstock - no material animal-derived input, so Green.",
Clean Science and Technology Ltd.,CLEAN,INE227W01023,Commodities,Chemicals,Chemicals & Petrochemicals,Specialty Chemicals,Green,"Manufactures performance chemicals and pharma/FMCG intermediates by green catalytic synthesis from petrochemical feedstock - no material animal-derived input, so Green.",
Deepak Nitrite Ltd.,DEEPAKNTR,INE288B01029,Commodities,Chemicals,Chemicals & Petrochemicals,Specialty Chemicals,Green,"Manufactures basic and fine/specialty chemicals (phenol, acetone, nitrites, intermediates) from petrochemical feedstock - no material animal-derived input, so Green.",
Epigral Ltd.,EPIGRAL,INE071N01016,Commodities,Chemicals,Chemicals & Petrochemicals,Specialty Chemicals,Green,"Manufactures chlor-alkali and derivative chemicals (caustic soda, chlorine, CPVC, epichlorohydrin) from inorganic and petrochemical feedstock - no material animal-derived input, so Green.",
Fine Organic Industries Ltd.,FINEORG,INE686Y01026,Commodities,Chemicals,Chemicals & Petrochemicals,Specialty Chemicals,Green,"Manufactures oleochemical-based additives (food emulsifiers, polymer and rubber additives) from vegetable-oil feedstock - plant-based, with no material animal-derived input, so Green.",
Fineotex Chemical Ltd.,FCL,INE045J01034,Commodities,Chemicals,Chemicals & Petrochemicals,Specialty Chemicals,Green,"Manufactures textile, water-treatment and hygiene specialty chemicals from petrochemical feedstock - no material animal-derived input, so Green.",
Gujarat Fluorochemicals Ltd.,FLUOROCHEM,INE09N301011,Commodities,Chemicals,Chemicals & Petrochemicals,Specialty Chemicals,Green,"Manufactures fluoropolymers, fluorochemicals, refrigerants and battery/EV chemicals from fluorspar and petrochemical feedstock - no material animal-derived input, so Green.",
Himadri Speciality Chemical Ltd.,HSCL,INE019C01026,Commodities,Chemicals,Chemicals & Petrochemicals,Specialty Chemicals,Green,"Manufactures coal-tar pitch, carbon black, specialty carbon and advanced battery materials from coal-tar and petrochemical feedstock - no material animal-derived input, so Green.",
Jubilant Ingrevia Ltd.,JUBLINGREA,INE0BY001018,Commodities,Chemicals,Chemicals & Petrochemicals,Specialty Chemicals,Orange,"Manufactures life-science and specialty chemicals from petrochemical feedstock, but also runs a substantial Animal Nutrition and Health Solutions business - globally the second-largest maker of Vitamin B3 and a leading choline-chloride producer supplying poultry, dairy, aqua and swine feed additives. Because it makes products specifically for animal-rearing industries, it is rated Orange.",
Laxmi Organic Industries Ltd.,LXCHEM,INE576O01020,Commodities,Chemicals,Chemicals & Petrochemicals,Specialty Chemicals,Green,"Manufactures acetyl and specialty intermediates (ethyl acetate, diketene derivatives) from petrochemical feedstock - no material animal-derived input, so Green.",
NEOGEN CHEMICALS LTD.,NEOGEN,INE136S01016,Commodities,Chemicals,Chemicals & Petrochemicals,Specialty Chemicals,Green,"Manufactures bromine- and lithium-based specialty chemicals and battery electrolytes from inorganic and petrochemical feedstock - no material animal-derived input, so Green.",
NOCIL Ltd.,NOCIL,INE163A01018,Commodities,Chemicals,Chemicals & Petrochemicals,Specialty Chemicals,Green,"Manufactures rubber chemicals (accelerators and antioxidants) for the tyre and rubber industry from petrochemical feedstock - no material animal-derived input, so Green.",
Navin Fluorine International Ltd.,NAVINFLUOR,INE048G01026,Commodities,Chemicals,Chemicals & Petrochemicals,Specialty Chemicals,Green,"Manufactures fluorochemicals, specialty fluorointermediates and CDMO products from fluorspar and petrochemical feedstock - no material animal-derived input, so Green.",
Pidilite Industries Ltd.,PIDILITIND,INE318A01026,Commodities,Chemicals,Chemicals & Petrochemicals,Specialty Chemicals,Green,"Manufactures adhesives, sealants, construction chemicals and art materials (Fevicol, M-Seal, Fevikwik) from synthetic petrochemical feedstock - no material animal-derived input, so Green.",
Rossari Biotech Ltd.,ROSSARI,INE02A801020,Commodities,Chemicals,Chemicals & Petrochemicals,Specialty Chemicals,Orange,"Specialty-chemicals maker — Home, Personal Care & Performance Chemicals ~77% of revenue and Textile Specialty Chemicals ~17% (both animal-neutral) — plus an Animal Health & Nutrition segment ~6% (poultry/livestock feed supplements, additives and pet treats) that directly serves animal-rearing industries. Rated Orange for that minority enabling line; not Red, because it is ~6% of revenue and an input-supplier, not a core animal-feed/animal-products business.",
SRF Ltd.,SRF,INE647A01010,Commodities,Chemicals,Chemicals & Petrochemicals,Specialty Chemicals,Green,"Manufactures fluorochemicals, specialty chemicals, technical textiles and packaging films from petrochemical and fluorspar feedstock - no material animal-derived input, so Green.",
Vinati Organics Ltd.,VINATIORGA,INE410B01037,Commodities,Chemicals,Chemicals & Petrochemicals,Specialty Chemicals,Green,"Manufactures specialty organic chemicals (IBB, ATBS, isobutylene derivatives) from petrochemical feedstock - no material animal-derived input, so Green.",
Lloyds Metals And Energy Ltd.,LLOYDSME,INE281B01032,Commodities,Metals & Mining,Ferrous Metals,Sponge Iron,Green,Manufactures sponge iron through direct reduction of iron ore. Metallurgical processing does not involve animal testing or animal-derived inputs.,
DOMS Industries Ltd.,DOMS,INE321T01012,Fast Moving Consumer Goods,Fast Moving Consumer Goods,Household Products,Stationary,Green,"Leading stationery and art-materials manufacturer (wooden and colour pencils, crayons, erasers, sharpeners, pens, scholastic kits, plus baby diapers and wipes). Core materials are wood, graphite, pigments and plastics with no material animal-derived input; any binder or stearate is incidental and commonly plant-based, so Green.",
360 ONE WAM Ltd.,360ONE,INE466L01038,Financial Services,Financial Services,Capital Markets,Stockbroking & Allied,Orange,"Provides stockbroking and securities trading services where brokerage revenue comes from trading shares of animal-dependent companies (meat processors, pharmaceutical companies, leather manufacturers). Brokers facilitate capital raising for animal-harming industries through IPOs, FPOs, and secondary market transactions.",
Angel One Ltd.,ANGELONE,INE732I01021,Financial Services,Financial Services,Capital Markets,Stockbroking & Allied,Orange,"Provides stockbroking and securities trading services where brokerage revenue comes from trading shares of animal-dependent companies (meat processors, pharmaceutical companies, leather manufacturers). Brokers facilitate capital raising for animal-harming industries through IPOs, FPOs, and secondary market transactions.",
ICICI Securities Ltd.,ISEC,INE763G01038,Financial Services,Financial Services,Capital Markets,Stockbroking & Allied,Orange,"Provides stockbroking and securities trading services where brokerage revenue comes from trading shares of animal-dependent companies (meat processors, pharmaceutical companies, leather manufacturers). Brokers facilitate capital raising for animal-harming industries through IPOs, FPOs, and secondary market transactions.",[DELISTED — now unlisted wholly-owned subsidiary of ICICI Bank Ltd. (INE090A01021)]
Motilal Oswal Financial Services Ltd.,MOTILALOFS,INE338I01027,Financial Services,Financial Services,Capital Markets,Stockbroking & Allied,Orange,"Provides stockbroking and securities trading services where brokerage revenue comes from trading shares of animal-dependent companies (meat processors, pharmaceutical companies, leather manufacturers). Brokers facilitate capital raising for animal-harming industries through IPOs, FPOs, and secondary market transactions.",
Nuvama Wealth Management Ltd.,NUVAMA,INE531F01023,Financial Services,Financial Services,Capital Markets,Stockbroking & Allied,Orange,"Provides stockbroking and securities trading services where brokerage revenue comes from trading shares of animal-dependent companies (meat processors, pharmaceutical companies, leather manufacturers). Brokers facilitate capital raising for animal-harming industries through IPOs, FPOs, and secondary market transactions.",
Bajaj Hindusthan Sugar Ltd.,BAJAJHIND,INE306A01021,Fast Moving Consumer Goods,Fast Moving Consumer Goods,Agricultural Food & other Products,Sugar,Green,"Produces sugar, ethanol and power from sugarcane. Indian mills decolourise sugar by the sulphitation (sulphur dioxide) process, not bone char, so the product is plant-derived with no animal input.",
Balrampur Chini Mills Ltd.,BALRAMCHIN,INE119A01028,Fast Moving Consumer Goods,Fast Moving Consumer Goods,Agricultural Food & other Products,Sugar,Green,"Produces sugar, distillery/ethanol products and power from sugarcane. Decolourisation uses the sulphitation process and ion-exchange resins, not bone char, so the product is plant-derived with no animal input.",
Shree Renuka Sugars Ltd.,RENUKA,INE087H01022,Fast Moving Consumer Goods,Fast Moving Consumer Goods,Agricultural Food & other Products,Sugar,Green,"Produces and refines sugar, ethanol and power from sugarcane. Indian sugar refining uses sulphitation, activated carbon and ion-exchange resins, not bone char, so the product is plant-derived with no animal input, so Green.",
Triveni Engineering & Industries Ltd.,TRIVENI,INE256C01024,Fast Moving Consumer Goods,Fast Moving Consumer Goods,Agricultural Food & other Products,Sugar,Green,"Produces sugar, ethanol and power from sugarcane, alongside an engineering business in gears and water treatment. Sugar is decolourised by the sulphitation process, not bone char, so it is plant-derived with no animal input, so Green.",
CCL Products (I) Ltd.,CCL,INE421D01022,Fast Moving Consumer Goods,Fast Moving Consumer Goods,Agricultural Food & other Products,Tea & Coffee,Green,"One of the world's largest contract manufacturers of instant/soluble coffee, processing green coffee beans into spray-dried, freeze-dried and agglomerated coffee. Entirely plant-derived with no animal input, so Green.",
Tata Consumer Products Ltd.,TATACONSUM,INE192A01025,Fast Moving Consumer Goods,Fast Moving Consumer Goods,Agricultural Food & other Products,Tea & Coffee,Green,"A plant- and mineral-based food and beverage company - Tata Tea and Tetley, Tata Coffee and Eight O'Clock, Tata Salt, and Tata Sampann pulses and spices, plus Starbucks and Himalayan water. No animal-derived product line, so Green, consistent with CCL Products.",
Bharti Airtel Ltd.,BHARTIARTL,INE397D01024,Telecommunication,Telecommunication,Telecom - Services,Telecom,Green,Provides telecommunications services through cellular and fixed-line networks. Operations do not directly involve animal testing or animal-derived inputs.,
Bharti Hexacom Ltd.,BHARTIHEXA,INE343G01021,Telecommunication,Telecommunication,Telecom - Services,Telecom,Green,Provides telecommunications services through cellular and fixed-line networks. Operations do not directly involve animal testing or animal-derived inputs.,
Tata Communications Ltd.,TATACOMM,INE151A01013,Telecommunication,Telecommunication,Telecom - Services,Telecom,Green,Provides telecommunications services through cellular and fixed-line networks. Operations do not directly involve animal testing or animal-derived inputs.,
Tata Teleservices (Maharashtra) Ltd.,TTML,INE517B01013,Telecommunication,Telecommunication,Telecom - Services,Telecom,Green,Provides telecommunications services through cellular and fixed-line networks. Operations do not directly involve animal testing or animal-derived inputs.,
Vodafone Idea Ltd.,IDEA,INE669E01016,Telecommunication,Telecommunication,Telecom - Services,Telecom,Green,Provides telecommunications services through cellular and fixed-line networks. Operations do not directly involve animal testing or animal-derived inputs.,
ITI Ltd.,ITI,INE248A01017,Telecommunication,Telecommunication,Telecom - Equipment & Accessories,Telecom - Equipment & Accessories,Green,"Manufactures telecom equipment including optical fiber, switches, and routers. Electronics manufacturing does not involve animal testing or animal-derived inputs. Products are generic technology infrastructure.",
Optiemus Infracom Ltd.,OPTIEMUS,INE350C01017,Telecommunication,Telecommunication,Telecom - Equipment & Accessories,Telecom - Equipment & Accessories,Green,"Contract manufacturer and distributor of mobile handsets, wearables, hearables and telecom equipment. Electronic and metal assembly with no animal-derived material in the product; lubricants used to run machinery are expressly not a basis under Section 6, so Green.",
Sterlite Technologies Ltd.,STLTECH,INE089C01029,Telecommunication,Telecommunication,Telecom - Equipment & Accessories,Telecom - Equipment & Accessories,Green,"Manufactures telecom equipment including optical fiber, switches, and routers. Electronics manufacturing does not involve animal testing or animal-derived inputs. Products are generic technology infrastructure.",
Tejas Networks Ltd.,TEJASNET,INE010J01012,Telecommunication,Telecommunication,Telecom - Equipment & Accessories,Telecom - Equipment & Accessories,Green,"Manufactures telecom equipment including optical fiber, switches, and routers. Electronics manufacturing does not involve animal testing or animal-derived inputs. Products are generic technology infrastructure.",
HFCL Ltd.,HFCL,INE548A01028,Telecommunication,Telecommunication,Telecom - Services,Telecom,Green,"Builds and operates telecom infrastructure (towers, fiber). Operations do not directly involve animal harm.",
Indus Towers Ltd.,INDUSTOWER,INE121J01017,Telecommunication,Telecommunication,Telecom - Services,Telecom,Green,"Builds and operates telecom infrastructure (towers, fiber). Operations do not directly involve animal harm.",
BLS International Services Ltd.,BLS,INE153T01027,Consumer Discretionary,Consumer Services,Leisure Services,"Tour, Travel Related Services",Green,"Provides visa, passport, consular and e-governance outsourcing services to governments worldwide (application processing, biometrics, attestation). It is an administrative-services business with no animal-derived product or animal-tourism activity, so Green.",
Easy Trip Planners Ltd.,EASEMYTRIP,INE07O001026,Consumer Discretionary,Consumer Services,Leisure Services,"Tour, Travel Related Services",Green,Online travel agency selling flight/hotel/holiday bookings — a neutral booking intermediary owning no transport or hospitality assets and serving no food. Green,
Indian Railway Catering And Tourism Corporation Ltd.,IRCTC,INE335Y01020,Consumer Discretionary,Consumer Services,Leisure Services,"Tour, Travel Related Services",Orange,"State-owned monopoly for railway e-ticketing (~28% of revenue), catering (~45%), tourism (~20%) and Rail Neer packaged water (~7%). Catering is a core segment that directly serves non-veg meals, but non-veg is a minority of meals within it (most train catering is vegetarian), so animal-derived food is a real but minor share of total revenue. Orange — above incidental, below the Red threshold of a dedicated animal-food business.",
Le Travenues Technology Ltd.,IXIGO,INE0HV901016,Consumer Discretionary,Consumer Services,Leisure Services,"Tour, Travel Related Services",Green,Online travel-tech platform for train/flight/bus bookings — a neutral booking intermediary owning no transport or hospitality assets. Green,
TBO Tek Ltd.,TBOTEK,INE673O01025,Consumer Discretionary,Consumer Services,Leisure Services,"Tour, Travel Related Services",Green,B2B travel-distribution platform connecting agents with airlines/hotels — a neutral intermediary owning no assets and serving no food. Green,
Thomas Cook (India) Ltd.,THOMASCOOK,INE332A01027,Consumer Discretionary,Consumer Services,Leisure Services,"Tour, Travel Related Services",Orange,"Provides travel booking, tour planning, and tourism services. Travel packages include animal tourism activities (wildlife safaris, elephant rides, horse carriage tours). Travel services also book hotels and restaurants serving non-veg food.",
Escorts Kubota Ltd.,ESCORTS,INE042A01014,Industrials,Capital Goods,"Agricultural, Commercial & Construction Vehicles",Tractors,Green,Manufactures agricultural tractors. Core business is heavy engineering and metal fabrication without direct animal involvement.,
Aegis Logistics Ltd.,AEGISLOG,INE208C01025,Energy,"Oil, Gas & Consumable Fuels",Gas,Oil & Gas,Green,Trades in natural gas and LPG. Trading operations do not directly involve animal harm.,
Adani Enterprises Ltd.,ADANIENT,INE423A01024,Commodities,Metals & Mining,Metals & Minerals Trading,Trading - Minerals,Orange,"Infrastructure and energy incubator by revenue, but its Adani Defence & Aerospace subsidiaries manufacture weapons inside the listed entity — small, medium and large-calibre ammunition including 155mm artillery shells at the Kanpur complex (designed to meet about a quarter of India's small-calibre requirement), missiles and loitering munitions at Hyderabad (including a surface-to-air missile complex), small arms at Gwalior, and combat-capable military drones through the Adani–Elbit venture. Currently a small minority of consolidated revenue but a deliberate, fast-scaling weapons business, so Orange under the minority-weapons-line rule",
MMTC Ltd.,MMTC,INE123F01029,Services,Services,Commercial Services & Supplies,Trading & Distributors,Green,Operates trading and distribution business. May trade animal-derived products but operations do not directly involve animal harm.,
MSTC Ltd.,MSTCLTD,INE255X01014,Services,Services,Commercial Services & Supplies,Trading & Distributors,Green,Operates trading and distribution business. May trade animal-derived products but operations do not directly involve animal harm.,
Redington Ltd.,REDINGTON,INE891D01026,Services,Services,Commercial Services & Supplies,Trading & Distributors,Green,Operates trading and distribution business. May trade animal-derived products but operations do not directly involve animal harm.,
Den Networks Ltd.,DEN,INE947J01015,Consumer Discretionary,"Media, Entertainment & Publication",Entertainment,Media & Entertainment,Green,"Operates one of India's largest cable-TV distribution networks (MSO) and broadband internet services, carrying TV signals to subscribers. It produces no animal-derived product, and advertising or carriage income is generic, so the animal link is tertiary; Green.",
Dish TV India Ltd.,DISHTV,INE836F01026,Consumer Discretionary,"Media, Entertainment & Publication",Entertainment,Media & Entertainment,Green,"Provides direct-to-home satellite television distribution. Carriage of third-party channels is a neutral distribution service with no animal-derived product, so Green.",
Hathway Cable & Datacom Ltd.,HATHWAY,INE982F01036,Consumer Discretionary,"Media, Entertainment & Publication",Entertainment,Media & Entertainment,Green,"Provides cable television distribution and broadband internet services. Neutral distribution and connectivity infrastructure with no animal-derived product, so Green.",
Sun TV Network Ltd.,SUNTV,INE424H01027,Consumer Discretionary,"Media, Entertainment & Publication",Entertainment,Media & Entertainment,Green,"Operates satellite television channels, FM radio and film production/distribution across South India. Content and advertising revenue is animal-neutral, so Green.",
TV18 Broadcast Ltd.,TV18BRDCST,INE886H01027,Consumer Discretionary,"Media, Entertainment & Publication",Entertainment,Media & Entertainment,Green,"Operates news and entertainment television channels and digital news platforms. Content and advertising revenue is animal-neutral, so Green.",[DELISTED — merged into Network18 Media & Investments Ltd. (INE870H01013)]
Zee Entertainment Enterprises Ltd.,ZEEL,INE256A01028,Consumer Discretionary,"Media, Entertainment & Publication",Entertainment,Media & Entertainment,Green,"Operates entertainment television channels, the ZEE5 streaming platform, music and film production. Content and advertising revenue is animal-neutral, so Green.",
Apollo Tyres Ltd.,APOLLOTYRE,INE438A01022,Consumer Discretionary,Automobile and Auto Components,Auto Components,Tyres & Rubber Products,Green,"Manufactures tyres from natural and synthetic rubber, carbon black, steel cord and textile fabric — animal-neutral materials. The only animal-linked input, stearic acid used as a vulcanisation activator, is a trace (~1–3%), fully substitutable ingredient that is largely palm/vegetable-derived in India — not a material animal input. Green",
Balkrishna Industries Ltd.,BALKRISIND,INE787D01026,Consumer Discretionary,Automobile and Auto Components,Auto Components,Tyres & Rubber Products,Green,"Manufactures off-highway and industrial tyres from natural and synthetic rubber, carbon black and steel/textile reinforcement — animal-neutral materials. Stearic acid (vulcanisation activator) is a trace, substitutable, largely plant-derived input, not material. Green",
Ceat Ltd.,CEATLTD,INE482A01020,Consumer Discretionary,Automobile and Auto Components,Auto Components,Tyres & Rubber Products,Green,"Manufactures tyres from natural and synthetic rubber, carbon black, steel cord and textile fabric — animal-neutral materials. Stearic acid (vulcanisation activator) is a trace, substitutable, largely plant-derived input, not material. Green",
JK Tyre & Industries Ltd.,JKTYRE,INE573A01042,Consumer Discretionary,Automobile and Auto Components,Auto Components,Tyres & Rubber Products,Green,"Manufactures tyres from natural and synthetic rubber, carbon black, steel cord and textile fabric — animal-neutral materials. Stearic acid (vulcanisation activator) is a trace, substitutable, largely plant-derived input, not material. Green",
MRF Ltd.,MRF,INE883A01011,Consumer Discretionary,Automobile and Auto Components,Auto Components,Tyres & Rubber Products,Green,"Manufactures tyres, tubes and rubber products from natural and synthetic rubber, carbon black, steel cord and textile fabric — animal-neutral materials. Stearic acid (vulcanisation activator) is a trace, substitutable, largely plant-derived input, not material. Green",
Ion Exchange (India) Ltd.,IONEXCHANG,INE570A01022,Utilities,Utilities,Other Utilities,Water Supply & Management,Green,Provides water treatment and supply services. Water treatment uses chemical and physical processes without animal involvement.,
Va Tech Wabag Ltd.,WABAG,INE956G01038,Utilities,Utilities,Other Utilities,Water Supply & Management,Green,Provides water treatment and supply services. Water treatment uses chemical and physical processes without animal involvement.,
Hindustan Zinc Ltd.,HINDZINC,INE267A01025,Commodities,Metals & Mining,Non - Ferrous Metals,Zinc,Green,Extracts and refines zinc from lead-zinc ore. Electrolytic refining process does not involve animal testing or animal-derived inputs.,
Elecon Engineering Co. Ltd.,ELECON,INE205B01031,Industrials,Capital Goods,Industrial Products,"Power Transmission, Foundry",Green,Manufactures power transmission equipment and foundry products. Metal casting and fabrication without animal involvement.,
Godawari Power & Ispat Ltd.,GPIL,INE177H01039,Commodities,Metals & Mining,Iron & Steel Products,"Power, Sponge Iron",Green,Manufactures sponge iron and generates power. Metallurgical and utility operations do not involve animal harm.,
Jindal Saw Ltd.,JINDALSAW,INE324A01032,Commodities,Metals & Mining,Iron & Steel Products,Pipes,Green,"Manufactures pipes and fittings from steel, PVC, and HDPE. Manufacturing process does not involve animal testing or animal-derived inputs.",
KSB Ltd.,KSB,INE999A01023,Capital Goods,Industrial Products,Compressors Pumps & Diesel Engines,"Pumps, Valves",Green,"Manufactures industrial pumps and valves. Metal casting, machining, and assembly without animal testing or animal-derived inputs.",
Sapphire Foods India Ltd.,SAPPHIRE,INE806T01020,Consumer Discretionary,Leisure Services,Restaurants,Food,Red,"Master-franchise operator of KFC, Pizza Hut and Taco Bell across India, the Maldives and Sri Lanka. KFC's core menu is fried chicken, so meat is central to revenue, making this a core animal-product (meat-serving) business - Red.",
Varun Beverages Ltd.,VBL,INE200M01039,Fast Moving Consumer Goods,Beverages,Other Beverages,Bottling,Red,"Its dairy line (Cream Bell milkshakes) is only a minority product, but VBL crossed into a ""vice"" category in October 2025 by formally entering alcohol — signing a Carlsberg beer-distribution deal, adding the manufacture/sale of beer, wine and spirits to its corporate objects, and separately acquiring dairy producers (Crickley Dairy, Devyani Kenya).",
Matrimony.com Ltd,MATRIMONY,INE866R01028,Communication Services,Media & Entertainment,Interactive Media & Services,Interactive Media & Services,Green,Operates digital platforms for media and interactive services. Technology operations do not involve animal testing or animal-derived inputs.,
Entertainment Network (India) Limited,ENIL,INE265F01028,Communication Services,Media & Entertainment,Media,Broadcasting,Green,"Operates Radio Mirchi FM radio broadcasting and related media and live events. Radio broadcasting carries no animal-derived product, and generic advertising revenue that is not specifically for animal-harm products is not a basis for escalation, so Green.",
Jagran Prakashan Ltd,JAGRAN,INE199G01027,Communication Services,Media & Entertainment,Media,Media & Entertainment,Green,"Publishes newspapers, magazines, and educational materials. Printing and publishing process does not involve animal testing or animal-derived inputs.",
D.B.Corp Limited,DBCORP,INE950I01011,Communication Services,Media & Entertainment,Media,Media & Entertainment,Green,"Publishes newspapers, magazines, and educational materials. Printing and publishing process does not involve animal testing or animal-derived inputs.",
MPS Limited,MPSLTD,INE943D01017,Communication Services,Media & Entertainment,Media,Media & Entertainment,Green,"Publishes newspapers, magazines, and educational materials. Printing and publishing process does not involve animal testing or animal-derived inputs.",
Navneet Education Limited,NAVNETEDUL,INE060A01024,Communication Services,Media & Entertainment,Media,Media & Entertainment,Green,"Publishes newspapers, magazines, and educational materials. Printing and publishing process does not involve animal testing or animal-derived inputs.",
GNA Axles,GNA,INE934S01014,Consumer Discretionary,Automobiles & Components,Automobile Components,Automotive Parts & Equipment,Green,"Manufactures rear axle shafts, spindles, drive/propeller shafts and gears for commercial vehicles, tractors, off-highway vehicles and SUVs — metal forging and machining only, with no leather or animal-derived input.",
S.J.S. Enterprises Ltd,SJS,INE284S01014,Consumer Discretionary,Automobiles & Components,Automobile Components,Automotive Parts & Equipment,Green,"Manufactures decorative automotive aesthetics — logos, badges, dials, decals, chrome-plated and in-mould parts — from plastics and metals, with no animal-derived input, so Green.",
Automotive Axles Limited,AUTOAXLES,INE449A01011,Consumer Discretionary,Automobiles & Components,Automobile Components,Automotive Parts & Equipment,Green,"Manufactures axles and braking systems for commercial vehicles (forged/cast metal), with no animal-derived input, so Green.",
Federal-Mogul Goetze (India) Limited.,FMGOETZE,INE529A01010,Consumer Discretionary,Automobiles & Components,Automobile Components,Automotive Parts & Equipment,Green,"Manufactures pistons, piston rings, valve seats and bearings — metallurgical engine components — with no animal-derived input, so Green.",
Sandhar Technologies Limited,SANDHAR,INE278H01035,Consumer Discretionary,Automobiles & Components,Automobile Components,Automotive Parts & Equipment,Green,"Manufactures locks, mirrors, handles, sheet-metal and die-cast components from metals and plastics, with no animal-derived input, so Green.",
Sundaram Clayton Ltd,SUNCLAY,INE0Q3R01026,Consumer Discretionary,Automobiles & Components,Automobile Components,Automotive Parts & Equipment,Green,"Manufactures aluminium die-castings and related auto components (metal), with no animal-derived input, so Green.",
TVS Holdings Limited,TVSHLTD,INE105A01035,Consumer Discretionary,Automobiles & Components,Automobile Components,Automotive Parts & Equipment,Orange,Holding company of the TVS group with controlling stakes in TVS Motor and group auto/finance businesses; rated on holding-company logic for diversified capital deployment including finance. Not a parts manufacturer.,
Igarashi Motors India Limited,IGARASHI,INE188B01013,Consumer Discretionary,Automobiles & Components,Automobile Components,Automotive Parts & Equipment,Green,"Manufactures DC micro-motors for automotive and industrial use (copper, magnets, electronics), with no animal-derived input, so Green.",
Brand Concepts Ltd,BCONCEPTS,INE977Y01011,Consumer Discretionary,Consumer Discretionary Distrib,Specialty Retail,Apparel Retail,Orange,"Designs, licenses and retails travel gear and accessories (Tommy Hilfiger ~80%+ of revenue, plus UCB, Superdry, Aeropostale). Core is luggage/backpacks (synthetic), but the portfolio includes a genuine small-leather-goods line (leather belts, wallets) and handbags. Real but minority animal-derived exposure, below the dedicated-leather/silk-retailer threshold",
Butterfly Gandhimathi Appliances Limited,BUTTERFLY,INE295F01017,Consumer Discretionary,Consumer Durables & Apparel,Household Durables,Household Appliances,Green,"Manufactures kitchen and small domestic appliances - pressure cookers, non-stick cookware, mixer grinders, gas stoves and water heaters. Metal, plastic and electronic manufacturing with no animal-derived input, so Green.",
TTK Prestige Limited,TTKPRESTIG,INE690A01028,Consumer Discretionary,Consumer Durables & Apparel,Household Durables,Household Appliances,Green,"Manufactures pressure cookers, cookware, kitchen appliances and cleaning solutions under the Prestige brand. Metal, plastic and electronic manufacturing with no animal-derived input, so Green.",
Hawkins Cookers Limited,HAWKINCOOK,INE979B01015,Consumer Discretionary,Consumer Durables & Apparel,Household Durables,Household Appliances,Green,"Manufactures pressure cookers and cookware under the Hawkins and Futura brands. Metal, plastic and electronic manufacturing with no animal-derived input, so Green.",
La Opala RG Limited,LAOPALA,INE059D01020,Consumer Discretionary,Consumer Durables & Apparel,Household Durables,Housewares & Specialties,Green,"Manufactures opalware tableware and crystalware/glassware. The process is inorganic (opal-glass and crystal from silica, soda ash and minerals) with no animal-derived ingredient critical to manufacturing, so Green, consistent with Borosil.",
Thangamayil Jewellery Limited,THANGAMAYL,INE085J01014,Consumer Discretionary,Consumer Discretionary Distrib,Specialty Retail,Other Specialty Retail,Green,"Gold and diamond jewellery retailer; animal-neutral materials, so Green",
Kewal Kiran Clothing Limited,KKCL,INE401H01017,Consumer Discretionary,Consumer Durables & Apparel,"Textiles, Apparel & Luxury Goo","Apparel, Accessories & Luxury",Green,"Branded apparel maker (Killer, Lawman Pg3, Integriti, Easies, Junior Killer); core products are denim jeans, shirts, trousers and casual/formal cotton wear. Recent footwear and lifestyle-accessory forays are small experimental lines. No leather/wool/silk as a material revenue source — predominantly cotton and denim;
animal-derived involvement incidental",
Pearl Global Industries Limited,PGIL,INE940H01022,Consumer Discretionary,Consumer Durables & Apparel,"Textiles, Apparel & Luxury Goo","Apparel, Accessories & Luxury",Green,"One of India's largest listed garment exporters; contract-manufactures knits, woven tops, bottoms, outerwear, sleepwear and activewear in cotton and synthetics for global brands (Zara, Ralph Lauren, Calvin Klein, Walmart). No animal-derived material as a core input",
S.P. Apparels Ltd,SPAL,INE212I01016,Consumer Discretionary,Consumer Durables & Apparel,"Textiles, Apparel & Luxury Goo","Apparel, Accessories & Luxury",Green,"Tirupur-based vertically integrated manufacturer/exporter of 100% knitted cotton garments, specialising in infant- and children's-wear for UK/EU retailers (Tesco, Primark, Mothercare). Cotton-only base; no leather/wool/silk",
PDS Ltd,PDSL,INE111Q01021,Consumer Discretionary,Consumer Durables & Apparel,"Textiles, Apparel & Luxury Goo","Apparel, Accessories & Luxury",Orange,"Global apparel design, sourcing and virtual-manufacturing platform for international brands and retailers. The bulk of the catalogue is cotton and synthetic garments, but the company also develops and sources footwear and accessories - bags, belts and small leather goods - where leather is a standard material, a genuine but minority animal-derived line, so Orange under Section 7. (Replaces a justification previously carried over in error from Indian Hotels.)",
TCNS Clothing Co. Limited,,INE778U01029,Consumer Discretionary,Consumer Durables & Apparel,"Textiles, Apparel & Luxury Goo","Apparel, Accessories & Luxury",Green,"Designs and retails women's ethnic and fusion wear (W, Aurelia, Wishful) made predominantly from cotton, rayon and polyester blends. No leather, wool or silk as a core material, so Green, consistent with cotton-apparel peers Go Fashion, Lux and Page. (Corrects a justification and Orange band previously carried over in error from EIH.)",[DELISTED — merged into Aditya Birla Fashion and Retail Ltd. (INE647O01011)]
Relaxo Footwears Limited,RELAXO,INE131B01039,Consumer Discretionary,Consumer Durables & Apparel,"Textiles, Apparel & Luxury Goo",Footwear,Green,"Manufactures mass-market footwear (Hawaii, Flite, Sparx, Bahamas) from rubber, PU and EVA. Non-leather synthetic footwear is expressly Green under Section 11 and is named as a Green example in the framework's own worked table. (Corrects a justification and Orange band previously carried over in error from Wonderla.)",
Ganesha Ecosphere Ltd,GANECOS,INE845D01014,Consumer Discretionary,Consumer Durables & Apparel,"Textiles, Apparel & Luxury Goo",Textiles,Green,"India's largest recycled-polyester maker — recycles post-consumer PET bottles into recycled polyester staple fibre, spun/filament yarn and rPET chips. Inputs are recycled plastic, not animal-derived; the earlier ""wool/silk/animal sizing"" description was inaccurate.",
Garware Technical Fibres Ltd,GARFIBRES,INE276A01018,Industrials,Capital Goods,Industrial Products,Other Industrial Products,Red,"India's largest maker of fishing nets and aquaculture cage nets; Synthetic Cordage - whose flagship products are fishnets and salmon/trout cage nets for Chile and Norway - is the dominant segment, alongside sports, safety and agricultural netting, ropes and geosynthetics. Netting made specifically for commercial fishing and aquaculture is a product created for an animal-harvesting industry and is its core business, so Red under Section 8.",
NIIT Limited,NIITLTD,INE161A01038,Consumer Discretionary,Consumer Services,Diversified Consumer Services,Education Services,Green,"Provides IT and skills training, corporate learning and managed training services. Education and training services are animal-neutral, so Green, consistent with the other education companies on the sheet. (Corrects a justification and Red band previously carried over in error from Eternal/Zomato.)",
Yatra Online Ltd,YATRA,INE0JR601024,Consumer Discretionary,Consumer Services,Leisure Services,"Tour, Travel Related Services",Green,"Operates an online travel agency and corporate travel booking platform for airline ticketing, hotel reservations, and travel logistics. Functions as a neutral digital marketplace platform without direct catering or food service operations, placing it in Green under Section 8.",
United Foodbrands Ltd.,UFBL,INE382M01027,Consumer Discretionary,Consumer Services,"Hotels, Restaurants & Leisure",Restaurants,Red,"Operates Barbeque Nation and Toscano casual-dining restaurants built around grilled meats and seafood; serving meat dishes is the core business, making animal-derived food a significant share of revenue, so Red",
Manorama Industries Limited,MANORAMA,INE00VM01036,Consumer Staples,"Food, Beverage & Tobacco",Food Products,Packaged Foods & Meats,Green,"Makes plant-based specialty fats and cocoa-butter equivalents from tree-borne sal seeds, shea nuts, mango kernels and kokum, supplying the chocolate, confectionery and cosmetics industries. Entirely plant-derived with no animal input - the earlier 'meat processing' description was incorrect - so Green.",
Hatsun Agro Product Limited,HATSUN,INE473B01035,Consumer Staples,"Food, Beverage & Tobacco",Food Products,Packaged Foods & Meats,Red,"India's largest private-sector dairy company - Arokya milk, Hatsun curd and ghee, and Arun and Ibaco ice creams. A dairy business at its core, so Red.",
Prataap Snacks Limited,DIAMONDYD,INE393P01035,Consumer Staples,"Food, Beverage & Tobacco",Food Products,Packaged Foods & Meats,Green,"Maker of Yellow Diamond potato chips, extruded snacks and namkeen with a small sweets basket - an overwhelmingly vegetarian savoury-snack company with no meat and no distinct dairy line. The earlier 'meat slaughter' description was incorrect, so Green, consistent with Gopal Snacks.",
Seamec Limited,SEAMECLTD,INE497B01018,Energy,Energy,Energy Equipment & Services,Oil & Gas,Green,"Provides offshore oilfield services - diving-support and construction vessels and subsea services - to the oil and gas industry. Vessel-based services with no animal-derived input, so Green",
Punjab & Sind Bank,PSB,INE608A01012,Financials,Banks,Banks,Diversified Banks,Orange,"Operates diversified banking services with loan portfolios that include lending to animal-dependent industries — agriculture (including animal husbandry), food processing (including meat), and pharmaceuticals (including animal testing). No systematic ESG screening for animal welfare.",
Suryoday Small Finance Bank Ltd,SURYODAY,INE428Q01011,Financials,Banks,Banks,Diversified Banks,Orange,"Operates diversified banking services with loan portfolios that include lending to animal-dependent industries — agriculture (including animal husbandry), food processing (including meat), and pharmaceuticals (including animal testing). No systematic ESG screening for animal welfare.",
Tamilnad Mercantile Bank Ltd,TMB,INE668A01016,Financials,Banks,Banks,Diversified Banks,Orange,"Operates diversified banking services with loan portfolios that include lending to animal-dependent industries — agriculture (including animal husbandry), food processing (including meat), and pharmaceuticals (including animal testing). No systematic ESG screening for animal welfare.",
Maharashtra Scooters Limited,MAHSCOOTER,INE288A01013,Financials,Financial Services,Capital Markets,Asset Management & Custody Ban,Orange,"A Bajaj-group investment/holding company holding strategic stakes and a diversified securities portfolio; under the framework's deliberate treatment of financiers and investors, this portfolio exposure to animal-dependent companies places it at Orange.",
Bengal & Assam Company Ltd,BENGALASM,INE083K01017,Financials,Financial Services,Capital Markets,Asset Management & Custody Ban,Orange,"The JK-group investment/holding company holding strategic stakes (JK Tyre, JK Lakshmi Cement, JK Paper) and a securities portfolio; under the framework's deliberate treatment of financiers and investors, this portfolio exposure to animal-dependent companies places it at Orange.",
Authum Investment & Infrastructure Ltd,AIIL,INE206F01022,Financials,Financial Services,Capital Markets,Asset Management & Custody Ban,Orange,"An investment/NBFC company holding a diversified portfolio of securities and acquired financial assets; under the framework's deliberate treatment of financiers and investors, this portfolio exposure to animal-dependent companies places it at Orange.",
Tracxn Technologies Limited,TRACXN,INE0HMF01019,Financials,Financial Services,Capital Markets,Financial Exchanges & Data,Green,"Operates a subscription SaaS platform providing private-market/company intelligence data to investors, corporates and others. It is a neutral data/research service with no animal involvement and only a tertiary link to any company it profiles — consistent with rating data and market-infrastructure platforms Green.",
MAS Financial Services Ltd,MASFIN,INE348L01012,Financials,Financial Services,Consumer Finance,Consumer Finance,Orange,"NBFC with ~85% MSME/micro-enterprise loans (priority-sector), plus two-wheeler, used-car, commercial-vehicle and some housing loans. As a diversified small-ticket lender it has genuine if diffuse exposure to animal-dependent micro-borrowers (dairy/poultry/meat traders) → Orange (treated like NBFCs, not like pure home finance).",
Repco Home Finance Limited,REPCOHOME,INE612J01015,Financial Services,Financial Services,Finance,Housing Finance Company,Green,"Pure-play housing finance company providing home loans to self-employed and salaried borrowers, mainly in southern India. Lending for homes is animal-neutral. Green",
Krsnaa Diagnostics Ltd,KRSNAA,INE08LI01020,Health Care,Health Care Equipment & Servic,Health Care Providers & Servic,Health Care Services,Green,"Operates radiology, pathology and teleradiology diagnostic centres (largely public-private partnerships). Human diagnostic services only; animal-derived reagents are trace consumables.",
Thyrocare Technologies Limited,THYROCARE,INE594H01019,Health Care,Health Care Equipment & Servic,Health Care Providers & Servic,Health Care Services,Green,Operates a human pathology and preventive-diagnostics chain plus PET-CT imaging (own cyclotron producing radiotracers for human oncology/neurology/cardiology). No animal farming or testing; animal-derived reagents are trace consumables only.,
Medi Assist Healthcare Services Ltd,MEDIASSIST,INE456Z01021,Health Care,Health Care Equipment & Servic,Health Care Providers & Servic,Managed Health Care,Green,"A health-insurance third-party administrator (TPA): it processes and administers health-insurance claims for insurers and corporates and does NOT underwrite or fund claims, provide medical care, or make/sell any medical product. It is a pure tech/services provider to the health-insurance industry (itself rated Green); no direct or material animal-harm linkage.",
Innova Captab Ltd,INNOVACAP,INE0DUT01020,Health Care,"Pharmaceuticals, Biotechnology",Life Sciences Tools & Services,Pharmaceuticals,Red,"Pharmaceutical CDMO and branded-generics maker producing finished dosage forms - tablets, capsules, liquids and sachets. Drug manufacture and registration mandatorily require pre-clinical live-animal testing under CDSCO/ICH rules, so Red under Section 8. (Replaces a justification previously applied in error from a laboratory-consumables template.)",
Tarsons Products Ltd,TARSONS,INE144Z01023,Industrials,Capital Goods,Industrial Products,Plastic Products - Industrial,Green,"Manufactures plastic laboratory consumables and labware - pipette tips, centrifuge tubes, petri dishes, cryoware and benchtop instruments - sold generically across research, education, diagnostics and industry. It makes no drug, embeds no animal-derived material and runs no animal testing; serving many industries is expressly not a basis under Section 6, so Green, consistent with Borosil Scientific. (Corrects a justification and Red band previously applied in error.)",
Windlas Biotech Ltd,WINDLAS,INE0H5O01029,Health Care,"Pharmaceuticals, Biotechnology",Life Sciences Tools & Services,Pharmaceuticals,Red,"Pharmaceutical CDMO manufacturing finished dosage forms and nutraceuticals for branded generic companies. Drug manufacture and registration mandatorily require pre-clinical live-animal testing under CDSCO/ICH rules, so Red under Section 8. (Replaces a justification previously applied in error from a laboratory-consumables template.)",
Amrutanjan Health Care Limited,AMRUTANJAN,INE098F01031,Health Care,"Pharmaceuticals, Biotechnology",Pharmaceuticals,Pharmaceuticals,Red,"Manufactures drugs requiring mandatory pre-clinical animal toxicity studies (acute, chronic, reproductive, carcinogenicity) under CDSCO New Drugs & Clinical Trial Rules, 2019. Products commonly contain animal-derived excipients: gelatin capsule shells (bovine/porcine collagen), lactose (calf rennet), stearic acid (tallow), and glycerin (animal fat).",
Indoco Remedies Limited,INDOCO,INE873D01024,Health Care,"Pharmaceuticals, Biotechnology",Pharmaceuticals,Pharmaceuticals,Red,"Manufactures drugs requiring mandatory pre-clinical animal toxicity studies (acute, chronic, reproductive, carcinogenicity) under CDSCO New Drugs & Clinical Trial Rules, 2019. Products commonly contain animal-derived excipients: gelatin capsule shells (bovine/porcine collagen), lactose (calf rennet), stearic acid (tallow), and glycerin (animal fat).",
Gufic Biosciences Limited,GUFICBIO,INE742B01025,Health Care,"Pharmaceuticals, Biotechnology",Pharmaceuticals,Pharmaceuticals,Red,"Manufactures drugs requiring mandatory pre-clinical animal toxicity studies (acute, chronic, reproductive, carcinogenicity) under CDSCO New Drugs & Clinical Trial Rules, 2019. Products commonly contain animal-derived excipients: gelatin capsule shells (bovine/porcine collagen), lactose (calf rennet), stearic acid (tallow), and glycerin (animal fat).",
Unichem Laboratories Limited,UNICHEMLAB,INE351A01035,Health Care,"Pharmaceuticals, Biotechnology",Pharmaceuticals,Pharmaceuticals,Red,"Manufactures drugs requiring mandatory pre-clinical animal toxicity studies (acute, chronic, reproductive, carcinogenicity) under CDSCO New Drugs & Clinical Trial Rules, 2019. Products commonly contain animal-derived excipients: gelatin capsule shells (bovine/porcine collagen), lactose (calf rennet), stearic acid (tallow), and glycerin (animal fat).",
Solara Active Pharma Sciences Limited,SOLARA,INE624Z01016,Health Care,"Pharmaceuticals, Biotechnology",Pharmaceuticals,Pharmaceuticals,Red,"Manufactures drugs requiring mandatory pre-clinical animal toxicity studies (acute, chronic, reproductive, carcinogenicity) under CDSCO New Drugs & Clinical Trial Rules, 2019. Products commonly contain animal-derived excipients: gelatin capsule shells (bovine/porcine collagen), lactose (calf rennet), stearic acid (tallow), and glycerin (animal fat).",
Carysil Ltd,CARYSIL,INE482D01024,Industrials,Capital Goods,Building Products,Building Products,Green,"Manufactures quartz kitchen sinks (natural quartz with acrylic resin), stainless-steel sinks, faucets and built-in kitchen appliances (hobs, hoods, ovens, dishwashers). Materials are quartz, resin, steel and electronics — no animal-derived input.",
Somany Ceramics Limited,SOMANYCERA,INE355A01028,Industrials,Capital Goods,Building Products,Building Products,Green,"Manufactures ceramic and vitrified tiles, sanitaryware and bathroom fittings from clay, minerals, glaze and ceramics — animal-neutral materials. No animal-derived input. Green.",
Greenlam Industries Ltd,GREENLAM,INE544R01021,Industrials,Capital Goods,Building Products,Building Products,Green,"Manufactures decorative laminates, veneers, engineered wood flooring and doors from paper, resins and wood — animal-neutral materials. No animal-derived input. Green.",
Apollo Pipes Limited,APOLLOPIPE,INE126J01016,Industrials,Capital Goods,Building Products,Building Products,Green,"Manufactures PVC/CPVC plastic pipes, fittings and water-storage tanks from polymers — animal-neutral materials. No animal-derived input. Green.",
Axiscades Technologies Ltd,AXISCADES,INE555B01013,Industrials,Capital Goods,Aerospace & Defense,Aerospace & Defence,Red,"Provides engineering R&D and technology integration services. Defence and homeland security solutions contribute ~42% of consolidated FY26 revenue, exceeding the 10% threshold under Section 7, placing the company in Red.",
Capacit'e Infraprojects Limited,CAPACITE,INE264T01014,Industrials,Capital Goods,Construction & Engineering,Construction & Engineering,Green,"Construction contractor specialising in high-rise residential, commercial and institutional buildings for leading developers. Civil construction uses inorganic materials (cement, steel, glass, aggregates) with no animal-derived input and only a speculative project link, so Green.",
PSP Projects Limited,PSPPROJECT,INE488V01015,Industrials,Capital Goods,Construction & Engineering,Construction & Engineering,Green,"Construction and EPC company executing institutional, industrial, government and residential buildings (including the Surat Diamond Bourse). Civil construction uses inorganic materials with no animal-derived input, so Green.",
Waaree Renewable Technologies Ltd,WAAREERTL,INE299N01021,Industrials,Capital Goods,Construction & Engineering,Construction & Engineering,Green,"Solar EPC and renewable-energy company providing engineering, procurement and construction and solar power generation. A renewable-energy business with inorganic inputs and no animal linkage, so Green.",
IKIO Technologies Ltd,IKIO,INE0LOJ01019,Industrials,Capital Goods,Electrical Equipment,Electrical Components & Equipm,Green,"Manufactures LED lighting solutions, solar panels and energy-efficient products as an Original Design Manufacturer (ODM). Electronics and lighting products with no animal-derived input.",
Pitti Engineering Ltd,PITTIENG,INE450D01021,Industrials,Capital Goods,Electrical Equipment,Electrical Components & Equipm,Green,"Manufactures electrical steel laminations, motor cores, sub-assemblies and machined components for rotating electrical equipment. Engineered metal products with no animal-derived input.",
Universal Cables Limited,UNIVCABLES,INE279A01012,Industrials,Capital Goods,Electrical Equipment,Electrical Components & Equipm,Green,"Manufactures electrical cables, transformers, and components. Uses copper, aluminium, PVC, and rubber insulation. No animal testing or animal-derived inputs in core manufacturing process.",
Inox Wind Energy Ltd,,INE0FLR01028,Industrials,Capital Goods,Electrical Equipment,Heavy Electrical Equipment,Green,"Holding company of Inox Wind Ltd, India's largest pure-play wind-turbine manufacturer; consolidated operations are wind-energy capital goods, EPC and O&M. No animal-derived inputs or animal-harm linkage. Green.",[DELISTED — merged into Inox Wind Ltd. (INE066P01011)]
V.S.T Tillers Tractors Limited,VSTTILLERS,INE764D01017,Industrials,Capital Goods,Machinery,Agricultural & Farm Machinery,Green,"Manufactures power tillers, tractors and small farm machinery from metals and hydraulics, with no animal-derived input, so Green. ",
Kennametal India Limited,KENNAMET,INE717A01029,Industrials,Capital Goods,Machinery,Industrial Machinery & Supplie,Green,"Manufactures cutting tools, tooling systems and wear-resistant components from carbide and metal. Engineered metal products with no animal-derived input, so Green.",
Disa India Limited,DISAQ,INE131C01011,Industrials,Capital Goods,Machinery,Industrial Machinery & Supplie,Green,"Manufactures foundry and metal-casting machinery (moulding lines, sand systems). Capital equipment with no animal-derived input, so Green.",
Wendt (India) Limited,WENDT,INE274C01019,Industrials,Capital Goods,Machinery,Industrial Machinery & Supplie,Green,"Manufactures abrasives, grinding wheels and super-abrasive tools for precision machining. Mineral and synthetic abrasive products with no animal-derived input, so Green.",
The Anup Engineering Ltd,ANUP,INE294Z01018,Industrials,Capital Goods,Machinery,Industrial Machinery & Supplie,Green,"Manufactures process equipment - heat exchangers, pressure vessels and reactors - for oil and gas, chemicals and power. Fabricated metal equipment with no animal-derived input, so Green.",
WPIL Ltd,WPIL,INE765D01022,Industrials,Capital Goods,Machinery,Industrial Machinery & Supplie,Green,"Manufactures pumps and pumping systems for water supply, irrigation, power and industry. Engineered metal and electrical products with no animal-derived input, so Green.",
GKW Limited,GKWLIMITED,INE528A01020,Industrials,Commercial & Professional Serv,Commercial Services & Supplies,Diversified Support Services,Green,"Operates two segments - warehousing/logistics (leasing warehouse space plus a Howrah and Mumbai land bank) and investment and treasury (deposits, equities, bonds). No manufacturing and no animal-derived activity; the tenant/industry mix is incidental, so Green.",
Updater Services Ltd,UDS,INE851I01011,Industrials,Commercial & Professional Serv,Commercial Services & Supplies,Diversified Support Services,Green,"India's largest integrated facility-management company (housekeeping, security, MEP/engineering upkeep, pest control) plus business-support services (staffing, warehouse management, catering). Services are animal-neutral and any client in an animal-dependent industry is incidental, not a product made for such industries,",
Antony Waste Handling Cell Ltd,AWHCL,INE01BK01022,Industrials,Commercial & Professional Serv,Commercial Services & Supplies,Environmental & Facilities Ser,Green,"Municipal solid-waste management company (collection, transport, processing, waste-to-energy) contracted by municipal bodies and serving roughly 4.8 million households daily. It handles general household waste, not animal-industry inputs, and any animal-derived content in mixed municipal waste is incidental, so Green.",
Flair Writing Industries Ltd,FLAIR,INE00Y201027,Industrials,Commercial & Professional Serv,Commercial Services & Supplies,Office Services & Supplies,Green,"Among India's top-three writing-instruments makers (ball, gel, fountain and metal pens, markers, mechanical pencils, kids' stationery) with a growing houseware line (casseroles, bottles, containers). Products are plastic and metal with non-animal inks and no material animal-derived input, so Green.",
SIS Ltd,SIS,INE285J01028,Industrials,Commercial & Professional Serv,Commercial Services & Supplies,Security & Alarm Services,Green,"Provides manned security and guarding, integrated facility management and cash-logistics services across India and Australia. These are labour and service operations with no animal-derived product; references to guard dogs or servicing assorted clients are incidental and not a basis for Orange, so Green, consistent with peers Quess Corp, Updater Services and Bluspring.",
VRL Logistics Limited,VRLLOG,INE366I01010,Industrials,Transportation,Ground Transportation,Cargo Ground Transportation,Green,"General road-transport company: 80%+ goods transportation (LTL/FTL parcel and cargo) plus passenger bus services and a small publishing arm. A general carrier moving third-party freight it does not own; any animal-derived cargo is a small, unchosen fraction (the company itself estimates under ~2% of revenue), and it sells no animal product. Tertiary animal link → Green.",
Onward Technologies Limited,ONWARDTEC,INE229A01017,Information Technology,Software & Services,IT Services,IT Consulting & Other Services,Green,"Provides generic IT consulting, technology services, and software solutions with a diverse client base across industries. No material involvement in animal harm.",
MindTree Limited,,INE018I01017,Information Technology,Software & Services,IT Services,IT Consulting & Other Services,Green,"Provides generic IT consulting, technology services, and software solutions with a diverse client base across industries. No material involvement in animal harm.","[DELISTED — merged into LTM Ltd., formerly LTIMindtree (INE214T01019)]"
Zaggle Prepaid Ocean Services Ltd,ZAGGLE,INE07K301024,Information Technology,Software & Services,Software,Application Software,Green,"Provides generic IT consulting, technology services, and software solutions with a diverse client base across industries. No material involvement in animal harm.",
Nucleus Software Exports Limited,NUCLEUS,INE096B01018,Information Technology,Software & Services,Software,Application Software,Green,"Provides generic IT consulting, technology services, and software solutions with a diverse client base across industries. No material involvement in animal harm.",
Elin Electronics Limited,ELIN,INE050401020,Information Technology,Technology Hardware & Equipmen,"Electronic Equipment, Instrume",Electronic Manufacturing Servi,Green,Provides electronics manufacturing services. Production does not involve animal testing or animal-derived inputs.,
Rashi Peripherals Ltd,RPTECH,INE0J1F01024,Information Technology,Technology Hardware & Equipmen,"Electronic Equipment, Instrume",Technology Distributors,Green,"Distributes technology products (computers, peripherals, networking equipment). Distribution does not involve animal harm.",
Gandhar Oil Refinery (India) Ltd,GANDHAR,INE717W01049,Materials,Materials,Chemicals,Commodity Chemicals,Green,"Refines white mineral oils, petroleum jelly, lubricants and petroleum specialties from mineral-oil feedstock - no material animal input, so Green",
Mayur Uniquoters Ltd,MAYURUNIQ,INE040D01038,Materials,Materials,Chemicals,Commodity Chemicals,Green,"India's largest maker of artificial (synthetic) leather - PVC- and PU-coated fabrics for auto interiors, footwear and furniture. This is a petroleum/plastic leather SUBSTITUTE that replaces animal leather, with no animal-derived input, so Green.",
Savita Oil Technologies Limited,SOTL,INE035D01020,Materials,Materials,Chemicals,Commodity Chemicals,Green,"Manufactures lubricants, transformer oils and petroleum specialty products from mineral-oil feedstock - no material animal input, so Green",
Astec LifeSciences Limited,ASTEC,INE563J01010,Materials,Materials,Chemicals,Pesticides & Agrochemicals,Red,"Manufactures agrochemical technicals - triazole fungicides, herbicides and insecticides including synthetic pyrethroids. The insecticide/pyrethroid line is designed to kill insects, a direct animal-harm activity, so Red",
Zuari Agro Chemicals Limited,ZUARI,INE840M01016,Materials,Materials,Chemicals,Fertilizers & Agricultural Che,Orange,"Manufactures and markets chemical fertilisers (urea, DAP, NPK, SSP) - inorganic and animal-neutral - alongside a branded crop-protection line that includes insecticides. Marketing insecticides under its own brand is a genuine but minority animal-harm line, so Orange under Section 7, consistent with DCM Shriram and Jubilant Agri.",
Mangalore Chemicals & Fertilizers Limited,,INE558B01017,Materials,Materials,Chemicals,Fertilizers & Agricultural Che,Green,"Manufactures urea and complex fertilizers in Karnataka. Inorganic fertilizer chemistry for crop farming with no material animal-derived input, so Green.",[DELISTED — merged into Paradeep Phosphates Ltd. (INE088F01024)]
Privi Speciality Chemicals Ltd,PRIVISCL,INE959A01019,Materials,Materials,Chemicals,Specialty Chemicals,Green,"Manufactures aroma chemicals (fragrance ingredients) largely from pine-derived turpentine and other terpene feedstocks - plant/synthetic with no material animal input, so Green.",
Galaxy Surfactants Limited,GALAXYSURF,INE600K01018,Materials,Materials,Chemicals,Specialty Chemicals,Green,"Manufactures surfactants and care ingredients derived from palm-kernel-oil fatty alcohols (RSPO-certified oleochemicals), not animal fats - plant-derived, so Green.",
Camlin Fine Sciences Limited,CAMLINFINE,INE052I01032,Materials,Materials,Chemicals,Specialty Chemicals,Green,"Manufactures food-grade antioxidants (TBHQ, BHA), vanillin and aroma chemicals - synthetic/plant-derived with no material animal input, so Green",
Elantas Beck India Limited,ELANTAS,INE280B01018,Materials,Materials,Chemicals,Specialty Chemicals,Green,"Manufactures electrical insulation materials - wire enamels, impregnating resins and varnishes - industrial synthetic chemicals with no material animal input, so Green",
Tatva Chintan Pharma Chem Ltd,TATVA,INE0GK401011,Materials,Materials,Chemicals,Specialty Chemicals,Green,"Manufactures specialty chemicals - phase-transfer catalysts, zeolite structure-directing agents, pharma/agro intermediates and electrolyte salts - synthetic, no material animal input, so Green",
Foseco India Limited,FOSECOIND,INE519A01011,Materials,Materials,Chemicals,Specialty Chemicals,Green,"Manufactures foundry chemicals - binders, fluxes, coatings and feeding systems for metal casting, based on synthetic resins, silicates and minerals - no material animal input, so Green",
Oriental Aromatics Ltd,OAL,INE959C01023,Materials,Materials,Chemicals,Specialty Chemicals,Green,"Manufactures aroma chemicals, fragrances and camphor largely from pine-derived terpene feedstock - plant/synthetic with no material animal input, so Green.",
Sagar Cements Limited,SAGCEM,INE229C01021,Materials,Materials,Construction Materials,Cement & Cement Products,Green,"Manufactures grey cement (OPC, PPC) and blended cement from limestone, clay and gypsum at plants in southern and central India. Cement is an inorganic product with no material animal-derived input, so Green",
Pokarna Limited,POKARNA,INE637C01025,Materials,Materials,Construction Materials,Construction Materials,Green,"Manufactures natural granite slabs and engineered quartz surfaces (Quantra brand) for construction and interiors, with a small apparel division. Stone and quartz processing is mineral-based with no material animal-derived input, so Green.",
Prism Johnson Ltd,PRSMJOHNSN,INE010A01011,Materials,Materials,Construction Materials,Construction Materials,Green,"Diversified building-materials company producing cement (Prism Cement), ready-mix concrete (RMC India) and tiles, bath and kitchen products (H & R Johnson). All are inorganic, mineral-based products with no material animal-derived input, so Green - consistent with the cement and tiles sectors.",
Mold-Tek Packaging Ltd,MOLDTKPAC,INE893J01029,Materials,Materials,Containers & Packaging,"Metal, Glass & Plastic Contain",Green,"Manufactures bottles, containers, and packaging from glass, plastic, and metal. Manufacturing process does not involve animal testing or animal-derived inputs.",
Nilkamal Ltd,NILKAMAL,INE310A01015,Materials,Materials,Containers & Packaging,"Metal, Glass & Plastic Contain",Green,"Manufactures bottles, containers, and packaging from glass, plastic, and metal. Manufacturing process does not involve animal testing or animal-derived inputs.",
Huhtamaki India Ltd,HUHTAMAKI,INE275B01026,Materials,Materials,Containers & Packaging,Paper & Plastic Packaging Prod,Green,"Manufactures flexible packaging, labels and moulded fibre packaging. Modern mills and converters size and coat with starch, synthetic AKD/ASA and rosin rather than animal gelatin or casein, so there is no material animal-derived input - Green, consistent with the other paper and packaging makers.",
Rajratan Global Wire Ltd,RAJRATAN,INE451D01029,Materials,Materials,Metals & Mining,Steel,Green,Manufactures steel products through smelting and rolling processes. Metal manufacturing does not involve animal testing or animal-derived inputs.,
KIOCL Limited,KIOCL,INE880L01014,Materials,Materials,Metals & Mining,Steel,Green,Manufactures steel products through smelting and rolling processes. Metal manufacturing does not involve animal testing or animal-derived inputs.,
Kirloskar Ferrous Industries Ltd,KIRLFER,INE884B01025,Materials,Materials,Metals & Mining,Steel,Green,Manufactures steel products through smelting and rolling processes. Metal manufacturing does not involve animal testing or animal-derived inputs.,
Vardhman Special Steels Ltd,VSSL,INE050M01012,Materials,Materials,Metals & Mining,Steel,Green,Manufactures steel products through smelting and rolling processes. Metal manufacturing does not involve animal testing or animal-derived inputs.,
Andhra Paper Ltd,ANDHRAPAP,INE435A01051,Materials,Materials,Paper & Forest Products,Paper Products,Green,"Manufactures writing, printing and packaging paper and pulp from wood/agro-fibre using starch and synthetic sizing (AKD/ASA/rosin) — modern papermaking with no material animal-derived input (animal gelatin/casein sizing is archaic, used only for specialty handmade/art paper). Supplying paper to downstream industries is a tertiary link. Green",
Tamil Nadu Newsprint & Papers Limited,TNPL,INE107A01015,Materials,Materials,Paper & Forest Products,Paper Products,Green,"Manufactures newsprint, writing/printing paper and paperboard from wood pulp and bagasse using starch/synthetic sizing — no material animal-derived input. Green",
Seshasayee Paper and Boards Limited,SESHAPAPER,INE630A01024,Materials,Materials,Paper & Forest Products,Paper Products,Green,Manufactures writing and printing paper from wood pulp and agro-residue using starch/synthetic sizing — no material animal-derived input. Green,
Alembic Limited,ALEMBICLTD,INE426A01027,Healthcare,Healthcare,Pharmaceuticals & Biotechnology,Pharmaceuticals,Red,"Holding company of the Alembic group with two operating segments - Active Pharmaceutical Ingredients (fermentation- and chemistry-based API manufacturing) and Real Estate - plus a roughly 28% stake in listed Alembic Pharmaceuticals. API/pharmaceutical manufacturing is a core, material activity, which places it in Red under the framework's treatment of pharmaceutical manufacturers; the real-estate segment does not change that.",
Arvind SmartSpaces Limited,ARVSMART,INE034S01021,Real Estate,Real Estate Management & Devel,Real Estate Management & Devel,Real Estate Development,Green,"Residential and commercial real-estate developer (asset-light JV/JDA model) across Ahmedabad, Bengaluru and Pune. Construction uses inorganic materials (cement, steel, glass) and any animal linkage via future tenants is tertiary and speculative, so on materiality it is Green.",
Max Estates Ltd,MAXESTATES,INE03EI01018,Real Estate,Real Estate Management & Devel,Real Estate Management & Devel,Real Estate Development,Green,"Delhi-NCR real-estate developer operating Grade A+ commercial offices and luxury residential projects (about 17 million sq ft across Delhi, Noida and Gurugram). Construction uses inorganic materials (cement, steel, glass) and any link via future tenants is tertiary and speculative, so on materiality it is Green, consistent with peers Hemisphere Properties and NESCO.",
Nirlon Limited,NIRLON,INE910A01012,Real Estate,Real Estate Management & Devel,Real Estate Management & Devel,Real Estate Operating Companie,Green,"Owns and operates Nirlon Knowledge Park, a large IT and office campus in Mumbai leased to corporate and IT tenants. It is a real-estate leasing business using inorganic assets, and the tenant mix is incidental rather than a basis for Orange, so Green.",
Bajel Projects Ltd,BAJEL,INE0KQN01018,Utilities,Utilities,Electric Utilities,Power,Green,"EPC company for power-transmission and distribution infrastructure - transmission towers, substations and lines. Civil and electrical infrastructure with inorganic inputs and no animal-derived material, so Green.",
Reliance Power Limited,RPOWER,INE614G01033,Utilities,Utilities,Independent Power and Renewabl,Power,Green,Generates electrical power as independent producer. Operations do not directly involve animal harm.,
Altius Telecom,,INE0BWS23018,#N/A N/A,#N/A N/A,Telecom - Services,Telecom,Green,Infrastructure investment trust (InvIT) holding telecom towers and optical-fibre infrastructure — animal-neutral digital infrastructure. Owns specific neutral assets. Green.,
Anzen IYEP Trust,,INE0MIZ23019,#N/A N/A,#N/A N/A,#N/A N/A,#N/A N/A,Green,"InvIT holding inter-state power-transmission lines and solar generation assets — animal-neutral energy infrastructure. Owns specific neutral assets, not a broad-economy capital deployer. Green, consistent with power/transmission and renewables being neutral.",
Cube Highways,,INE0NR623014,#N/A N/A,#N/A N/A,#N/A N/A,#N/A N/A,Green,"InvIT holding operating toll roads and highways — animal-neutral transport infrastructure. Owns specific neutral assets. Green, consistent with roads/construction being neutral.",
Indus Inf. Trust,,INE0NHL23019,#N/A N/A,#N/A N/A,#N/A N/A,#N/A N/A,Green,"InvIT holding neutral infrastructure assets (roads/pipeline). Owns specific animal-neutral assets, not a broad-economy capital deployer. Green.",
Balaji Telefilms,BALAJITELE,INE794B01026,Communication Services,Media & Entertainment,Entertainment,Media & Entertainment,Green,Produces and distributes films and entertainment content. Operations do not directly involve animal harm.,
GTPL Hathway,GTPL,INE869I01013,Communication Services,Media & Entertainment,Media,Cable & Satellite,Green,"Provides cable television distribution and broadband internet services. Carriage of third-party channels and broadband access are neutral infrastructure services; serving many industries is expressly not a basis under Section 6, so Green.",
Mahanagar Telephone Nigam Ltd.,MTNL,INE153A01019,Communication Services,Telecommunication Services,Diversified Telecommunication,Telecom,Green,Provides integrated telecommunications services. Operations do not directly involve animal harm.,
Belrise Industries,BELRISE,INE894V01022,Consumer Discretionary,Automobiles & Components,Automobile Components,Automotive Parts & Equipment,Green,"Manufactures metal chassis systems, sheet-metal stampings and body/suspension components from steel, with no animal-derived input, so Green.",
Divgi Torq,DIVGIITTS,INE753U01022,Consumer Discretionary,Automobiles & Components,Automobile Components,Automotive Parts & Equipment,Green,"Manufactures transfer cases, torque couplers and transmission/4WD systems (precision-machined metal), with no animal-derived input, so Green.",
Precision Camshafts,PRECAM,INE484I01029,Consumer Discretionary,Automobiles & Components,Automobile Components,Automotive Parts & Equipment,Green,"Manufactures camshafts and machined engine/powertrain components (cast iron/steel), with no animal-derived input, so Green.",
Sar Auto Products,SAPL,INE002E01010,Consumer Discretionary,Automobiles & Components,Automobile Components,Automotive Parts & Equipment,Green,"Manufactures axle shafts and drivetrain components for commercial vehicles (forged/machined metal), with no animal-derived input, so Green.",
Hyundai Motor India,HYUNDAI,INE0V6F01027,Consumer Discretionary,Automobiles & Components,Automobiles,Automobile Manufacturers,Green,"Manufactures passenger vehicles. Volume models utilize fabric and synthetic leatherette upholstery, with genuine leather present only as an optional top-variant trim, representing a non-material, substitutable input placed in Green under Section 6.",
Ather Energy,ATHERENERG,INE0LEZ01016,Consumer Discretionary,Automobiles & Components,Automobiles,Motorcycle Manufacturers,Green,"Electric two-wheeler maker (Ather 450, Rizta); seats use synthetic upholstery with no genuine leather. No material animal-derived input.",
Shoppers Stop,SHOPERSTOP,INE498B01024,Consumer Discretionary,Consumer Discretionary Distrib,Broadline Retail,Broadline Retail,Orange,"Premium multi-brand department store; revenue is predominantly apparel, beauty/cosmetics and general merchandise, with leather goods, silk/wool apparel and animal-derived cosmetics as genuine but minority categories rather than the core of the business. Direct/enabling animal exposure is below the Red threshold, consistent with peer multi-brand fashion retailers Aditya Birla Fashion, Arvind Fashions, Trent and Vedant Fashions (all Orange); only dedicated animal-material retailers such as silk-saree house Sai Silks remain Red.",
Vishal Mega Mart,VMM,INE01EA01019,Consumer Discretionary,Consumer Discretionary Distrib,Broadline Retail,Broadline Retail,Orange,"Value hypermarket chain (apparel ~44%, FMCG ~28%, general merchandise ~28%), private-label led, in Tier-2/3 cities. Sells some animal-derived goods (FMCG dairy/eggs, leather footwear, personal-care) but only as a fraction of a general-merchandise mix — not an animal-products specialist. Enabling/below-threshold",
Blue Pearl Agriventures,BPAGRI,INE439N01031,Consumer Discretionary,Consumer Discretionary Distrib,Distributors,Distributors,Green,"Trades and processes plant-derived agricultural and food products - spices, oil seeds, grains, vegetables, herbs and pickles. No animal product in its range, so Green.",
India Motor Part,IMPAL,INE547E01014,Consumer Discretionary,Consumer Discretionary Distrib,Distributors,Distributors,Green,"TVS-group all-India distributor of automotive spare parts - engine components, brakes, radiators, suspensions, axles, auto electricals and wheels - to dealers nationwide. Distribution of vehicle parts with no animal-derived product, so Green, consistent with the auto-components sector.",
Baazar Style,STYLEBAAZA,INE01FR01028,Consumer Discretionary,Consumer Discretionary Distrib,Specialty Retail,Apparel Retail,Orange,"Value-fashion retailer (Style Baazar) across East India; ~85% apparel (predominantly low-cost cotton/synthetic) plus general merchandise, ladies' footwear and value  sarees. Some footwear/saree lines may carry minor animal-derived content, but no leather/silk core. Consistent with peer value retailer V-Mart",
Aditya Vision,AVL,INE679V01027,Consumer Discretionary,Consumer Discretionary Distrib,Specialty Retail,Computer & Electronics Retail,Green,Operates electronics retail stores. Sells technology products that do not contain animal-derived inputs.,
Bharat Global,BGDL,INE893C01032,Consumer Discretionary,Consumer Discretionary Distrib,Specialty Retail,Computer & Electronics Retail,Green,Operates electronics retail stores. Sells technology products that do not contain animal-derived inputs.,
GNG Electronics,EBGNG,INE18JU01028,Consumer Discretionary,Consumer Discretionary Distrib,Specialty Retail,Computer & Electronics Retail,Green,Operates electronics retail stores. Sells technology products that do not contain animal-derived inputs.,
Brainbees Solut.,FIRSTCRY,INE02RE01045,Consumer Discretionary,Consumer Discretionary Distrib,Specialty Retail,Other Specialty Retail,Orange,"Online and offline retailer of baby and kids products — apparel, toys, diapers, gear and care products. Mostly animal-neutral, with a minority of apparel/accessories containing wool, leather or silk. Orange for that minority animal-product retail line",
Motisons Jewel,MOTISONS,INE0FRK01020,Consumer Discretionary,Consumer Discretionary Distrib,Specialty Retail,Other Specialty Retail,Green,"Gold and diamond jewellery retailer; animal-neutral materials, so Green.",
All Time Plastic,ALLTIME,INE0GV601021,Consumer Discretionary,Consumer Durables & Apparel,Household Durables,Housewares & Specialties,Green,"Manufactures plastic houseware products — containers, kitchenware, hangers, storage — from polypropylene, HDPE and ABS plastics. No animal-derived input",
Asian Star Co.,ASTAR,INE194D01017,Consumer Discretionary,Consumer Durables & Apparel,"Textiles, Apparel & Luxury Goo","Apparel, Accessories & Luxury",Green,"Vertically integrated natural-diamond cutter/polisher and diamond-jewellery manufacturer (B2B supplier to international jewellery brands); FY24 revenue ~₹3,550 cr. Products are diamonds and diamond jewellery only — no leather, silk, fur, pearls or other animal-derived materials. Diamonds are a mineral; no animal-derived inputs and no animal harm. Green.",
Dollar Industries,DOLLAR,INE325C01035,Consumer Discretionary,Consumer Durables & Apparel,"Textiles, Apparel & Luxury Goo","Apparel, Accessories & Luxury",Green,"Branded hosiery manufacturer (Bigboss, Force NXT, Missy, Ultra Thermals); products are knitted cotton innerwear, vests, leggings, thermals and casualwear, with the flagship Bigboss range made from 100% cotton yarn. Cotton/synthetic knit base with no material animal-derived input, so it is a direct peer of Lux Industries and Page Industries",
Goldiam Intl.,GOLDIAM,INE025B01025,Consumer Discretionary,Consumer Durables & Apparel,"Textiles, Apparel & Luxury Goo","Apparel, Accessories & Luxury",Green,"Manufactures/exports natural and lab-grown diamond-studded gold jewellery; animal-neutral, so Green.",
Renaissance Global,RGL,INE722H01024,Consumer Discretionary,Consumer Durables & Apparel,"Textiles, Apparel & Luxury Goo","Apparel, Accessories & Luxury",Green,"Manufactures and exports studded gold, diamond and gemstone jewellery (brands include Irasva and licensed Disney/Hallmark lines). Core materials are gold, diamonds, gemstones and silver — animal-neutral.",
SBC Exports,SBC,INE04AK01028,Consumer Discretionary,Consumer Durables & Apparel,"Textiles, Apparel & Luxury Goo","Apparel, Accessories & Luxury",Orange,"Diversified across knitted garments, wool & silk carpets, IT/manpower services and travel & tours. Garments, IT and travel are animal-neutral; the wool & silk carpet line is a genuine animal-derived product but a minor part of the mix — real revenue below a substantial threshold.",
Shringar House,SHRINGARMS,INE1B3L01017,Consumer Discretionary,Consumer Durables & Apparel,"Textiles, Apparel & Luxury Goo","Apparel, Accessories & Luxury",Green,"Largest B2B manufacturer of gold mangalsutras in India (18/22/24k gold, studded with cubic zirconia/American diamonds and occasional pearl/mother-of-pearl). Core material is gold; pearl/MOP studding is incidental. Animal-neutral overall",
Sky Gold & Diamonds,SKYGOLD,INE01IU01018,Consumer Discretionary,Consumer Durables & Apparel,"Textiles, Apparel & Luxury Goo","Apparel, Accessories & Luxury",Green,Manufactures gold and diamond-studded gold jewellery (Sky9 Diamonds and other brands) for wholesalers and retailers. Core materials gold and diamonds — animal-neutral; prior leather/fur description was inaccurate.,
Aayush Art,AAYUSHBULL,INE777X01017,Consumer Discretionary,Consumer Durables & Apparel,"Textiles, Apparel & Luxury Goo",Textiles,Green,"Manufactures yarn and fabric from cotton and man-made fibres. Plant and synthetic fibres with no material wool, silk or other animal-derived input; modern mills size with starch and synthetic PVA rather than animal gelatin, so Green.",
Indo Rama Synth.,INDORAMA,INE156A01020,Consumer Discretionary,Consumer Durables & Apparel,"Textiles, Apparel & Luxury Goo",Textiles,Green,"India's largest dedicated polyester producer - polyester staple fibre, partially oriented, drawn textured and fully drawn yarn from PTA and MEG. Entirely petrochemical-derived with no animal input, so Green.",
LS Industries,,INE345D01031,Consumer Discretionary,Consumer Durables & Apparel,"Textiles, Apparel & Luxury Goo",Textiles,Green,"Manufactures yarn and fabric from cotton and synthetic fibres at its Himachal Pradesh unit (operations have been intermittent). A cotton and synthetic textile maker with no material wool, silk or leather line, so Green, consistent with the cotton-textile sector.",
Crizac,CRIZAC,INE0S4R01014,Consumer Discretionary,Consumer Services,Diversified Consumer Services,Education Services,Green,"A B2B education-services and international student-recruitment platform connecting agents and universities - a services business with no animal-derived input or revenue, so Green.",
Benares Hotels,BENARAS,INE664D01019,Consumer Discretionary,Consumer Services,"Hotels, Restaurants & Leisure","Hotels, Resorts & Cruise Lines",Orange,"Taj-affiliated hotel operator; room-rental hospitality with non-vegetarian F&B a minority revenue line, so Orange.",
EIH Assoc.Hotels,EIHAHOTELS,INE276C01014,Consumer Discretionary,Consumer Services,"Hotels, Restaurants & Leisure","Hotels, Resorts & Cruise Lines",Orange,"Oberoi-group hotel operator (Trident properties); room-rental hospitality with non-vegetarian F&B a minority line, so Orange",
Travel Food,TRAVELFOOD,INE103V01028,Consumer Discretionary,Consumer Services,"Hotels, Restaurants & Leisure",Restaurants,Red,"Operates airport and highway food courts, restaurants and lounges; meat, fish and egg dishes are a core part of the F&B offering, making animal-derived food a significant revenue share, so Red.",
Associated Alcohols & Breweries,ASALCBR,INE073G01016,Consumer Staples,"Food, Beverage & Tobacco",Beverages,Breweries & Distilleries,Red,"Produces Indian-made foreign liquor, country liquor and extra-neutral alcohol distilled from grain and molasses. Rated Red because alcoholic beverages are treated as a harmful product category under AIM's criteria; this reflects that scope, not animal-derived inputs.",
Allied Blenders,ABDL,INE552Z01027,Consumer Staples,"Food, Beverage & Tobacco",Beverages,Breweries & Distilleries,Red,"One of India's largest spirits makers, producing whisky and other IMFL (Officer's Choice, Sterling Reserve). Rated Red because alcoholic beverages are treated as a harmful product category under AIM's criteria; this reflects that scope, not animal-derived inputs.",
G M Breweries,GMBREW,INE075D01018,Consumer Staples,"Food, Beverage & Tobacco",Beverages,Breweries & Distilleries,Red,"Maharashtra-based producer of country liquor and Indian-made foreign liquor. Rated Red because alcoholic beverages are treated as a harmful product category under AIM's criteria; this reflects that scope, not animal-derived inputs.",
ADF Foods,ADFFOODS,INE982B01027,Consumer Staples,"Food, Beverage & Tobacco",Food Products,Packaged Foods & Meats,Green,"Makes vegetarian ethnic ready-to-eat meals, pickles, pastes, chutneys, sauces and frozen snacks for Indian and export markets. Predominantly plant-based with no meat and only incidental dairy, so Green ",
AVT Natural Prod,AVTNPL,INE488D01021,Consumer Staples,"Food, Beverage & Tobacco",Food Products,Packaged Foods & Meats,Green,"Produces plant-derived extracts - spice oleoresins, marigold and lutein, tea and decaffeinated extracts and nutraceutical botanicals. Entirely plant-based with no animal input, so Green",
CIAN Agro,CIANAGRO,INE052V01019,Consumer Staples,"Food, Beverage & Tobacco",Food Products,Packaged Foods & Meats,Green,"Refines edible oils and makes soya-based foods alongside agri and personal-care products. Predominantly plant-based with no meat business, so Green",
Tasty Bite Eat.,TASTYBITE,INE488B01017,Consumer Staples,"Food, Beverage & Tobacco",Food Products,Packaged Foods & Meats,Green,"Makes vegetarian ready-to-eat Indian meals, rice and sauces, supplying retail and food-service. Predominantly plant-based with only incidental dairy and no meat, so Green",
Jindal Drilling,JINDRILL,INE742C01031,Energy,Energy,Energy Equipment & Services,Oil & Gas,Green,Provides oil and gas drilling services. Drilling operations do not directly involve animal harm.,
Asian Energy,ASIANENE,INE276G01015,Energy,Energy,Energy Equipment & Services,Oil & Gas,Green,"Provides oilfield services - seismic data acquisition and processing and well and drilling-related services - to exploration companies. These are technical, equipment-based services with no animal-derived input, so Green, consistent with Jindal Drilling and Deep Industries.",
Deep Industries,DEEPINDS,INE0FHS01024,Energy,Energy,Energy Equipment & Services,Oil & Gas,Green,"Provides integrated oil and gas services - natural-gas compression and dehydration, workover and drilling rigs and project services - to exploration and production companies. Equipment-based services with no animal-derived input, so Green, consistent with Jindal Drilling and Asian Energy.",
Antelopus Selan,ANTELOPUS,INE818A01017,Energy,Energy,"Oil, Gas & Consumable Fuels",Oil & Gas,Green,"Explores for and produces crude oil and natural gas (Cambay-basin oilfields, following the Antelopus-Selan combination). Hydrocarbon extraction has no animal-derived product or input, so Green, consistent with ONGC, Oil India and Hindustan Oil Exploration.",
Aegis Vopak Term,AEGISVOPAK,INE0INX01018,Energy,Energy,"Oil, Gas & Consumable Fuels",Oil & Gas,Green,Provides oil and gas storage and transportation infrastructure. Logistics operations do not directly involve animal harm.,
Fino Payments,FINOPB,INE02NC01014,Financials,Banks,Banks,Diversified Banks,Orange,"Operates diversified banking services with loan portfolios that include lending to animal-dependent industries — agriculture (including animal husbandry), food processing (including meat), and pharmaceuticals (including animal testing). No systematic ESG screening for animal welfare.",
Colab Platforms,,INE317W01030,Information Technology,Information Technology,IT - Software,Computers - Software & Consulting,Green,"Provides IT hardware, software services, and digital platform technology solutions. Operates as a technology services firm with no direct animal-derived products or lending exposure, placing it in Green under Section 6.",
Bajaj Housing Finance,BAJAJHFL,INE377Y01014,Financials,Financial Services,Financial Services,Commercial & Residential Mortg,Green,"Housing finance company — predominantly retail home loans, plus lease-rental discounting and developer finance against real estate. Lending for homes and real estate is animal-neutral; it does not selectively finance animal-based businesses.",
Canara HSBC,CANHLIFE,INE01TY01017,Financials,Insurance,Insurance,Insurance,Green,"Life insurer providing protection and savings products to individuals. Risk protection of human life is animal-neutral, so Green.",
Dr Agarwal's Hea,AGARWALEYE,INE943P01029,Health Care,Health Care Equipment & Servic,Health Care Providers & Servic,Health Care Facilities,Green,"Operates a chain of 240+ eye-care (ophthalmology) hospitals and clinics, plus optometry and an eye-care pharmacy. Core activity is human eye surgery and care, which the framework prioritises as sight-/life-saving; animal-derived medical consumables are incidental, not a revenue source from animal harm.",
Jeena Sikho,JSLL,INE0J5801029,Health Care,Health Care Equipment & Servic,Health Care Providers & Servic,Health Care Facilities,Orange,"A combined Ayurvedic-products and hospital company: ~57% of revenue is Ayurvedic/wellness products (Shuddhi Ayurveda) and ~43% is Ayurveda/naturopathy hospital services. While the hospital side is human care, the products range materially uses animal-derived inputs — dairy (milk/ghee/curd), honey and cow-derived panchagavya/godhan ark — so the company directly uses animal-derived inputs. Below the threshold for Red but not Green; classified Orange.",
Suraksha Diagno.,SURAKSHA,INE877V01027,Health Care,Health Care Equipment & Servic,Health Care Providers & Servic,Health Care Services,Green,Operates an integrated human pathology and radiology diagnostic chain (West Bengal/East India). Tests patient samples; animal-derived reagents are trace consumables only.,
Fabtech Tech.,FABTECH,INE0HF201011,Industrials,Capital Goods,Industrial Products,Other Industrial Products,Green,"Supplies process equipment, modular cleanrooms and turnkey engineering solutions to pharmaceutical and biotech plants. It is a capital-equipment supplier that makes no drug, embeds no animal-derived material and runs no animal testing; supplying an industry is expressly not a basis under Section 6, so Green. (Corrects a justification and Red band previously applied in error.)",
IOL Chemicals,IOLCP,INE485C01029,Health Care,"Pharmaceuticals, Biotechnology",Pharmaceuticals,Pharmaceuticals,Red,"Manufactures drugs requiring mandatory pre-clinical animal toxicity studies (acute, chronic, reproductive, carcinogenicity) under CDSCO New Drugs & Clinical Trial Rules, 2019. Products commonly contain animal-derived excipients: gelatin capsule shells (bovine/porcine collagen), lactose (calf rennet), stearic acid (tallow), and glycerin (animal fat).",
Apollo Micro Sys,APOLLO,INE713T01028,Industrials,Capital Goods,Aerospace & Defense,Aerospace & Defence,Red,"Designs and manufactures electronic fuzes, mission-critical avionics and control systems for missiles, torpedoes, rockets and other munitions. Fuzing and guidance hardware made specifically for weapons is its core product. Weapons and military platforms are a harmful-product category under Section 8, so Red.",
A B Infrabuild,ABINFRA,INE00YB01025,Industrials,Capital Goods,Construction & Engineering,Construction & Engineering,Green,"Civil-construction contractor for roads, bridges, railways and allied infrastructure, with ready-mix-concrete operations. Construction uses inorganic materials (cement, steel, aggregates) with no animal-derived input, so Green.",
Bondada Engineer,BONDADA,INE0Q8P01029,Industrials,Capital Goods,Construction & Engineering,Construction & Engineering,Green,"EPC and O&M provider to the telecom and solar-energy sectors, with renewable energy (solar EPC and IPP) about 79% of revenue. An engineering and EPC business with inorganic inputs and no animal linkage, so Green.",
Ceigall India,CEIGALL,INE0AG901020,Industrials,Capital Goods,Construction & Engineering,Construction & Engineering,Green,"Infrastructure construction firm specialising in road and highway EPC and Hybrid Annuity Model projects for NHAI, MoRTH and state agencies. Road construction uses inorganic materials (bitumen, cement, steel, aggregates) with no animal-derived input, so Green.",
Enviro Infra Engineers,EIEL,INE0LLY01014,Industrials,Capital Goods,Construction & Engineering,Construction & Engineering,Green,"EPC player in water and wastewater treatment that designs and builds sewage- and effluent-treatment plants (STP and CETP) and water-supply projects, mainly for government bodies. An environmental-infrastructure business with inorganic inputs and no animal linkage, so Green.",
Garuda Construction,GARUDA,INE0JVO01026,Industrials,Capital Goods,Construction & Engineering,Construction & Engineering,Green,"Mumbai-based civil-construction firm providing end-to-end EPC (including MEP and O&M) for residential, commercial and infrastructure projects. Construction uses inorganic materials with no animal-derived input, so Green.",
GK Energy,GKENERGY,INE1AG301022,Industrials,Capital Goods,Construction & Engineering,Construction & Engineering,Green,"India's largest pure-play EPC provider of solar-powered agricultural water-pump systems under the PM-KUSUM scheme, offering survey-to-commissioning solutions to farmers. A solar and renewable-energy business with inorganic inputs and no animal linkage, so Green.",
Advait Energy,ADVAIT,INE0ALI01010,Industrials,Capital Goods,Electrical Equipment,Electrical Components & Equipm,Green,"Manufactures electrical cables, transformers, and components. Uses copper, aluminium, PVC, and rubber insulation. No animal testing or animal-derived inputs in core manufacturing process.",
Diamond Power,DIACABS,INE989C01038,Industrials,Capital Goods,Electrical Equipment,Electrical Components & Equipm,Green,"Manufactures electrical cables, transformers, and components. Uses copper, aluminium, PVC, and rubber insulation. No animal testing or animal-derived inputs in core manufacturing process.",
Siemens Ener.Ind,ENRIN,INE1NPP01017,Industrials,Capital Goods,Electrical Equipment,Heavy Electrical Equipment,Green,"Power-generation and grid-technology business demerged from Siemens — gas/steam turbines, generators, transmission and electrification equipment. Power-infrastructure capital goods with no animal-derived inputs and no direct animal harm. Green.",
Ajax Engineering,AJAXENGG,INE274Y01021,Industrials,Capital Goods,Machinery,Construction Machinery & Heavy,Green,"Manufactures construction equipment — self-loading concrete mixers, batching plants and concrete-handling machinery — from steel and mechanical components, animal-neutral materials. General-purpose equipment whose end-use is tertiary. Green, consistent with construction-vehicle makers (BEML, ACE) and the construction sector.",
Eimco Elecon(I),EIMCOELECO,INE158B01016,Industrials,Capital Goods,Machinery,Construction Machinery & Heavy,Green,"Manufactures mining and construction machinery and material-handling equipment from steel and mechanical components — animal-neutral materials. General-purpose equipment whose end-use is tertiary. Green, consistent with construction-vehicle makers.",
Ador Welding,ADOR,INE045A01017,Industrials,Capital Goods,Machinery,Industrial Machinery & Supplie,Green,"Manufactures welding consumables, welding equipment and cutting systems. Metal and synthetic industrial products with no animal-derived input, so Green.",
DEE Development,DEEDEV,INE841L01016,Industrials,Capital Goods,Machinery,Industrial Machinery & Supplie,Green,"Manufactures process piping systems and engineered piping for oil and gas, refineries, power and chemicals. Fabricated metal products with no animal-derived input, so Green.",
HLE Glascoat,HLEGLAS,INE461D01028,Industrials,Capital Goods,Machinery,Industrial Machinery & Supplie,Green,"Manufactures glass-lined and stainless-steel reactors, filtration and drying equipment for pharma and specialty chemicals. Fabricated process equipment with no animal-derived input, so Green.",
HMT,HMT,INE262A01018,Industrials,Capital Goods,Machinery,Industrial Machinery & Supplie,Green,"State-owned engineering company making machine tools, tractors and precision components, with a legacy watch business. These are general-purpose capital and farm equipment with no animal-derived input, so Green.",
Oswal Pumps,OSWALPUMPS,INE0BYP01024,Industrials,Capital Goods,Machinery,Industrial Machinery & Supplie,Green,"Manufactures solar and electric water pumps, submersible and monoblock pumps and motors, largely for agricultural irrigation (including the PM-KUSUM scheme). Engineered metal and electrical products with no animal-derived input, so Green.",
A-1,A1L,INE911Z01025,Industrials,Capital Goods,Trading Companies & Distributo,Trading Companies & Distributo,Orange,Operates trading and distribution business handling diverse products including animal-derived items. Distribution networks enable supply of animal products to markets.,
Bluspring Enter.,BLUSPRING,INE0U4101014,Industrials,Commercial & Professional Serv,Commercial Services & Supplies,Diversified Support Services,Green,"Provides diversified support services (facility management, security, staffing). Operations do not directly involve animal harm.",
Eco Recycling,ECORECO,INE316A01038,Industrials,Commercial & Professional Serv,Commercial Services & Supplies,Environmental & Facilities Ser,Green,"A leading e-waste recycler - collection and environmentally sound recycling of electronic waste and recovery of materials. An inorganic/electronic waste stream with no animal-derived inputs, so Green.",
Alldigi Tech,ALLDIGI,INE835G01018,Industrials,Commercial & Professional Serv,Professional Services,Data Processing & Outsourced S,Green,Provides data processing and outsourced services. Technology services do not involve animal testing or animal-derived inputs.,
International Gemmological,IGIL,INE0Q9301021,Industrials,Commercial & Professional Serv,Professional Services,Research & Consulting Services,Green,"International Gemmological Institute (India) — independent certification, grading and authentication of diamonds, coloured stones and jewellery, plus gemology education. Diamonds, gold and gemstones are animal-neutral, and grading is a neutral analytical/testing service with no animal-derived product or input. Green",
Allied Digital,ADSL,INE102I01027,Information Technology,Software & Services,IT Services,IT Consulting & Other Services,Green,"Provides generic IT consulting, technology services, and software solutions with a diverse client base across industries. No material involvement in animal harm.",
Genesys Intl.,GENESYS,INE727B01026,Information Technology,Software & Services,IT Services,IT Consulting & Other Services,Green,"Provides generic IT consulting, technology services, and software solutions with a diverse client base across industries. No material involvement in animal harm.",
Aurionpro Sol.,AURIONPRO,INE132H01018,Information Technology,Software & Services,Software,Application Software,Green,"Provides generic IT consulting, technology services, and software solutions with a diverse client base across industries. No material involvement in animal harm.",
Innovana Think.,INNOVANA,INE403Y01018,Information Technology,Software & Services,Software,Application Software,Green,"Provides generic IT consulting, technology services, and software solutions with a diverse client base across industries. No material involvement in animal harm.",
Agarwal Industries,AGARIND,INE204E01012,Materials,Materials,Chemicals,Commodity Chemicals,Green,"Manufactures bitumen, petroleum products and mineral-oil specialties - petroleum-derived with no material animal input, so Green",
Amines & Plast.,AMNPLST,INE275D01022,Materials,Materials,Chemicals,Commodity Chemicals,Green,"Manufactures ethanolamines, other amines and plasticizers from petrochemical feedstock - synthetic, no material animal input, so Green",
Apcotex Industri,APCOTEXIND,INE116A01032,Materials,Materials,Chemicals,Commodity Chemicals,Green,"Manufactures synthetic latex (nitrile and styrene-butadiene latex) and synthetic rubber from petrochemical monomers - synthetic polymers with no animal-derived input, so Green",
Andhra Sugars,ANDHRSUGAR,INE715B01021,Materials,Materials,Chemicals,Commodity Chemicals,Green,"Operates sugar, chlor-alkali (caustic soda/potash), industrial-chemicals and propellant segments. Sugar uses standard sulphitation (no bone char) and chlor-alkali is inorganic - no material animal-derived input, so Green",
Bharat Rasayan,BHARATRAS,INE838B01021,Materials,Materials,Chemicals,Fertilizers & Agricultural Che,Red,"Manufactures technical-grade pesticides and intermediates including insecticides. Its insecticides are designed to kill insects, a direct animal-harm activity, so Red",
Excel Industries,EXCELINDUS,INE369A01029,Materials,Materials,Chemicals,Fertilizers & Agricultural Che,Red,"Manufactures agrochemical intermediates and crop-protection chemicals including insecticides, alongside environmental and specialty chemicals. Its insecticide line is designed to kill insects, a direct animal-harm activity, so Red.",
Heranba Inds,HERANBA,INE694N01015,Materials,Materials,Chemicals,Fertilizers & Agricultural Che,Red,"Manufactures synthetic-pyrethroid technicals, intermediates and formulations - principally insecticides. These are designed to kill insects, a direct animal-harm activity, so Red",
Ashapura Minechem,ASHAPURMIN,INE348A01023,Materials,Materials,Metals & Mining,Diversified Metals & Mining,Green,"Mines and processes industrial minerals - bentonite, bauxite, kaolin and related minerals - for foundry, drilling, construction and ceramics applications. These are inorganic minerals with no animal-derived input, so Green.",
Aeroflex,AEROFLEX,INE024001021,Materials,Materials,Metals & Mining,Steel,Green,Manufactures steel products through smelting and rolling processes. Metal manufacturing does not involve animal testing or animal-derived inputs.,
Amic Forging,AMIC,INE0P9J01013,Materials,Materials,Metals & Mining,Steel,Green,Manufactures steel products through smelting and rolling processes. Metal manufacturing does not involve animal testing or animal-derived inputs.,
Bansal Wire Inds,BANSALWIRE,INE0B9K01025,Materials,Materials,Metals & Mining,Steel,Green,Manufactures steel products through smelting and rolling processes. Metal manufacturing does not involve animal testing or animal-derived inputs.,
MSP Steel & Pow.,MSPL,INE752G01015,Materials,Materials,Metals & Mining,Steel,Green,Manufactures steel products through smelting and rolling processes. Metal manufacturing does not involve animal testing or animal-derived inputs.,
Ajmera Realty,AJMERA,INE298G01035,Real Estate,Real Estate Management & Devel,Real Estate Management & Devel,Diversified Real Estate Activi,Green,"Mumbai-based real-estate developer of residential and commercial projects. Construction uses inorganic materials (cement, steel, glass) with only a tertiary, speculative link via future occupants, so on materiality it is Green.",
Arihant Foundations & Housing,ARIHANT,INE413D01011,Real Estate,Real Estate Management & Devel,Real Estate Management & Devel,Real Estate Development,Green,"Chennai-based real-estate developer of residential and commercial projects. Construction uses inorganic materials with only a tertiary, speculative link via future occupants, so on materiality it is Green.",
Arkade Developers,ARKADE,INE0QRL01017,Real Estate,Real Estate Management & Devel,Real Estate Management & Devel,Real Estate Development,Green,"Mumbai (MMR) real-estate developer focused on premium residential housing and redevelopment of older buildings. Construction uses inorganic materials with only a tertiary, speculative tenant link, so on materiality it is Green.",
Raymond Realty,RAYMONDREL,INE1SY401010,Real Estate,Real Estate Management & Devel,Real Estate Management & Devel,Real Estate Development,Green,"Real-estate development arm of the Raymond group, building residential and commercial projects in the Mumbai and Thane region. Construction uses inorganic materials with only a tertiary, speculative occupant link, so on materiality it is Green.",
Tata Capital Ltd.,TATACAP,INE976I01016,Financial Services,Financial Services,Finance,Non Banking Financial Company (NBFC),Orange,"Large diversified NBFC of the Tata group, lending across retail, SME, corporate, housing and consumer segments; as a capital deployer whose loan book spans a broad economy that includes animal-dependent industries, it is Orange under the framework's deliberate treatment of financiers.",
Tata Motors Passenger Vehicles Ltd.,TMPV,INE155A01022,Consumer Discretionary,Automobile and Auto Components,Automobiles,Passenger Cars & Utility Vehicles,Orange,"Manufactures passenger cars, SUVs and EVs, including the Jaguar Land Rover business. Volume Tata models use synthetic upholstery, but the JLR luxury range offers genuine leather interiors (seats, trim) as a standard product line, a real animal-derived line within an otherwise vehicle business, so Orange.",
Tata Motors Ltd.,TMCV,INE1TAE01010,Consumer Discretionary,Automobile and Auto Components,Automobiles,Commercial Vehicles,Green,"The commercial-vehicles entity created in the October 2025 Tata Motors demerger (formerly TML Commercial Vehicles Ltd; listed 12 November 2025 as TMCV). Manufactures trucks, buses, vans and allied logistics/mobility solutions; interiors are vinyl/fabric, not a genuine-leather product line. Its former defence portfolio (logistics, combat-support and armoured combat vehicles) was sold in full to Tata Advanced Systems Ltd effective 1 April 2021; the entity now supplies only pure civilian vehicles (plus chassis/aggregates to TASL) — no weapons, armoured combat platforms or munitions — so the vice/weapons rule is not triggered. No genuine animal-derived product line — Green",
Anthem Biosciences Ltd.,ANTHEM,INE0CZ201020,Healthcare,Healthcare,Pharmaceuticals & Biotechnology,Pharmaceuticals,Red,"CRDMO providing drug discovery, development and manufacturing; it operates an AAALAC-accredited vivarium with dedicated animal rooms and runs GLP pre-clinical toxicology and animal studies for pharma/biotech clients - direct, large-scale live-animal testing, the same basis on which contract-research organisations are rated, so Red.",
Billionbrains Garage Ventures Ltd.,GROWW,INE0HOQ01053,Financial Services,Financial Services,Capital Markets,Stockbroking & Allied,Orange,"Parent of the Groww investing platform (broking, mutual-fund distribution, demat and allied capital-market services). As a broker/distributor that channels client capital into the shares of animal-dependent companies across the market, it is Orange under the framework's treatment of financiers.",
HDB Financial Services Ltd.,HDBFS,INE756I01012,Financial Services,Financial Services,Finance,Non Banking Financial Company (NBFC),Orange,"HDFC Bank's retail-focused NBFC lending across consumer, enterprise and asset-finance segments; a broad capital deployer whose book includes animal-dependent industries, so Orange.",
Hexaware Technologies Ltd.,HEXT,INE093A01041,Information Technology,Information Technology,IT - Software,Computers - Software & Consulting,Green,"IT and business-process services firm (digital, cloud, application and BPO services) serving global clients. Digital services with no animal-derived input; serving many industries is not a basis, so Green.",
ICICI Prudential Asset Management Company Ltd.,ICICIAMC,INE346A01027,Financial Services,Financial Services,Capital Markets,Asset Management Company,Orange,"One of India's largest mutual-fund managers; it invests and distributes client capital across the listed economy, including animal-dependent companies, so Orange under the framework's treatment of asset managers.",
ITC Hotels Ltd.,ITCHOTELS,INE379A01028,Consumer Discretionary,Consumer Services,Leisure Services,"Hotels, Resorts & Cruise Lines",Orange,"Demerged luxury and premium hotel chain (ITC Hotels, Welcomhotel, Fortune). Core business is lodging, but its restaurants directly serve non-vegetarian food as a real minority line, so Orange - consistent with the hotel sector.",
LG Electronics India Ltd.,LGEINDIA,INE324D01010,Consumer Discretionary,Consumer Durables,Consumer Durables,Consumer Electronics,Green,"Manufactures and sells consumer electronics and home appliances (televisions, refrigerators, washing machines, air-conditioners). Metal, plastic and electronic products with no material animal-derived input, so Green.",
Lenskart Solutions Ltd.,LENSKART,INE956O01016,Consumer Discretionary,Consumer Discretionary Distrib,Specialty Retail,Other Specialty Retail,Green,"Designs, manufactures and retails eyewear - spectacle frames (metal, acetate, titanium, Ultem), prescription and sunglass lenses and contact lenses. Materials are plastic, metal and glass with no animal-derived input, so Green.",
NTPC Green Energy Ltd.,NTPCGREEN,INE0ONG01011,Utilities,Power,Power,Power,Green,"NTPC's renewable-energy arm generating solar and wind power. Clean-power generation with inorganic inputs and no animal linkage, so Green.",
Premier Energies Ltd.,PREMIERENE,INE0BS701011,Industrials,Capital Goods,Industrial Products,Other Electrical Equipment,Green,"Manufactures solar photovoltaic cells and modules. A renewable-energy equipment maker using silicon, glass and metals with no animal-derived input, so Green.",
Swiggy Ltd.,SWIGGY,INE00H001014,Consumer Discretionary,Consumer Services,Retailing,E-Retail/ E-Commerce,Orange,"Runs a food-delivery marketplace (restaurant meals it does not itself make) and the Instamart quick-commerce business, which directly retails packaged non-vegetarian groceries - meat, fish and eggs - as a minority line of a broad catalogue. Direct sale of animal food, even as a minority, places it at Orange; unlike Zomato it does not run a dedicated B2B meat-distribution arm.",
Waaree Energies Ltd.,WAAREEENER,INE377N01017,Industrials,Capital Goods,Industrial Products,Other Electrical Equipment,Green,"India's largest solar photovoltaic module manufacturer. Renewable-energy equipment made from silicon, glass and metals with no animal-derived input, so Green.",
ACME Solar Holdings Ltd.,ACMESOLAR,INE622W01025,Utilities,Power,Power,Power,Green,"Renewable-energy independent power producer developing and operating solar and wind projects. Clean-power generation with no animal linkage, so Green.",
Aditya Birla Lifestyle Brands Ltd.,ABLBL,INE14LE01019,Consumer Discretionary,Consumer Services,Retailing,Speciality Retail,Orange,"Branded apparel house (Louis Philippe, Van Heusen, Allen Solly, Peter England, Reebok, American Eagle) whose menswear and sportswear ranges include genuine leather footwear, belts, wallets and accessories as real product lines within an otherwise textile business, so Orange.",
Aditya Birla Real Estate Ltd.,ABREL,INE055A01016,Real Estate,Real Estate Management & Devel,Real Estate Management & Devel,Real Estate Development,Green,"A real-estate developer (Birla Estates) that also runs a pulp-and-paper business. Real-estate development and wood-pulp paper (starch/synthetic sizing) use animal-neutral materials, so Green.",
Aditya Infotech Ltd.,CPPLUS,INE819V01029,Consumer Discretionary,Consumer Durables,Consumer Durables,Consumer Electronics,Green,"Makes and distributes video-surveillance and security electronics under the CP PLUS brand (CCTV cameras, recorders, access control). Electronic hardware with no animal-derived input, so Green.",
Afcons Infrastructure Ltd.,AFCONS,INE101I01011,Industrials,Construction,Construction,Civil Construction,Green,"Shapoorji Pallonji group infrastructure EPC contractor for marine, transport, tunnelling, bridges and hydro projects, using cement, steel and concrete - animal-neutral materials, so Green.",
Cemindia Projects Ltd.,CEMPRO,INE686A01026,Industrials,Construction,Construction,Civil Construction,Green,"EPC contractor for ports, metros, tunnels, foundations and marine structures using cement, steel and concrete - animal-neutral materials, so Green.",
Cohance Lifesciences Ltd.,COHANCE,INE03QK01018,Healthcare,Healthcare,Pharmaceuticals & Biotechnology,Pharmaceuticals,Red,"A pharma CDMO and API/ADC maker for drug developers. The drug development and registration it supports mandatorily requires pre-clinical live-animal testing under CDSCO/ICH rules, a direct large-scale animal-harm activity intrinsic to pharma, so Red.",
Emmvee Photovoltaic Power Ltd.,EMMVEE,INE1C6T01020,Industrials,Capital Goods,Industrial Products,Other Electrical Equipment,Green,"Manufactures solar photovoltaic cells and modules. Renewable-energy equipment made from silicon, glass and metals with no animal-derived input, so Green.",
Gallantt Ispat Ltd.,GALLANTT,INE297H01019,Commodities,Metals & Mining,Ferrous Metals,Iron & Steel,Green,"Integrated steel maker (sponge iron, billets, TMT bars, wire rod) with a wheat flour-milling line and captive power. Steel is inorganic and the agro line is plant-based, so Green.",
HBL Engineering Ltd.,HBLENGINE,INE292B01021,Consumer Discretionary,Automobile and Auto Components,Auto Components,Auto Components & Equipments,Orange,"Industrial batteries and railway electronics (Kavach/TCAS) dominate, but the Defence vertical manufactures weapon-specific products — torpedo batteries (Varunastra), submarine batteries (Kilo-class Type-I and Scorpene-class Type-IV), thermal batteries powering Agni-Prime missiles, and approved electronic fuzes for grenades, artillery shells, rockets, missiles and air-dropped bombs. Munition components made specifically for weapons, as a genuine minority segment, place it in Orange under the minority-weapons-line rule.",
Inventurus Knowledge Solutions Ltd.,IKS,INE115Q01022,Services,Services,Commercial Services & Supplies,Business Process Outsourcing (BPO)/ Knowledge Process Outsourcing (KPO),Green,"Healthcare technology and BPO/KPO provider handling clinical documentation and revenue-cycle management for US physician groups. A digital-services business with no animal-derived input, so Green.",
JSW Cement Ltd.,JSWCEMENT,INE718I01012,Commodities,Construction Materials,Cement & Cement Products,Cement & Cement Products,Green,"Manufactures cement, ground granulated blast-furnace slag and allied building materials - inorganic, mineral-based products with no animal-derived input, so Green.",
JSW Dulux Ltd.,JSWDULUX,INE133A01011,Consumer Discretionary,Consumer Durables,Consumer Durables,Paints,Green,"A decorative-paints and coatings business (Dulux). Paints are synthetic resin/pigment systems and any stearic acid used as a grinding aid is a trace, largely plant-derived process aid - not a basis for escalation - so Green.",
Jain Resource Recycling Ltd.,JAINREC,INE0YD401026,Commodities,Metals & Mining,Diversified Metals,Diversified Metals & Mining,Green,"Recycles non-ferrous metal scrap into lead, copper and aluminium ingots and alloys. Inorganic metal recovery and refining with no animal-derived input, so Green.",
Leela Palaces Hotels & Resorts Ltd.,THELEELA,INE0AQ201015,Consumer Discretionary,Consumer Services,Leisure Services,"Hotels, Resorts & Cruise Lines",Orange,"Operates The Leela luxury palaces, hotels and resorts. Core business is lodging, but its restaurants directly serve non-vegetarian food as a real minority line, so Orange - consistent with the hotel sector.",
Meesho Ltd.,MEESHO,INE0VDM01015,Consumer Discretionary,Consumer Services,Retailing,E-Retail/ E-Commerce,Orange,"Runs an online retail marketplace whose largest category is fashion - apparel, footwear and accessories - directly including leather, wool and silk goods as a minority of the catalogue it curates and monetises, so Orange, consistent with other fashion/broadline e-commerce retailers.",
Niva Bupa Health Insurance Company Ltd.,NIVABUPA,INE995S01015,Financial Services,Financial Services,Insurance,Insurance,Green,"Standalone health insurer providing medical-cover products. Insurance is risk protection with no animal-derived input; livestock cover is not part of its book, so Green.",
Ola Electric Mobility Ltd.,OLAELEC,INE0LXG01040,Consumer Discretionary,Automobile and Auto Components,Automobiles,2/3 Wheelers,Green,"Manufactures electric two-wheelers (scooters and motorcycles) with synthetic seat upholstery as standard; no material animal-derived input, so Green - consistent with other two-wheeler makers.",
Onesource Specialty Pharma Ltd.,ONESOURCE,INE013P01021,Healthcare,Healthcare,Pharmaceuticals & Biotechnology,Pharmaceuticals,Red,"Pharmaceutical CDMO for injectables, biologics and drug-device combination products. Drug development and registration mandatorily require pre-clinical live-animal testing under CDSCO/ICH rules, a direct large-scale animal-harm activity intrinsic to pharma, so Red.",
Physicswallah Ltd.,PWL,INE0LP301011,Consumer Discretionary,Consumer Services,Diversified Consumer Services,Education Services,Green,"Edtech company providing online and offline coaching, test preparation and educational content. An education-services business with no animal-derived input, so Green.",
Pine Labs Ltd.,PINELABS,INE15B701018,Financial Services,Financial Services,Financial Technology (Fintech),Financial Technology (Fintech),Green,"Provides merchant payment infrastructure - POS terminals, payment gateway, and prepaid/issuing solutions. Neutral payment rails used by merchants across all sectors, with no direct animal-based business, so Green.",
Piramal Finance Ltd.,PIRAMALFIN,INE202B01038,Financial Services,Financial Services,Finance,Non Banking Financial Company (NBFC),Orange,"Diversified NBFC lending across retail (housing, personal, business) and wholesale segments. A broad capital deployer whose book includes animal-dependent industries, so Orange.",
Sagility Ltd.,SAGILITY,INE0W2G01015,Services,Services,Commercial Services & Supplies,Business Process Outsourcing (BPO)/ Knowledge Process Outsourcing (KPO),Green,"Healthcare-focused BPO providing administrative services (claims, payment integrity, member/provider support) to US health insurers and providers. A digital-services business with no animal-derived input, so Green.",
Sai Life Sciences Ltd.,SAILIFE,INE570L01029,Healthcare,Healthcare,Pharmaceuticals & Biotechnology,Pharmaceuticals,Red,"CRO/CDMO offering integrated drug discovery, development and manufacturing; the discovery and registration work it performs mandatorily requires pre-clinical live-animal testing, a direct large-scale animal-harm activity intrinsic to pharma development, so Red.",
Swan Corp Ltd.,SWANCORP,INE665A01038,Diversified,Diversified,Diversified,Diversified,Green,"A diversified holding company spanning real estate, an LNG regasification terminal and energy/industrial ventures - no material animal-derived input or revenue, so Green.",
Tenneco Clean Air India Ltd.,TENNIND,INE19RI01016,Consumer Discretionary,Automobile and Auto Components,Auto Components,Auto Components & Equipments,Green,"Manufactures automotive clean-air and emission-control systems (exhaust systems, catalytic converters, after-treatment). Metal and ceramic auto components with no animal-derived input, so Green.",
Transformers And Rectifiers (India) Ltd.,TARIL,INE763I01026,Industrials,Capital Goods,Electrical Equipment,Heavy Electrical Equipment,Green,"Manufactures power, distribution and specialty transformers. Electrical equipment made from steel, copper, insulation and mineral oil with no animal-derived input, so Green.",
Urban Company Ltd.,URBANCO,INE0CAZ01013,Services,Services,Commercial Services & Supplies,Diversified Commercial Services,Green,"Operates an at-home services marketplace (beauty, cleaning, repairs, appliance servicing) and sells water purifiers. A services platform with no animal-derived product line, so Green.",
Aequs Ltd.,AEQUS,INE947N01017,Industrials,Capital Goods,Industrial Manufacturing,Industrial Products,Green,"Precision-manufacturing company deriving about 88% of revenue from civil-aerospace components (forging, machining and assembly for Airbus, Boeing and Collins) and the rest from consumer products (cookware, appliances, toys). Machined metal components with no weapons manufacture and no animal-derived input, so Green.",
Akums Drugs and Pharmaceuticals Ltd.,AKUMS,INE09XN01023,Healthcare,Healthcare,Pharmaceuticals & Biotechnology,Pharmaceuticals,Red,"Pharmaceutical CDMO and branded-formulations maker across dosage forms. Drug manufacture and registration mandatorily require pre-clinical live-animal testing under CDSCO/ICH rules, a direct large-scale animal-harm activity intrinsic to pharma, so Red.",
Alivus Life Sciences Ltd.,ALIVUS,INE03Q201024,Healthcare,Healthcare,Pharmaceuticals & Biotechnology,Pharmaceuticals,Red,"An active-pharmaceutical-ingredient maker. Drug registration mandatorily requires pre-clinical live-animal testing under CDSCO/ICH rules, a direct large-scale animal-harm activity intrinsic to pharma, so Red.",
Atlanta Electricals Ltd.,ATLANTAELE,INE0Z4F01028,Industrials,Capital Goods,Electrical Equipment,Heavy Electrical Equipment,Green,"Manufactures power, distribution and auto/furnace transformers. Electrical equipment made from steel, copper, insulation and mineral oil with no animal-derived input, so Green.",
AvenuesAI Ltd.,CCAVENUE,INE483S01020,Financial Services,Financial Services,Financial Technology (Fintech),Financial Technology (Fintech),Green,"Operates the CCAvenue digital-payment gateway and enterprise e-commerce platforms. Neutral payment-processing rails used across all sectors with no direct animal-based business, so Green.",
Awfis Space Solutions Ltd.,AWFIS,INE108V01019,Services,Services,Commercial Services & Supplies,Diversified Commercial Services,Green,"Operates managed and co-working office spaces on a leasing/aggregation model. A workspace-services business with no animal-derived product, so Green.",
Balu Forge Industries Ltd.,BALUFORGE,INE011E01029,Industrials,Capital Goods,Industrial Products,Castings & Forgings,Green,"Manufactures forged and machined components - crankshafts and precision forgings - for automotive, industrial and marine applications. Forged metal products with no animal-derived input, so Green.",
Black Box Ltd.,BBOX,INE676A01027,Information Technology,Information Technology,IT - Software,Computers - Software & Consulting,Green,"Global IT-infrastructure and digital-networking services provider (connectivity, data-centre and integration services). A technology-services business with no animal-derived input, so Green.",
Blackbuck Ltd.,BLACKBUCK,INE0UIZ01018,Services,Services,Transport Services,Logistics Solution Provider,Green,"Operates a digital freight/trucking platform and payments/telematics services for truck operators. A logistics-technology intermediary that carries third-party goods and provides neutral tools, with no direct animal-based business, so Green.",
BlueStone Jewellery and Lifestyle Ltd.,BLUESTONE,INE304W01038,Consumer Discretionary,Consumer Durables,Consumer Durables,"Gems, Jewellery And Watches",Green,"Omnichannel retailer of gold, diamond and gemstone jewellery. Core materials are animal-neutral, so Green.",
CORONA Remedies Ltd.,CORONA,INE02ZQ01018,Healthcare,Healthcare,Pharmaceuticals & Biotechnology,Pharmaceuticals,Red,"Branded-formulations pharmaceutical maker (women's health, cardio-diabetology, pain). Drug manufacture and registration mandatorily require pre-clinical live-animal testing under CDSCO/ICH rules, a direct large-scale animal-harm activity intrinsic to pharma, so Red.",
Canara Robeco Asset Management Company Ltd.,CRAMC,INE218I01013,Financial Services,Financial Services,Capital Markets,Asset Management Company,Orange,"Mutual-fund manager that invests and distributes client capital across the listed economy, including animal-dependent companies, so Orange under the framework's treatment of asset managers.",
Capillary Technologies India Ltd.,CAPILLARY,INE0ILV01024,Information Technology,Software & Services,Software,Application Software,Green,"Provides SaaS customer-loyalty and engagement software to retailers and brands. Digital products with no animal-derived input, so Green.",
Cupid Ltd.,CUPID,INE509F01029,Healthcare,Healthcare,Healthcare Equipment & Supplies,Medical Equipment & Supplies,Green,"Manufactures male and female condoms, water-based lubricant jelly and in-vitro diagnostic test kits. Latex, water-based and diagnostic products with no animal tissue built in (distinct from animal-tissue medical devices), so Green.",
Ellenbarrie Industrial Gases Ltd.,ELLEN,INE236E01022,Commodities,Chemicals,Chemicals & Petrochemicals,Industrial Gases,Green,"Manufactures industrial and medical gases - oxygen, nitrogen, argon, carbon dioxide and specialty gases. Inorganic gases with no animal-derived input, so Green.",
Eureka Forbes Ltd.,EUREKAFORB,INE0KCE01017,Consumer Discretionary,Consumer Durables,Consumer Durables,Household Appliances,Green,"Makes and sells water-purification systems (Aquaguard), vacuum cleaners and air purifiers. Consumer durables with no animal-derived input, so Green.",
Fedbank Financial Services Ltd.,FEDFINA,INE007N01010,Financial Services,Financial Services,Finance,Non Banking Financial Company (NBFC),Orange,"Federal Bank's NBFC lending in gold loans, mortgages and SME/business finance. A broad capital deployer whose book includes animal-dependent industries, so Orange.",
Fujiyama Power Systems Ltd.,UTLSOLAR,INE12UR01024,Industrials,Capital Goods,Industrial Products,Other Electrical Equipment,Green,"Manufactures solar inverters, panels, batteries, UPS and power-backup systems (UTL Solar). Renewable-energy and power electronics with no animal-derived input, so Green.",
GMR Power and Urban Infra Ltd.,GMRP&UI,INE0CU601026,Utilities,Power,Power,Power,Green,"Power generation (thermal, hydro) plus urban-infrastructure and EPC businesses. Power and infrastructure with inorganic inputs and no animal linkage, so Green.",
Gokul Agro Resources Ltd.,GOKULAGRO,INE314T01033,Fast Moving Consumer Goods,Fast Moving Consumer Goods,Agricultural Food & other Products,Edible Oil,Green,"Processes and refines edible and non-edible vegetable oils (soyabean, mustard, sunflower, cottonseed, palmolein, castor) and vanaspati. Entirely plant-derived, with de-oiled cake a mill byproduct, so Green - consistent with other edible-oil makers.",
IIFL Capital Services Ltd.,IIFLCAPS,INE489L01022,Financial Services,Financial Services,Capital Markets,Stockbroking & Allied,Orange,"A stockbroking and capital-markets firm whose brokerage revenue comes from trading and capital-raising for companies across the market, including animal-dependent ones, so Orange.",
Jayaswal Neco Industries Ltd.,JAYNECOIND,INE854B01010,Commodities,Metals & Mining,Ferrous Metals,Iron & Steel,Green,"Integrated iron-and-steel and castings maker (pig iron, sponge iron, steel and automotive/industrial castings). Inorganic metal products with no animal-derived input, so Green.",
KPI Green Energy Ltd.,KPIGREEN,INE542W01025,Utilities,Power,Power,Power,Green,"Develops and operates solar and wind power projects and provides renewable EPC. Clean-power generation with inorganic inputs and no animal linkage, so Green.",
KRN Heat Exchanger and Refrigeration Ltd.,KRN,INE0Q3J01015,Industrials,Capital Goods,Industrial Manufacturing,Industrial Products,Green,"Manufactures aluminium and copper heat exchangers and coils for HVAC and refrigeration. Fabricated metal components with no animal-derived input, so Green.",
Kitex Garments Ltd.,KITEX,INE602G01020,Consumer Discretionary,Textiles,Textiles & Apparels,Garments & Apparels,Green,"Manufactures infant and children's knitted cotton garments for global brands. Cotton and synthetic apparel with no animal-derived material as a core input, so Green.",
Lloyds Enterprises Ltd.,LLOYDSENT,INE080I01025,Diversified,Diversified,Diversified,Diversified,Orange,"Diversified group spanning steel trading, real estate, engineering and a portfolio of financial investments, and which directly operates 1441 Pizzeria outlets that serve non-vegetarian food. The direct non-veg food service (a minority line) plus its investment-holding character place it at Orange.",
Lumax Auto Technologies Ltd.,LUMAXTECH,INE872H01027,Consumer Discretionary,Automobile and Auto Components,Auto Components,Auto Components & Equipments,Green,"Manufactures automotive components - lighting, plastic modules, gear shifters and integrated assemblies. Metal and plastic auto parts with no animal-derived input, so Green.",
Orkla India Ltd.,ORKLAINDIA,INE16NZ01023,Fast Moving Consumer Goods,Fast Moving Consumer Goods,Food Products,Packaged Foods,Green,"Makes spices, spice blends and vegetarian packaged foods under MTR, Eastern and Rasoi Magic. MTR is purely vegetarian and Eastern's 'meat masalas' are plant-based spice mixes (not meat), so the range is plant-based, so Green.",
P N Gadgil Jewellers Ltd.,PNGJL,INE953R01016,Consumer Discretionary,Consumer Durables,Consumer Durables,"Gems, Jewellery And Watches",Green,"Retails gold, diamond and silver jewellery. Core materials are animal-neutral, so Green.",
PC Jeweller Ltd.,PCJEWELLER,INE785M01021,Consumer Discretionary,Consumer Durables,Consumer Durables,"Gems, Jewellery And Watches",Green,"Manufactures and retails gold and diamond-studded jewellery. Core materials are animal-neutral, so Green.",
Park Medi World Ltd.,PARKHOSPS,INE119201023,Health Care,Health Care Equipment & Servic,Health Care Providers & Servic,Health Care Facilities,Green,"Operates the Park Hospitals chain of multi-speciality hospitals. Life-saving human care; medicines and consumables are a side input, not animal-harm revenue, so Green.",
Piccadily Agro Industries Ltd.,PICCADIL,INE546C01010,Fast Moving Consumer Goods,Fast Moving Consumer Goods,Beverages,Breweries & Distilleries,Red,"India's largest independent malt-spirit producer (Indri single malt, Camikara rum) with a distillery and sugar business; alcohol is the core, revenue-leading product, a harmful 'vice' category, so Red regardless of any animal link.",
Prime Focus Ltd.,PFOCUS,INE367G01038,Consumer Discretionary,"Media, Entertainment & Publication",Entertainment,Media & Entertainment,Green,"Global media-services company providing visual effects, post-production and virtual-production (DNEG) for film and streaming. A digital media-services business with no animal-derived input, so Green.",
Quality Power Electrical Equipments Ltd.,QPOWER,INE0SII01026,Industrials,Capital Goods,Electrical Equipment,Heavy Electrical Equipment,Green,"Manufactures high-voltage power-grid equipment - reactors, transformers and FACTS/HVDC systems. Electrical equipment from steel, copper and insulation with no animal-derived input, so Green.",
RattanIndia Power Ltd.,RTNPOWER,INE399K01017,Utilities,Power,Power,Power,Green,"Thermal power generation utility. Power generation with inorganic inputs and no animal linkage, so Green.",
Refex Industries Ltd.,REFEX,INE056I01025,Commodities,Chemicals,Chemicals & Petrochemicals,Specialty Chemicals,Green,"Manufactures refrigerant gases and provides coal/ash handling and solar-energy services. Inorganic gases and industrial services with no animal-derived input, so Green.",
Rubicon Research Ltd.,RUBICON,INE506V01022,Healthcare,Healthcare,Pharmaceuticals & Biotechnology,Pharmaceuticals,Red,"Specialty pharmaceutical formulations and CDMO focused on the US market. Drug development and registration mandatorily require pre-clinical live-animal testing under regulatory rules, a direct large-scale animal-harm activity intrinsic to pharma, so Red.",
SKF India (Industrial) Ltd.,SKFINDUS,INE2J8701016,Industrials,Capital Goods,Industrial Products,Abrasives & Bearings,Green,"Demerged industrial-bearings business of SKF India, making ball and roller bearings and related products. Precision metal components with no animal-derived input, so Green.",
SML Mahindra Ltd.,SMLMAH,INE294B01019,Industrials,Capital Goods,"Agricultural, Commercial & Construction Vehicles",Commercial Vehicles,Green,"Manufactures commercial vehicles - light and medium trucks and buses (formerly SML Isuzu). Vehicle cabins use synthetic upholstery with no material animal-derived input, so Green - consistent with the commercial-vehicle sector.",
Saatvik Green Energy Ltd.,SAATVIKGL,INE13B501022,Industrials,Capital Goods,Industrial Products,Other Electrical Equipment,Green,"Manufactures solar photovoltaic modules and provides solar EPC. Renewable-energy equipment from silicon, glass and metals with no animal-derived input, so Green.",
Sanofi Consumer Healthcare India Ltd.,SANOFICONR,INE0UOS01011,Healthcare,Healthcare,Pharmaceuticals & Biotechnology,Pharmaceuticals,Red,"Demerged consumer-healthcare arm of Sanofi India, making OTC medicines and supplements (Allegra, Combiflam, De-Pura). As a drug maker, its products depend on mandated pre-clinical live-animal testing, a direct large-scale animal-harm activity, so Red - consistent with the pharma sector.",
Seshaasai Technologies Ltd.,STYL,INE04VU01023,Services,Services,Commercial Services & Supplies,Diversified Commercial Services,Green,"Provides payment-instrument and secure-communication solutions - card manufacturing and personalisation, cheque and secure printing, and digital communications. A printing/technology-services business with no animal-derived input, so Green.",
Shaily Engineering Plastics Ltd.,SHAILY,INE151G01028,Industrials,Capital Goods,Industrial Products,Plastic Products - Industrial,Green,"Manufactures precision engineered-plastic components for furniture (IKEA), healthcare/pharma devices and consumer products. Polymer products with no animal-derived input, so Green.",
Shakti Pumps (India) Ltd.,SHAKTIPUMP,INE908D01010,Industrials,Capital Goods,Machinery,Industrial Machinery & Supplie,Green,"Manufactures solar and electric pumps, motors and drives, largely for agricultural irrigation. Engineered metal and electrical products with no animal-derived input, so Green.",
Sharda Cropchem Ltd.,SHARDACROP,INE221J01015,Commodities,Chemicals,Fertilizers & Agrochemicals,Pesticides & Agrochemicals,Red,"Off-patent crop-protection company that registers and sells fungicides, herbicides and insecticides globally. Insecticides are designed to kill insects (animals) - direct animal harm - so Red, consistent with the agrochemicals sector.",
Skipper Ltd.,SKIPPER,INE439E01022,Industrials,Capital Goods,Electrical Equipment,Heavy Electrical Equipment,Green,"Manufactures power-transmission and distribution towers and structures plus polymer pipes. Steel and polymer engineered products with no animal-derived input, so Green.",
Smartworks Coworking Spaces Ltd.,SMARTWORKS,INE0NAZ01010,Services,Services,Commercial Services & Supplies,Diversified Commercial Services,Green,"Operates managed and co-working office spaces on a leasing/fit-out model. A workspace-services business with no animal-derived product, so Green.",
Sri Lotus Developers and Realty Ltd.,LOTUSDEV,INE0V9Q01010,Consumer Discretionary,Realty,Realty,"Residential, Commercial Projects",Green,"Mumbai-focused real-estate developer of residential and commercial projects using cement, steel and concrete - animal-neutral materials, so Green.",
Styrenix Performance Materials Ltd.,STYRENIX,INE189B01011,Commodities,Chemicals,Chemicals & Petrochemicals,Commodity Chemicals,Green,"Manufactures styrenic polymers - ABS, polystyrene and SAN (formerly INEOS Styrolution India). Petrochemical-based plastics with no animal-derived input, so Green.",
Sudeep Pharma Ltd.,SUDEEPPHRM,INE0QPI01025,Commodities,Chemicals,Chemicals & Petrochemicals,Specialty Chemicals,Green,"Manufactures mineral-based excipients and actives (calcium, iron, magnesium and zinc salts) for the pharma, food and nutrition industries. It supplies inorganic mineral ingredients and does not itself make finished drugs or run animal testing, so Green - distinct from drug manufacturers.",
TSF Investments Ltd.,TSFINV,INE202Z01029,Financial Services,Financial Services,Finance,Investment Company,Orange,"An investment/holding company holding stakes across auto-component and financial-services businesses. Rated on holding-company logic for capital deployed into a portfolio that includes animal-dependent exposure, so Orange.",
Transrail Lighting Ltd.,TRANSRAILL,INE454P01035,Industrials,Capital Goods,Electrical Equipment,Heavy Electrical Equipment,Green,"Manufactures power-transmission towers, conductors and poles and executes transmission-line EPC. Steel and electrical engineered products with no animal-derived input, so Green.",
V2 Retail Ltd.,V2RETAIL,INE945H01021,Consumer Discretionary,Consumer Discretionary Distrib,Specialty Retail,Apparel Retail,Orange,"Value fashion and general-merchandise retail chain (formerly Vishal Retail) selling apparel alongside footwear, wallets/purses and household goods. It directly sells leather footwear and accessories as a minority line, so Orange - consistent with other value/apparel retailers.",
Vikram Solar Ltd.,VIKRAMSOLR,INE078V01014,Industrials,Capital Goods,Industrial Products,Other Electrical Equipment,Green,"Manufactures solar photovoltaic modules and provides solar EPC. Renewable-energy equipment from silicon, glass and metals with no animal-derived input, so Green.",
Viyash Scientific Ltd.,VIYASH,INE807F01027,Healthcare,Healthcare,Pharmaceuticals & Biotechnology,Pharmaceuticals,Red,"A pharmaceutical API and CDMO maker. Drug registration mandatorily requires pre-clinical live-animal testing under regulatory rules, a direct large-scale animal-harm activity intrinsic to pharma, so Red.",
Wakefit Innovations Ltd.,WAKEFIT,INE0E7301029,Consumer Discretionary,Consumer Durables,Consumer Durables,"Furniture, Home Furnishing",Green,"Manufactures and sells mattresses, furniture and home-furnishing products in foam, PU, wood and fabric. No material animal-derived input, so Green.",
WeWork India Management Ltd.,WEWORK,INE085001019,Services,Services,Commercial Services & Supplies,Diversified Commercial Services,Green,"Operates premium co-working and managed office spaces on a leasing/aggregation model. A workspace-services business with no animal-derived product, so Green.",
Websol Energy System Ltd.,WEBELSOLAR,INE855C01023,Industrials,Capital Goods,Industrial Products,Other Electrical Equipment,Green,"Manufactures solar photovoltaic cells and modules. Renewable-energy equipment from silicon, glass and metals with no animal-derived input, so Green.",
Spice Lounge Food Works Ltd.,SPICELOUNG,INE631E01024,Consumer Discretionary,Consumer Services,Leisure Services,Restaurants,Red,"Operates food, pub and lifestyle brands including Buffalo Wild Wings, Wing Zone and Blaze Kababs alongside an IT services arm. Directly running non-vegetarian restaurant chains is core provision of animal food under Section 8, so Red.",
Anantam Highways Trust,,INE1UA823019,Services,Services,Transport Infrastructure,Airport & Airport services,Green,"Infrastructure investment trust holding specific operating assets (roads/transmission/pipelines). It is rated by the underlying asset, which is animal-neutral, rather than as a broad-economy capital deployer, so Green.",
Capital Infra Trust,,INE0Z8Z23013,Services,Services,Transport Infrastructure,Airport & Airport services,Green,"Infrastructure investment trust holding specific operating assets (roads/transmission/pipelines). It is rated by the underlying asset, which is animal-neutral, rather than as a broad-economy capital deployer, so Green.",
India Grid Trust,,INE219X23014,Utilities,Power,Power,Power,Green,"Infrastructure investment trust holding specific operating assets (roads/transmission/pipelines). It is rated by the underlying asset, which is animal-neutral, rather than as a broad-economy capital deployer, so Green.",
IRB InvIT Fund,,INE183W23014,Services,Services,Transport Infrastructure,Airport & Airport services,Green,"Infrastructure investment trust holding specific operating assets (roads/transmission/pipelines). It is rated by the underlying asset, which is animal-neutral, rather than as a broad-economy capital deployer, so Green.",
National Highways Infra Trust,,INE0H7R23014,Services,Services,Transport Infrastructure,Airport & Airport services,Green,"Infrastructure investment trust holding specific operating assets (roads/transmission/pipelines). It is rated by the underlying asset, which is animal-neutral, rather than as a broad-economy capital deployer, so Green.",
Roadstar Infra Investment Trust,,INE0JEI23010,Services,Services,Transport Infrastructure,Airport & Airport services,Green,"Infrastructure investment trust holding specific operating assets (roads/transmission/pipelines). It is rated by the underlying asset, which is animal-neutral, rather than as a broad-economy capital deployer, so Green.",
RRP Defense Ltd.,,INE535P01015,Industrials,Capital Goods,Aerospace & Defense,Aerospace & Defence,Red,"Defence arm of the RRP group, developing electro-optics (thermal imaging, night-vision) and military unmanned aerial systems. Weapons-adjacent military systems are a harmful-product category under Section 8, so Red.",
Alicon Castalloy Ltd.,ALICON,INE062D01024,Consumer Discretionary,Automobile and Auto Components,Auto Components,Auto Components & Equipments,Green,"Auto-component maker supplying OEMs. Metal, plastic and synthetic materials only; where seating/trim is involved it is vinyl/PU, which substitutes for leather. No animal-derived input, so Green.",
Bharat Seats Ltd.,BHARATSE,INE415D01024,Consumer Discretionary,Automobile and Auto Components,Auto Components,Auto Components & Equipments,Green,"Manufactures complete seating systems, carpets, NVH and body-sealing parts for Maruti Suzuki two- and four-wheelers and for Indian Railways. Seat covers are fabric, vinyl and PU - synthetic substitutes that replace leather (Section 11) - so Green.",
Goodyear India Ltd.,GOODYEAR,INE533A01012,Consumer Discretionary,Automobile and Auto Components,Auto Components,Tyres & Rubber Products,Green,"Tyre/rubber-product manufacturer. Rubber, carbon black and synthetic polymers; stearic acid used as a vulcanising aid is a tiny, replaceable and largely plant-derived processing helper that does not move the band (Section 6), so Green.",
GRP Ltd.,GRPLTD,INE137I01015,Consumer Discretionary,Automobile and Auto Components,Auto Components,Tyres & Rubber Products,Green,"Tyre/rubber-product manufacturer. Rubber, carbon black and synthetic polymers; stearic acid used as a vulcanising aid is a tiny, replaceable and largely plant-derived processing helper that does not move the band (Section 6), so Green.",
India Nippon Electricals Ltd.,INDNIPPON,INE092B01025,Consumer Discretionary,Automobile and Auto Components,Auto Components,Auto Components & Equipments,Green,"Auto-component maker supplying OEMs. Metal, plastic and synthetic materials only; where seating/trim is involved it is vinyl/PU, which substitutes for leather. No animal-derived input, so Green.",
IST Ltd.,ISTLTD,INE684B01029,Consumer Discretionary,Automobile and Auto Components,Auto Components,Auto Components & Equipments,Green,"Manufactures auto components (steering gear and precision parts) alongside a commercial real-estate leasing business. Both are animal-neutral, so Green.",
Lumax Industries Ltd.,LUMAXIND,INE162B01018,Consumer Discretionary,Automobile and Auto Components,Auto Components,Auto Components & Equipments,Green,"Auto-component maker supplying OEMs. Metal, plastic and synthetic materials only; where seating/trim is involved it is vinyl/PU, which substitutes for leather. No animal-derived input, so Green.",
NDR Auto Components Ltd.,NDRAUTO,INE07OG01012,Consumer Discretionary,Automobile and Auto Components,Auto Components,Auto Components & Equipments,Green,"Auto-component maker supplying OEMs. Metal, plastic and synthetic materials only; where seating/trim is involved it is vinyl/PU, which substitutes for leather. No animal-derived input, so Green.",
RACL Geartech Ltd.,RACLGEAR,INE704B01017,Consumer Discretionary,Automobile and Auto Components,Auto Components,Auto Components & Equipments,Green,"Auto-component maker supplying OEMs. Metal, plastic and synthetic materials only; where seating/trim is involved it is vinyl/PU, which substitutes for leather. No animal-derived input, so Green.",
Rane (Madras) Ltd.,RML,INE050H01012,Consumer Discretionary,Automobile and Auto Components,Auto Components,Auto Components & Equipments,Green,"Auto-component maker supplying OEMs. Metal, plastic and synthetic materials only; where seating/trim is involved it is vinyl/PU, which substitutes for leather. No animal-derived input, so Green.",
Rane Holdings Ltd.,RANEHOLDIN,INE384A01010,Consumer Discretionary,Automobile and Auto Components,Auto Components,Auto Components & Equipments,Green,"Holding company of the Rane group, whose consolidated earnings come from steering, braking and friction-material auto components. Rated by its dominant operating business, which is animal-neutral, so Green.",
Rico Auto Industries Ltd.,RICOAUTO,INE209B01025,Consumer Discretionary,Automobile and Auto Components,Auto Components,Auto Components & Equipments,Green,"Auto-component maker supplying OEMs. Metal, plastic and synthetic materials only; where seating/trim is involved it is vinyl/PU, which substitutes for leather. No animal-derived input, so Green.",
Saint-Gobain Sekurit India Ltd.,SEKURITIND,INE068B01017,Consumer Discretionary,Automobile and Auto Components,Auto Components,Auto Components & Equipments,Green,"Auto-component maker supplying OEMs. Metal, plastic and synthetic materials only; where seating/trim is involved it is vinyl/PU, which substitutes for leather. No animal-derived input, so Green.",
Sterling Tools Ltd.,STERTOOLS,INE334A01023,Consumer Discretionary,Automobile and Auto Components,Auto Components,Auto Components & Equipments,Green,"Auto-component maker supplying OEMs. Metal, plastic and synthetic materials only; where seating/trim is involved it is vinyl/PU, which substitutes for leather. No animal-derived input, so Green.",
Talbros Automotive Components Ltd.,TALBROAUTO,INE187D01029,Consumer Discretionary,Automobile and Auto Components,Auto Components,Auto Components & Equipments,Green,"Auto-component maker supplying OEMs. Metal, plastic and synthetic materials only; where seating/trim is involved it is vinyl/PU, which substitutes for leather. No animal-derived input, so Green.",
The Hi-Tech Gears Ltd.,HITECHGEAR,INE127B01011,Consumer Discretionary,Automobile and Auto Components,Auto Components,Auto Components & Equipments,Green,"Auto-component maker supplying OEMs. Metal, plastic and synthetic materials only; where seating/trim is involved it is vinyl/PU, which substitutes for leather. No animal-derived input, so Green.",
TVS Srichakra Ltd.,TVSSRICHAK,INE421C01016,Consumer Discretionary,Automobile and Auto Components,Auto Components,Tyres & Rubber Products,Green,"Tyre/rubber-product manufacturer. Rubber, carbon black and synthetic polymers; stearic acid used as a vulcanising aid is a tiny, replaceable and largely plant-derived processing helper that does not move the band (Section 6), so Green.",
Wheels India Ltd.,WHEELS,INE715A01015,Consumer Discretionary,Automobile and Auto Components,Auto Components,Auto Components & Equipments,Green,"Auto-component maker supplying OEMs. Metal, plastic and synthetic materials only; where seating/trim is involved it is vinyl/PU, which substitutes for leather. No animal-derived input, so Green.",
Atul Auto Ltd.,ATULAUTO,INE951D01028,Consumer Discretionary,Automobile and Auto Components,Automobiles,2/3 Wheelers,Green,"Manufactures three-wheelers and electric two-wheelers. Seats and trim use vinyl/PU rather than leather, so there is no material animal-derived input - Green.",
Capital Small Finance Bank Ltd.,CAPITALSFB,INE646H01017,Financial Services,Financial Services,Banks,Other Bank,Orange,"Bank taking deposits and lending across retail, agriculture, MSME and corporate segments - a mix that always includes animal-based industries - so Orange under Section 9 and Table 4.",
Dhanlaxmi Bank Ltd.,DHANBANK,INE680A01011,Financial Services,Financial Services,Banks,Other Bank,Orange,"Bank taking deposits and lending across retail, agriculture, MSME and corporate segments - a mix that always includes animal-based industries - so Orange under Section 9 and Table 4.",
CFF Fluid Control Ltd.,CFF,INE0NJ001013,Industrials,Capital Goods,Aerospace & Defense,Aerospace & Defence,Red,"Manufactures and overhauls shipboard fluid-control and combat systems for Indian Navy submarines and surface ships (Scorpene/Kalvari class). Military platforms are a harmful-product category under Section 8, so Red.",
Rossell Techsys Ltd.,ROSSTECH,INE0OJW01016,Industrials,Capital Goods,Aerospace & Defense,Aerospace & Defence,Red,"Manufactures wiring harnesses, cockpit panels and interconnect systems for combat aircraft programmes (F/A-18, F-15, AH-64 Apache, CH-47, P-8) for Boeing and Lockheed Martin. Military platform components are a harmful-product category under Section 8, so Red.",
Sika Interplant Systems Ltd.,SIKA,INE438E01032,Industrials,Capital Goods,Aerospace & Defense,Aerospace & Defence,Red,"Aerospace, Defence & Space engineering group holding a defence production licence and CEMILAC design approval - landing gear, hydraulics, sonar winches, cargo hooks and interconnect systems for military platforms. Red under Section 8.",
Unimech Aerospace and Manufacturing Ltd.,UNIMECH,INE0U3I01011,Industrials,Capital Goods,Industrial Products,Other Industrial Products,Green,"Manufactures aero-engine and airframe assembly/MRO tooling and precision components, over 90% of revenue, principally for civil aviation OEMs and MROs. It makes ground-support tooling rather than weapons, munitions or military platforms, so Green under the Section 8 civil-aerospace carve-out - consistent with Aequs.",
Asian Granito India Ltd.,ASIANTILES,INE022I01019,Industrials,Capital Goods,Building Products,Building Products,Green,"Manufactures building products - ceramic and vitrified tiles, decorative wall panels and surfaces. Mineral and polymer materials with no animal-derived input, so Green.",
Euro Pratik Sales Ltd.,EUROPRATIK,INE198501012,Industrials,Capital Goods,Building Products,Building Products,Green,"Manufactures building products - ceramic and vitrified tiles, decorative wall panels and surfaces. Mineral and polymer materials with no animal-derived input, so Green.",
Nitco Ltd.,NITCO,INE858F01012,Industrials,Capital Goods,Building Products,Building Products,Green,"Manufactures building products - ceramic and vitrified tiles, decorative wall panels and surfaces. Mineral and polymer materials with no animal-derived input, so Green.",
BF Utilities Ltd.,BFUTILITIE,INE243D01012,Utilities,Power,Power,Power,Green,"Holds and operates wind-power assets and an infrastructure/road concession within the Bharat Forge group. Power generation and road infrastructure are animal-neutral, so Green.",
Denta Water and Infra Solutions Ltd.,DENTA,INE0R4L01018,Industrials,Construction,Construction,Civil Construction,Green,"EPC/infrastructure contractor working in civil, industrial, power or water projects. Construction uses mineral and metal inputs with no animal-derived material and no animal-linked product line, so Green.",
GE Power India Ltd.,GVPIL,INE878A01011,Industrials,Construction,Construction,Civil Construction,Green,"Supplies boilers, air-quality control systems and power-plant equipment. Heavy engineering with metal and mineral inputs and no animal-derived material, so Green.",
GHV Infra Projects Ltd.,GHVINFRA,INE809Q01020,Industrials,Construction,Construction,Civil Construction,Green,"EPC/infrastructure contractor working in civil, industrial, power or water projects. Construction uses mineral and metal inputs with no animal-derived material and no animal-linked product line, so Green.",
GPT Infraprojects Ltd.,GPTINFRA,INE390G01014,Industrials,Construction,Construction,Civil Construction,Green,"EPC/infrastructure contractor working in civil, industrial, power or water projects. Construction uses mineral and metal inputs with no animal-derived material and no animal-linked product line, so Green.",
Interarch Building Solutions Ltd.,INTERARCH,INE00M901018,Industrials,Construction,Construction,Civil Construction,Green,"EPC/infrastructure contractor working in civil, industrial, power or water projects. Construction uses mineral and metal inputs with no animal-derived material and no animal-linked product line, so Green.",
Jyoti Structures Ltd.,JYOTISTRUC,INE197A01024,Industrials,Construction,Construction,Civil Construction,Green,"Fabricates transmission-line towers and substations. Galvanised steel structures with no animal-derived input, so Green.",
M & B Engineering Ltd.,MBEL,INE08N601015,Industrials,Construction,Construction,Civil Construction,Green,"EPC/infrastructure contractor working in civil, industrial, power or water projects. Construction uses mineral and metal inputs with no animal-derived material and no animal-linked product line, so Green.",
Man Industries (India) Ltd.,MANINDS,INE993A01026,Commodities,Metals & Mining,Iron & Steel Products,Pipes,Green,"Manufactures large-diameter LSAW/HSAW and ERW steel line pipes and coatings for oil, gas and water pipelines. Steel and polymer coatings only, with no animal-derived input, so Green.",
Om Infra Ltd.,OMINFRAL,INE239D01028,Industrials,Construction,Construction,Civil Construction,Green,"EPC/infrastructure contractor working in civil, industrial, power or water projects. Construction uses mineral and metal inputs with no animal-derived material and no animal-linked product line, so Green.",
Pace Digitek Ltd.,PACEDIGITK,INE0S3G01027,Industrials,Construction,Construction,Civil Construction,Green,"Builds telecom network infrastructure, solar EPC and battery energy-storage systems. All inputs are electronic, metal and mineral with no animal-derived material, so Green.",
Rajesh Power Services Ltd.,RAJESH,INE0VN801010,Industrials,Construction,Construction,Civil Construction,Green,"EPC/infrastructure contractor working in civil, industrial, power or water projects. Construction uses mineral and metal inputs with no animal-derived material and no animal-linked product line, so Green.",
Salasar Techno Engineering Ltd.,SALASAR,INE170V01027,Industrials,Construction,Construction,Civil Construction,Green,"EPC/infrastructure contractor working in civil, industrial, power or water projects. Construction uses mineral and metal inputs with no animal-derived material and no animal-linked product line, so Green.",
SEPC Ltd.,SEPC,INE964H01014,Industrials,Construction,Construction,Civil Construction,Green,"EPC/infrastructure contractor working in civil, industrial, power or water projects. Construction uses mineral and metal inputs with no animal-derived material and no animal-linked product line, so Green.",
Simplex Infrastructures Ltd.,SIMPLEXINF,INE059B01024,Industrials,Construction,Construction,Civil Construction,Green,"EPC/infrastructure contractor working in civil, industrial, power or water projects. Construction uses mineral and metal inputs with no animal-derived material and no animal-linked product line, so Green.",
Solarworld Energy Solutions Ltd.,SOLARWORLD,INE0TY101024,Industrials,Construction,Construction,Civil Construction,Green,"Solar EPC contractor building ground-mount and rooftop photovoltaic plants. Silicon, glass and metal inputs; renewable-energy construction is animal-neutral, so Green.",
SPML Infra Ltd.,SPMLINFRA,INE937A01023,Industrials,Construction,Construction,Civil Construction,Green,"EPC/infrastructure contractor working in civil, industrial, power or water projects. Construction uses mineral and metal inputs with no animal-derived material and no animal-linked product line, so Green.",
SRM Contractors Ltd.,SRM,INE0R6Z01013,Industrials,Construction,Construction,Civil Construction,Green,"EPC/infrastructure contractor working in civil, industrial, power or water projects. Construction uses mineral and metal inputs with no animal-derived material and no animal-linked product line, so Green.",
Vascon Engineers Ltd.,VASCONEQ,INE893I01013,Industrials,Construction,Construction,Civil Construction,Green,"EPC/infrastructure contractor working in civil, industrial, power or water projects. Construction uses mineral and metal inputs with no animal-derived material and no animal-linked product line, so Green.",
Vikran Engineering Ltd.,VIKRAN,INE01R501028,Industrials,Construction,Construction,Civil Construction,Green,"EPC/infrastructure contractor working in civil, industrial, power or water projects. Construction uses mineral and metal inputs with no animal-derived material and no animal-linked product line, so Green.",
Vishnu Prakash R Punglia Ltd.,VPRPL,INE0AE001013,Industrials,Construction,Construction,Civil Construction,Green,"EPC/infrastructure contractor working in civil, industrial, power or water projects. Construction uses mineral and metal inputs with no animal-derived material and no animal-linked product line, so Green.",
BGR Energy Systems Ltd.,BGRENERGY,INE661I01014,Industrials,Capital Goods,Electrical Equipment,Heavy Electrical Equipment,Green,"Manufacturer of electrical components/equipment (cables, wires, transformers, switchgear, meters). Metal, polymer and mineral inputs with no animal-derived material, so Green.",
Dynamic Cables Ltd.,DYCL,INE600Y01019,Industrials,Capital Goods,Electrical Equipment,Electrical Components & Equipm,Green,"Manufacturer of electrical components/equipment (cables, wires, transformers, switchgear, meters). Metal, polymer and mineral inputs with no animal-derived material, so Green.",
Hind Rectifiers Ltd.,HIRECT,INE835D01023,Industrials,Capital Goods,Electrical Equipment,Electrical Components & Equipm,Green,"Manufacturer of electrical components/equipment (cables, wires, transformers, switchgear, meters). Metal, polymer and mineral inputs with no animal-derived material, so Green.",
HPL Electric & Power Ltd.,HPL,INE495S01016,Industrials,Capital Goods,Electrical Equipment,Electrical Components & Equipm,Green,"Manufacturer of electrical components/equipment (cables, wires, transformers, switchgear, meters). Metal, polymer and mineral inputs with no animal-derived material, so Green.",
Indo Tech Transformers Ltd.,INDOTECH,INE332H01014,Industrials,Capital Goods,Electrical Equipment,Electrical Components & Equipm,Green,"Manufacturer of electrical components/equipment (cables, wires, transformers, switchgear, meters). Metal, polymer and mineral inputs with no animal-derived material, so Green.",
KP Green Engineering Ltd.,KPGEL,INE0QVH01025,Industrials,Capital Goods,Electrical Equipment,Heavy Electrical Equipment,Green,"Manufacturer of electrical components/equipment (cables, wires, transformers, switchgear, meters). Metal, polymer and mineral inputs with no animal-derived material, so Green.",
Mangal Electrical Industries Ltd.,MEIL,INE0PKD01011,Industrials,Capital Goods,Electrical Equipment,Electrical Components & Equipm,Green,"Manufacturer of electrical components/equipment (cables, wires, transformers, switchgear, meters). Metal, polymer and mineral inputs with no animal-derived material, so Green.",
Marsons Ltd.,MARSONS,INE415B01044,Industrials,Capital Goods,Electrical Equipment,Heavy Electrical Equipment,Green,"Manufacturer of electrical components/equipment (cables, wires, transformers, switchgear, meters). Metal, polymer and mineral inputs with no animal-derived material, so Green.",
Paramount Communications Ltd.,PARACABLES,INE074B01023,Industrials,Capital Goods,Electrical Equipment,Electrical Components & Equipm,Green,"Manufacturer of electrical components/equipment (cables, wires, transformers, switchgear, meters). Metal, polymer and mineral inputs with no animal-derived material, so Green.",
Precision Wires India Ltd.,PRECWIRE,INE372C01037,Industrials,Capital Goods,Electrical Equipment,Electrical Components & Equipm,Green,"Manufacturer of electrical components/equipment (cables, wires, transformers, switchgear, meters). Metal, polymer and mineral inputs with no animal-derived material, so Green.",
Prostarm Info Systems Ltd.,PROSTARM,INE0BX301013,Industrials,Capital Goods,Electrical Equipment,Electrical Components & Equipm,Green,"Manufacturer of electrical components/equipment (cables, wires, transformers, switchgear, meters). Metal, polymer and mineral inputs with no animal-derived material, so Green.",
Quadrant Future Tek Ltd.,QUADFUTURE,INE0LRY01011,Telecommunication,Telecommunication,Telecom - Equipment & Accessories,Telecom - Equipment & Accessories,Green,"Develops KAVACH train control and signalling systems for Indian Railways and manufactures electron-beam-irradiated specialty cables. Railway safety electronics and cables are animal-neutral, so Green.",
Ram Ratna Wires Ltd.,RAMRAT,INE207E01023,Industrials,Capital Goods,Electrical Equipment,Electrical Components & Equipm,Green,"Manufacturer of electrical components/equipment (cables, wires, transformers, switchgear, meters). Metal, polymer and mineral inputs with no animal-derived material, so Green.",
Ravindra Energy Ltd.,RELTD,INE206N01018,Industrials,Capital Goods,Electrical Equipment,Electrical Components & Equipm,Green,"Solar EPC, solar pumps and renewable-energy project development. Silicon, glass and metal inputs, so Green.",
Salzer Electronics Ltd.,SALZERELEC,INE457F01013,Industrials,Capital Goods,Electrical Equipment,Electrical Components & Equipm,Green,"Manufacturer of electrical components/equipment (cables, wires, transformers, switchgear, meters). Metal, polymer and mineral inputs with no animal-derived material, so Green.",
Spectrum Electrical Industries Ltd.,SPECTRUM,INE01EO01010,Industrials,Capital Goods,Electrical Equipment,Electrical Components & Equipm,Green,"Manufacturer of electrical components/equipment (cables, wires, transformers, switchgear, meters). Metal, polymer and mineral inputs with no animal-derived material, so Green.",
Swelect Energy Systems Ltd.,SWELECTES,INE409B01013,Industrials,Capital Goods,Electrical Equipment,Electrical Components & Equipm,Green,"Manufactures solar modules, power-conditioning and energy-management systems. Renewable-energy hardware is animal-neutral, so Green.",
Ujaas Energy Ltd.,UEL,INE899L01030,Industrials,Capital Goods,Electrical Equipment,Electrical Components & Equipm,Green,"Solar power generation and EV/energy solutions. Renewable-energy assets with no animal-derived input, so Green.",
Yash Highvoltage Ltd.,YASHHV,INE00GK01023,Industrials,Capital Goods,Electrical Equipment,Heavy Electrical Equipment,Green,"Manufacturer of electrical components/equipment (cables, wires, transformers, switchgear, meters). Metal, polymer and mineral inputs with no animal-derived material, so Green.",
Balmer Lawrie Investments Ltd.,BLIL,INE525F01025,Financial Services,Financial Services,Finance,Holding Company,Orange,"Holding company of Balmer Lawrie, whose businesses include a genuine leather-chemicals line alongside industrial packaging, greases, logistics and travel. Rated by its dominant operating business, which carries a real but minority animal-industry product line, so Orange.",
Automobile Corporation of Goa Ltd.,ACGL,INE451C01013,Industrials,Capital Goods,Machinery,Construction Machinery & Heavy,Green,"Manufactures railway/commercial-vehicle and material-handling equipment (bus bodies, springs, axles, hoists, cranes). Metal engineering with no animal-derived input, so Green.",
Carraro India Ltd.,CARRARO,INE0V7W01012,Industrials,Capital Goods,Machinery,Agricultural & Farm Machinery,Green,"Manufactures agricultural/farm machinery and components (tractor drivetrains, engines, micro-irrigation systems). Crop-farming equipment with no animal-derived input and no product made for animal rearing, so Green.",
Diffusion Engineers Ltd.,DIFFNKG,INE184O01015,Industrials,Capital Goods,Machinery,Industrial Machinery & Supplie,Green,"Manufactures industrial machinery/equipment (welding consumables, pumps, transmission belts, process and packaging machinery). Metal and polymer engineering with no animal-derived input, so Green.",
Esab India Ltd.,ESABINDIA,INE284A01012,Industrials,Capital Goods,Machinery,Industrial Machinery & Supplie,Green,"Manufactures industrial machinery/equipment (welding consumables, pumps, transmission belts, process and packaging machinery). Metal and polymer engineering with no animal-derived input, so Green.",
Frontier Springs Ltd.,FRONTSP,INE572D01014,Industrials,Capital Goods,Machinery,Construction Machinery & Heavy,Green,"Manufactures railway/commercial-vehicle and material-handling equipment (bus bodies, springs, axles, hoists, cranes). Metal engineering with no animal-derived input, so Green.",
Indef Manufacturing Ltd.,BAJAJINDEF,INE0O9T01021,Industrials,Capital Goods,Machinery,Construction Machinery & Heavy,Green,"Manufactures railway/commercial-vehicle and material-handling equipment (bus bodies, springs, axles, hoists, cranes). Metal engineering with no animal-derived input, so Green.",
John Cockerill India Ltd.,COCKERILL,INE515A01019,Industrials,Capital Goods,Machinery,Industrial Machinery & Supplie,Green,"Manufactures industrial machinery/equipment (welding consumables, pumps, transmission belts, process and packaging machinery). Metal and polymer engineering with no animal-derived input, so Green.",
Kilburn Engineering Ltd.,KLBRENG-B,INE338F01015,Industrials,Capital Goods,Machinery,Industrial Machinery & Supplie,Green,"Manufactures industrial machinery/equipment (welding consumables, pumps, transmission belts, process and packaging machinery). Metal and polymer engineering with no animal-derived input, so Green.",
Kross Ltd.,KROSS,INE0O6601022,Industrials,Capital Goods,Machinery,Construction Machinery & Heavy,Green,"Manufactures railway/commercial-vehicle and material-handling equipment (bus bodies, springs, axles, hoists, cranes). Metal engineering with no animal-derived input, so Green.",
L G Balakrishnan & Bros Ltd.,LGBBROSLTD,INE337A01034,Industrials,Capital Goods,Machinery,Industrial Machinery & Supplie,Green,"Manufactures industrial machinery/equipment (welding consumables, pumps, transmission belts, process and packaging machinery). Metal and polymer engineering with no animal-derived input, so Green.",
Lloyds Engineering Works Ltd. (Partly Paid),,IN9093R01019,Industrials,Capital Goods,Machinery,Industrial Machinery & Supplie,Green,"Manufactures industrial machinery/equipment (welding consumables, pumps, transmission belts, process and packaging machinery). Metal and polymer engineering with no animal-derived input, so Green.",
Mamata Machinery Ltd.,MAMATA,INE0TO701015,Industrials,Capital Goods,Machinery,Industrial Machinery & Supplie,Green,"Manufactures industrial machinery/equipment (welding consumables, pumps, transmission belts, process and packaging machinery). Metal and polymer engineering with no animal-derived input, so Green.",
Raymond Ltd.,RAYMOND,INE301A01014,Industrials,Capital Goods,Aerospace & Defense,Aerospace & Defence,Red,"Post-demerger Raymond Ltd is an engineering group - Precision Technology & Auto Components about 72% of FY26 revenue - but its Aerospace & Defence segment (JK Maini Global Aerospace) contributed Rs 392 cr of Rs 2,312 cr, about 17%, exceeding the 10% threshold for a harmful business line under Section 7, so Red. The worsted-wool textile business now sits in Raymond Lifestyle.",
Oriental Rail Infrastructure Ltd.,ORIRAIL,INE457G01029,Industrials,Capital Goods,Industrial Manufacturing,Railway Wagons,Green,"Manufactures railway seats, berths, lavatory doors and compreg boards, and backward-integrates into rexine (artificial leather) under the ORVIN brand. Synthetic leather is a substitute that replaces animal hide and is expressly Green under Section 11.",
Pix Transmission Ltd.,PIXTRANS,INE751B01018,Industrials,Capital Goods,Machinery,Industrial Machinery & Supplie,Green,"Manufactures industrial machinery/equipment (welding consumables, pumps, transmission belts, process and packaging machinery). Metal and polymer engineering with no animal-derived input, so Green.",
R M Drip and Sprinklers Systems Ltd.,RMDRIP,INE219Y01026,Industrials,Capital Goods,Machinery,Agricultural & Farm Machinery,Green,"Manufactures agricultural/farm machinery and components (tractor drivetrains, engines, micro-irrigation systems). Crop-farming equipment with no animal-derived input and no product made for animal rearing, so Green.",
Rajoo Engineers Ltd.,RAJOOENG,INE535F01024,Industrials,Capital Goods,Machinery,Industrial Machinery & Supplie,Green,"Manufactures industrial machinery/equipment (welding consumables, pumps, transmission belts, process and packaging machinery). Metal and polymer engineering with no animal-derived input, so Green.",
Roto Pumps Ltd.,ROTO,INE535D01037,Industrials,Capital Goods,Machinery,Industrial Machinery & Supplie,Green,"Manufactures industrial machinery/equipment (welding consumables, pumps, transmission belts, process and packaging machinery). Metal and polymer engineering with no animal-derived input, so Green.",
Standard Glass Lining Technology Ltd.,SETL,INE0M4D01010,Industrials,Capital Goods,Machinery,Industrial Machinery & Supplie,Green,"Manufactures industrial machinery/equipment (welding consumables, pumps, transmission belts, process and packaging machinery). Metal and polymer engineering with no animal-derived input, so Green.",
Swan Defence and Heavy Industries Ltd.,SWANDEF,INE542F01020,Industrials,Capital Goods,Industrial Manufacturing,Ship Building & Allied Services,Red,"Pipavav shipyard (formerly Reliance Naval), rebuilt under Swan Corp as a defence and heavy-industries yard. Alongside commercial offshore vessels and bulk carriers it builds naval platforms, including a training ship for the Royal Navy of Oman. Naval shipbuilding is a harmful-product category under Section 8, so Red, consistent with Mazagon Dock and Cochin Shipyard.",
Swaraj Engines Ltd.,SWARAJENG,INE277A01016,Industrials,Capital Goods,Machinery,Agricultural & Farm Machinery,Green,"Manufactures agricultural/farm machinery and components (tractor drivetrains, engines, micro-irrigation systems). Crop-farming equipment with no animal-derived input and no product made for animal rearing, so Green.",
TIL Ltd.,TIL,INE806C01018,Industrials,Capital Goods,Machinery,Construction Machinery & Heavy,Green,"Manufactures railway/commercial-vehicle and material-handling equipment (bus bodies, springs, axles, hoists, cranes). Metal engineering with no animal-derived input, so Green.",
Walchandnagar Industries Ltd.,WALCHANNAG,INE711A01022,Industrials,Capital Goods,Aerospace & Defense,Aerospace & Defence,Red,"Heavy-engineering maker of process plant, castings and gears that has pivoted strategically to Defence, Nuclear and Aerospace - it supplies motor cases and launchers for the nuclear-capable Agni missile programme and equipment for ballistic-missile submarines. Weapons work exceeds the 10% threshold under Section 7, so Red, consistent with MTAR and Bharat Forge.",
Windsor Machines Ltd.,WINDMACHIN,INE052A01021,Industrials,Capital Goods,Machinery,Industrial Machinery & Supplie,Green,"Manufactures industrial machinery/equipment (welding consumables, pumps, transmission belts, process and packaging machinery). Metal and polymer engineering with no animal-derived input, so Green.",
Yuken India Ltd.,YUKEN,INE384C01016,Industrials,Capital Goods,Machinery,Industrial Machinery & Supplie,Green,"Manufactures industrial machinery/equipment (welding consumables, pumps, transmission belts, process and packaging machinery). Metal and polymer engineering with no animal-derived input, so Green.",
Arisinfra Solutions Ltd.,ARIS,INE0H9P01028,Services,Services,Commercial Services & Supplies,Trading & Distributors,Green,"B2B technology platform for construction materials - aggregates, cement, steel and ready-mix concrete. Construction-material distribution is animal-neutral, so Green.",
Lloyds Enterprises Ltd. (Partly Paid),,IN9080I01015,Diversified,Diversified,Diversified,Diversified,Orange,"Diversified trading and investment group that also directly operates the 1441 Pizzeria restaurant chain serving non-vegetarian food, alongside an investment portfolio. Direct provision of animal food as a minority line plus broad capital deployment, so Orange.",
Midwest Gold Ltd.,REMAGNET,INE519N01014,Commodities,Metals & Mining,Minerals & Mining,Industrial Minerals,Green,"Processes and trades granite, marble and natural stone with a gold-mining interest. Mineral extraction and processing; environmental impact is outside the animal-harm band under Section 6, so Green.",
Uniphos Enterprises Ltd.,UNIENTER,INE037A01022,Financial Services,Financial Services,Finance,Holding Company,Red,"Core investment company whose value comes principally from its promoter stake in UPL, a global crop-protection major whose portfolio includes insecticides, plus small-scale chemical and agro-commodity trading. Rated by the dominant underlying business, so Red - consistent with E.I.D. Parry via Coromandel.",
Vintage Coffee and Beverages Ltd.,VINCOFE,INE498Q01014,Fast Moving Consumer Goods,Fast Moving Consumer Goods,Agricultural Food & other Products,Tea & Coffee,Green,"Manufactures and exports spray-dried and agglomerated instant coffee and instant chicory (Neocafe, Vintage). Entirely plant-derived, so Green.",
The Yamuna Syndicate Ltd.,YSL,INE868X01014,Services,Services,Commercial Services & Supplies,Trading & Distributors,Green,"Distributes automotive components and batteries, industrial and consumer electricals and agro-chemicals as a trading franchisee. Third-party distribution across many industries is expressly not a basis under Section 6, so Green.",
Kokuyo Camlin Ltd.,KOKUYOCMLN,INE760A01029,Fast Moving Consumer Goods,Fast Moving Consumer Goods,Household Products,Stationary,Green,"Manufactures stationery, art materials, adhesives and office supplies (Camlin). Plant, mineral and synthetic inputs with no animal-derived material, so Green.",
BLS E-Services Ltd.,BLSE,INE0NLT01010,Services,Services,Commercial Services & Supplies,Business Process Outsourcing (BPO)/ Knowledge Process Outsourcing (KPO),Green,"Business-process outsourcing, digital services and diversified services group. Services businesses are animal-neutral, so Green.",
Digitide Solutions Ltd.,DIGITIDE,INE0U4701011,Services,Services,Commercial Services & Supplies,Business Process Outsourcing (BPO)/ Knowledge Process Outsourcing (KPO),Green,"Business-process outsourcing, digital services and diversified services group. Services businesses are animal-neutral, so Green.",
Grand Oak Canyons Distillery Ltd.,GRANDOAK,INE926B01016,Fast Moving Consumer Goods,Fast Moving Consumer Goods,Beverages,Breweries & Distilleries,Red,Renamed from Pacheli Industrial Finance to Grand Oak Canyons Distillery and repositioned into distillery and hospitality-consultancy activity. Alcohol is a harmful-product ('vice') category and is Red on its own under Section 8.,
RPSG Ventures Ltd.,RPSGVENT,INE425Y01011,Diversified,Diversified,Diversified,Diversified,Green,"Holding company for Firstsource (business-process management), Guiltfree Industries (Too Yumm vegetarian snacks and personal care), Quest Properties real estate, Dr Vaidya's ayurveda and an IPL franchise. All operating businesses are animal-neutral, so Green.",
Sirca Paints India Ltd.,SIRCA,INE792Z01011,Consumer Discretionary,Consumer Durables,Consumer Durables,Paints,Green,"Manufactures and distributes wood coatings, PU and decorative paints and adhesives. Synthetic chemistry with no animal-derived input, so Green.",
EFC (I) Ltd.,EFCIL,INE886D01026,Services,Services,Commercial Services & Supplies,Diversified Commercial Services,Green,"Designs, builds and operates managed office and co-working spaces alongside furniture fit-out. Workspace services are animal-neutral, so Green.",
D.P. Abhushan Ltd.,DPABHUSHAN,INE266Y01019,Consumer Discretionary,Consumer Durables,Consumer Durables,"Gems, Jewellery And Watches",Green,"Retails gold, diamond and gemstone jewellery. Precious metals and stones are animal-neutral under Section 8, so Green.",
PNGS Gargi Fashion Jewellery Ltd.,GARGI,INE0NT601018,Consumer Discretionary,Consumer Durables,Consumer Durables,"Gems, Jewellery And Watches",Green,"Retails gold, diamond and gemstone jewellery. Precious metals and stones are animal-neutral under Section 8, so Green.",
Popular Vehicles and Services Ltd.,PVSL,INE772T01024,Consumer Discretionary,Automobile and Auto Components,Automobiles,Auto Dealer,Green,"Automobile dealership retailing and servicing vehicles. Vehicle retail is animal-neutral, so Green.",
Tribhovandas Bhimji Zaveri Ltd.,TBZ,INE760L01018,Consumer Discretionary,Consumer Durables,Consumer Durables,"Gems, Jewellery And Watches",Green,"Retails gold, diamond and gemstone jewellery. Precious metals and stones are animal-neutral under Section 8, so Green.",
Epack Durable Ltd.,EPACK,INE0G5901015,Consumer Discretionary,Consumer Durables,Consumer Durables,Household Appliances,Green,"Manufactures consumer durables and appliances (room air-conditioners, kitchen appliances, cookware, electronic assemblies). Metal, plastic and electronic materials with no animal-derived input, so Green.",
Faze Three Ltd.,FAZE3Q,INE963C01033,Consumer Discretionary,Textiles,Textiles & Apparels,Other Textile Products,Green,"Manufactures home textiles for export - bathmats, rugs, throws, blankets and cushions - in cotton, linen, viscose and polyester with performance synthetic fills. No material wool or other animal fibre, so Green.",
MIRC Electronics Ltd.,ONIDA,INE831A01028,Consumer Discretionary,Consumer Durables,Consumer Durables,Consumer Electronics,Green,"Manufactures consumer electronics and appliances (Onida televisions, washing machines, air conditioners). Electronic and metal manufacturing with no animal-derived input, so Green.",
Stanley Lifestyles Ltd.,STANLEY,INE01A001028,Consumer Discretionary,Consumer Durables,Consumer Durables,"Furniture, Home Furnishing",Red,"India's largest super-premium and luxury furniture brand, built on genuine-leather seating and upholstery with globally sourced hides. Animal hide is the core product material, so Red.",
Stove Kraft Ltd.,STOVEKRAFT,INE00IN01015,Consumer Discretionary,Consumer Durables,Consumer Durables,Household Appliances,Green,"Manufactures consumer durables and appliances (room air-conditioners, kitchen appliances, cookware, electronic assemblies). Metal, plastic and electronic materials with no animal-derived input, so Green.",
Virtuoso Optoelectronics Ltd.,VOEPL,INE0I0T01010,Consumer Discretionary,Consumer Durables,Consumer Durables,Household Appliances,Green,"Manufactures consumer durables and appliances (room air-conditioners, kitchen appliances, cookware, electronic assemblies). Metal, plastic and electronic materials with no animal-derived input, so Green.",
AYM Syntex Ltd.,AYMSYNTEX,INE193B01039,Consumer Discretionary,Textiles,Textiles & Apparels,Other Textile Products,Green,"Manufactures yarn and fabric predominantly from polyester, viscose, acrylic and cotton. Man-made and plant fibres with no material wool, silk or other animal-derived input, so Green.",
Bhartiya International Ltd.,BIL,INE828A01016,Consumer Discretionary,Consumer Durables,Consumer Durables,Footwear,Red,"Designs, manufactures and exports leather outerwear, garments and accessories for global luxury brands. Animal hide is the core product material, so Red.",
Cantabil Retail India Ltd.,CANTABIL,INE068L01024,Consumer Discretionary,Textiles,Textiles & Apparels,Garments & Apparels,Orange,"Branded apparel retailer (Cantabil, Kaneston) selling formals, casuals and denim, with a genuine seasonal woollen range - jackets, pullovers and winter wear. Wool is a real but minority animal-derived material, so Orange under Section 7.",
Century Enka Ltd.,CENTENKA,INE485A01015,Consumer Discretionary,Textiles,Textiles & Apparels,Other Textile Products,Green,"Manufactures yarn and fabric predominantly from polyester, viscose, acrylic and cotton. Man-made and plant fibres with no material wool, silk or other animal-derived input, so Green.",
Siyaram Silk Mills Ltd.,SIYSIL,INE076B01028,Consumer Discretionary,Textiles,Textiles & Apparels,Other Textile Products,Orange,"Blended-fabric house whose raw material is roughly 85% polyester-viscose, but which also runs a genuine wool and wool-blend suiting line (poly-wool, wool-lycra, wool-linen). Wool is a real but minority animal-derived material, so Orange under Section 7 - consistent with Vardhman Textiles.",
Filatex India Ltd.,FILATEX,INE816B01035,Consumer Discretionary,Textiles,Textiles & Apparels,Other Textile Products,Green,"Manufactures yarn and fabric predominantly from polyester, viscose, acrylic and cotton. Man-made and plant fibres with no material wool, silk or other animal-derived input, so Green.",
Himatsingka Seide Ltd.,HIMATSEIDE,INE049A01027,Consumer Discretionary,Textiles,Textiles & Apparels,Other Textile Products,Orange,"Home-textile maker whose bedding and terry-bath businesses (about 90% of revenue) are cotton-based, alongside a genuine premium silk-yarn and silk drapery/upholstery line of roughly 10%. Silk is a real but minority animal-derived material, so Orange under Section 7.",
KDDL Ltd.,KDDL,INE291D01011,Consumer Discretionary,Consumer Durables,Consumer Durables,"Gems, Jewellery And Watches",Green,"Manufactures watch dials, hands and precision-engineered components, and consolidates Ethos, India's largest luxury-watch retailer. Rated by its dominant business: watch retail and watch-component manufacture are metal-, glass- and synthetic-based, with genuine leather appearing only as a strap option on watches rather than as a product line, so Green, consistent with Ethos.",
Khazanchi Jewellers Ltd.,KHAZANCHI,INE0OWC01011,Consumer Discretionary,Consumer Durables,Consumer Durables,"Gems, Jewellery And Watches",Green,"Manufactures and retails gold and diamond-studded jewellery. Gold, diamonds and gemstones are animal-neutral (Section 8), so Green.",
Mafatlal Industries Ltd.,MAFATIND,INE270B01035,Consumer Discretionary,Textiles,Textiles & Apparels,Other Textile Products,Green,"Manufactures cotton and blended fabrics, garments and technical/industrial textiles. Cotton and synthetic fibres with no material wool or silk input, so Green.",
Monte Carlo Fashions Ltd.,MONTECARLO,INE950M01013,Consumer Discretionary,Textiles,Textiles & Apparels,Garments & Apparels,Red,"Branded apparel maker whose woollen range (sweaters, cardigans, thermals, coats) is about 30% of revenue, with over half the organised branded-woollen market. Wool at that share is a significant part of the business under Section 7, so Red.",
NIBE Ltd.,NIBE,INE149O01018,Industrials,Capital Goods,Aerospace & Defense,Aerospace & Defence,Red,"Manufactures defence hardware - universal rocket launchers, armour plate and ruggedised military consoles - alongside EV components. Weapons and munitions are a harmful-product category under Section 8, so Red.",
Nitin Spinners Ltd.,NITINSPIN,INE229H01012,Consumer Discretionary,Textiles,Textiles & Apparels,Other Textile Products,Green,"Manufactures yarn and fabric predominantly from polyester, viscose, acrylic and cotton. Man-made and plant fibres with no material wool, silk or other animal-derived input, so Green.",
Pashupati Cotspin Ltd.,PASHUPATI,INE124Y01028,Consumer Discretionary,Textiles,Textiles & Apparels,Other Textile Products,Green,"Manufactures yarn and fabric predominantly from polyester, viscose, acrylic and cotton. Man-made and plant fibres with no material wool, silk or other animal-derived input, so Green.",
R&B Denims Ltd.,RNBDENIMS,INE012Q01039,Consumer Discretionary,Textiles,Textiles & Apparels,Other Textile Products,Green,"Manufactures yarn and fabric predominantly from polyester, viscose, acrylic and cotton. Man-made and plant fibres with no material wool, silk or other animal-derived input, so Green.",
Raj Rayon Industries Ltd.,RAJRILTD,INE533D01032,Consumer Discretionary,Textiles,Textiles & Apparels,Other Textile Products,Green,"Manufactures yarn and fabric predominantly from polyester, viscose, acrylic and cotton. Man-made and plant fibres with no material wool, silk or other animal-derived input, so Green.",
Rupa & Co. Ltd.,RUPA,INE895B01021,Consumer Discretionary,Textiles,Textiles & Apparels,Garments & Apparels,Green,"Branded hosiery and innerwear maker (Rupa, Frontline, Torrido, Macroman) in knitted cotton and synthetic blends. Animal-neutral materials, so Green.",
Sanathan Textiles Ltd.,SANATHAN,INE0JPD01013,Consumer Discretionary,Textiles,Textiles & Apparels,Other Textile Products,Green,"Manufactures yarn and fabric predominantly from polyester, viscose, acrylic and cotton. Man-made and plant fibres with no material wool, silk or other animal-derived input, so Green.",
Sangam (India) Ltd.,SANGAMIND,INE495C01010,Consumer Discretionary,Textiles,Textiles & Apparels,Other Textile Products,Green,"One of South Asia's largest polyester-viscose dyed-yarn spinners, with denim, cotton yarn and seamless garments. Man-made and cotton fibres with no material wool or silk input, so Green.",
Shanti Gold International Ltd.,SHANTIGOLD,INE06ZD01017,Consumer Discretionary,Consumer Durables,Consumer Durables,"Gems, Jewellery And Watches",Green,"Manufactures and retails gold and diamond-studded jewellery. Gold, diamonds and gemstones are animal-neutral (Section 8), so Green.",
Sportking India Ltd.,SPORTKING,INE885H01029,Consumer Discretionary,Textiles,Textiles & Apparels,Other Textile Products,Green,"Manufactures yarn and fabric predominantly from polyester, viscose, acrylic and cotton. Man-made and plant fibres with no material wool, silk or other animal-derived input, so Green.",
Sumeet Industries Ltd.,SUMEETINDS,INE235C01036,Consumer Discretionary,Textiles,Textiles & Apparels,Other Textile Products,Green,"Manufactures yarn and fabric predominantly from polyester, viscose, acrylic and cotton. Man-made and plant fibres with no material wool, silk or other animal-derived input, so Green.",
Timex Group India Ltd.,TIMEX,INE064A01026,Consumer Discretionary,Consumer Durables,Consumer Durables,"Gems, Jewellery And Watches",Green,"Markets Timex and licensed international watch brands (Guess, Versace, Nautica, adidas Originals) in India. Watches are steel-, resin- and glass-based; genuine leather appears only as a strap option on some models and the company sells no leather-goods catalogue - no bags, wallets or belts. An animal material used as a component option inside a non-animal product is not a genuine product line under Section 8, so Green - the same basis on which optional leather upholstery leaves Maruti Suzuki, Hyundai and Force Motors in Green.",
Jaro Institute of Technology Management & Research Ltd.,JARO,INE00YJ01010,Consumer Discretionary,Consumer Services,Other Consumer Services,Education,Green,"Education and skilling services provider. Teaching and learning services are animal-neutral, so Green.",
Mobavenue AI Technologies Ltd.,MOBAVENUE,INE622Q01027,Consumer Discretionary,Consumer Services,Other Consumer Services,Education,Green,"Education and skilling services provider. Teaching and learning services are animal-neutral, so Green.",
Shanti Educational Initiatives Ltd.,SEIL,INE440T01028,Consumer Discretionary,Consumer Services,Other Consumer Services,Education,Green,"Education and skilling services provider. Teaching and learning services are animal-neutral, so Green.",
Veranda Learning Solutions Ltd.,VERANDA,INE0IQ001011,Consumer Discretionary,Consumer Services,Other Consumer Services,Education,Green,"Education and skilling services provider. Teaching and learning services are animal-neutral, so Green.",
Brigade Hotel Ventures Ltd.,BRIGHOTEL,INE03NU01014,Consumer Discretionary,Consumer Services,Leisure Services,"Hotels, Resorts & Cruise Lines",Orange,"Hotel/resort operator. Primary revenue is room inventory, but the company itself runs restaurants and banqueting that directly serve non-vegetarian food as a minority line, so Orange under Section 8.",
Oriental Hotels Ltd.,ORIENTHOT,INE750A01020,Consumer Discretionary,Consumer Services,Leisure Services,"Hotels, Resorts & Cruise Lines",Orange,"Hotel/resort operator. Primary revenue is room inventory, but the company itself runs restaurants and banqueting that directly serve non-vegetarian food as a minority line, so Orange under Section 8.",
Royal Orchid Hotels Ltd.,ROHLTD,INE283H01019,Consumer Discretionary,Consumer Services,Leisure Services,"Hotels, Resorts & Cruise Lines",Orange,"Hotel/resort operator. Primary revenue is room inventory, but the company itself runs restaurants and banqueting that directly serve non-vegetarian food as a minority line, so Orange under Section 8.",
TajGVK Hotels & Resorts Ltd.,TAJGVK,INE586B01026,Consumer Discretionary,Consumer Services,Leisure Services,"Hotels, Resorts & Cruise Lines",Orange,"Hotel/resort operator. Primary revenue is room inventory, but the company itself runs restaurants and banqueting that directly serve non-vegetarian food as a minority line, so Orange under Section 8.",
Ventive Hospitality Ltd.,VENTIVE,INE781S01027,Consumer Discretionary,Consumer Services,Leisure Services,"Hotels, Resorts & Cruise Lines",Orange,"Hotel/resort operator. Primary revenue is room inventory, but the company itself runs restaurants and banqueting that directly serve non-vegetarian food as a minority line, so Orange under Section 8.",
India Tourism Development Corporation Ltd.,ITDC,INE353K01014,Consumer Discretionary,Consumer Services,Leisure Services,"Hotels, Resorts & Cruise Lines",Orange,"Hotel/resort operator. Primary revenue is room inventory, but the company itself runs restaurants and banqueting that directly serve non-vegetarian food as a minority line, so Orange under Section 8.",
Cropster Agro Ltd.,CROPSTER,INE293E01031,Fast Moving Consumer Goods,Fast Moving Consumer Goods,Agricultural Food & other Products,Edible Oil,Green,"Trades plant agricultural commodities - palm, sunflower, soya, rice-bran, mustard and cottonseed oils and sugar. Entirely plant-derived, so Green.",
Dolphin Offshore Enterprises (India) Ltd.,DOLPHIN,INE920A01037,Energy,Energy,Energy Equipment & Services,Oil & Gas,Green,"Provides offshore oilfield services - diving, subsea inspection, maintenance and marine support. Industrial services with no animal-derived product line, so Green.",
Energy Infrastructure Trust,,INE05KD23015,Energy,"Oil, Gas & Consumable Fuels",Gas,Oil & Gas,Green,"Infrastructure investment trust holding a natural-gas pipeline system. Rated by the underlying asset, which is animal-neutral, so Green.",
Godavari Biorefineries Ltd.,GODAVARIB,INE497S01012,Fast Moving Consumer Goods,Fast Moving Consumer Goods,Agricultural Food & other Products,Sugar,Green,"Integrated biorefinery producing ethanol, bio-based chemicals (ethyl acetate, acetic acid, acetaldehyde), sugar and power. Output is industrial alcohol and chemicals rather than branded potable liquor, so Green - consistent with Balrampur Chini and Triveni.",
Gujarat Natural Resources Ltd.,GNRL,INE207H01018,Energy,"Oil, Gas & Consumable Fuels",Oil,Oil & Gas,Green,"Oil and gas exploration and production. Inorganic extraction; habitat and environmental impact is outside the animal-harm band under Section 6, so Green.",
Prabha Energy Ltd.,PRABHA,INE0I0M01023,Energy,"Oil, Gas & Consumable Fuels",Oil,Oil & Gas,Green,"Oil and gas exploration and production. Inorganic extraction; habitat and environmental impact is outside the animal-harm band under Section 6, so Green.",
Reliance Industrial Infrastructure Ltd.,RIIL,INE046A01015,Energy,"Oil, Gas & Consumable Fuels",Gas,Oil & Gas,Green,"Owns and operates petroleum product pipelines and infrastructure leased to a refiner. Neutral infrastructure with no animal-derived product, so Green.",
TruAlt Bioenergy Ltd.,TRUALT,INE0MWH01014,Commodities,Chemicals,Chemicals & Petrochemicals,Commodity Chemicals,Green,"India's largest ethanol producer, making fuel ethanol, rectified spirit, ENA, compressed biogas and sustainable aviation fuel from molasses and cane syrup. It sells bulk alcohol to liquor makers but has no potable liquor brand of its own; supplying an industry is expressly not a basis under Section 6, so Green.",
Powergrid Infrastructure Investment Trust,,INE0GGX23010,Utilities,Power,Power,Power,Green,"Infrastructure investment trust holding inter-state power-transmission assets. Rated by the underlying asset, which is animal-neutral, so Green.",
Brookfield India Real Estate Trust,,INE0FDU25010,Real Estate,Real Estate Management & Devel,Real Estate Management & Devel,Real Estate Development,Green,"Real-estate investment trust owning and leasing commercial property. A landlord earning rent on animal-neutral assets, so Green.",
Embassy Office Parks REIT,,INE041025011,Real Estate,Real Estate Management & Devel,Real Estate Management & Devel,Real Estate Development,Green,"Real-estate investment trust owning and leasing commercial property. A landlord earning rent on animal-neutral assets, so Green.",
Knowledge Realty Trust,,INE1JAR25012,Real Estate,Real Estate Management & Devel,Real Estate Management & Devel,Real Estate Development,Green,"Real-estate investment trust owning and leasing commercial property. A landlord earning rent on animal-neutral assets, so Green.",
Mindspace Business Parks REIT,,INE0CCU25019,Real Estate,Real Estate Management & Devel,Real Estate Management & Devel,Real Estate Development,Green,"Real-estate investment trust owning and leasing commercial property. A landlord earning rent on animal-neutral assets, so Green.",
Nexus Select Trust,,INE0NDH25011,Real Estate,Real Estate Management & Devel,Real Estate Management & Devel,Real Estate Development,Green,"Retail REIT owning and leasing shopping-centre space. The trust is a landlord earning rent; it does not itself sell or serve any animal product - carriage/leasing rather than provision - so Green, consistent with the airport-landlord treatment of GMR.",
Abans Financial Services Ltd.,AFSL,INE00ZE01026,Financial Services,Financial Services,Finance,Investment Company,Orange,"Investment/holding company whose earnings come from a diversified portfolio of shareholdings and lending across the economy, which includes animal-based industries, so Orange under Section 9 and Table 4.",
Algoquant Fintech Ltd.,ALGOQUANT,INE598D01035,Financial Services,Financial Services,Capital Markets,Stockbroking & Allied,Orange,"Capital-markets intermediary (broking/investment banking/wealth). It deploys and channels client capital across a wide mix of industries that includes animal-based ones, so Orange under Section 9.",
Anand Rathi Share and Stock Brokers Ltd.,ARSSBL,INE549H01021,Financial Services,Financial Services,Capital Markets,Stockbroking & Allied,Orange,"Capital-markets intermediary (broking/investment banking/wealth). It deploys and channels client capital across a wide mix of industries that includes animal-based ones, so Orange under Section 9.",
Arihant Capital Markets Ltd.,ARIHANTCAP,INE420B01036,Financial Services,Financial Services,Capital Markets,Stockbroking & Allied,Orange,"Capital-markets intermediary (broking/investment banking/wealth). It deploys and channels client capital across a wide mix of industries that includes animal-based ones, so Orange under Section 9.",
BF Investment Ltd.,BFINVEST,INE878K01010,Financial Services,Financial Services,Finance,Holding Company,Orange,"Investment/holding company whose earnings come from a diversified portfolio of shareholdings and lending across the economy, which includes animal-based industries, so Orange under Section 9 and Table 4.",
CARE Ratings Ltd.,CARERATING,INE752H01013,Financial Services,Financial Services,Capital Markets,Exchange and Data Platform,Green,"Credit-rating, research and analytics agency. It neither lends nor manages capital; a tertiary analytical service is animal-neutral, so Green - consistent with CRISIL.",
Centrum Capital Ltd.,CENTRUM,INE660C01027,Financial Services,Financial Services,Capital Markets,Stockbroking & Allied,Orange,"Capital-markets intermediary (broking/investment banking/wealth). It deploys and channels client capital across a wide mix of industries that includes animal-based ones, so Orange under Section 9.",
DAM Capital Advisors Ltd.,DAMCAPITAL,INE284H01025,Financial Services,Financial Services,Capital Markets,Stockbroking & Allied,Orange,"Capital-markets intermediary (broking/investment banking/wealth). It deploys and channels client capital across a wide mix of industries that includes animal-based ones, so Orange under Section 9.",
Dhunseri Ventures Ltd.,DVL,INE477B01010,Financial Services,Financial Services,Finance,Holding Company,Orange,"Investment/holding company whose earnings come from a diversified portfolio of shareholdings and lending across the economy, which includes animal-based industries, so Orange under Section 9 and Table 4.",
Dolat Algotech Ltd.,DOLATALGO,INE966A01022,Financial Services,Financial Services,Capital Markets,Stockbroking & Allied,Orange,"Capital-markets intermediary (broking/investment banking/wealth). It deploys and channels client capital across a wide mix of industries that includes animal-based ones, so Orange under Section 9.",
Fedders Holding Ltd.,FEDDERSHOL,INE417D01020,Financial Services,Financial Services,Capital Markets,Stockbroking & Allied,Orange,"Capital-markets intermediary (broking/investment banking/wealth). It deploys and channels client capital across a wide mix of industries that includes animal-based ones, so Orange under Section 9.",
Geojit Financial Services Ltd.,GEOJITFSL,INE007B01023,Financial Services,Financial Services,Capital Markets,Stockbroking & Allied,Orange,"Capital-markets intermediary (broking/investment banking/wealth). It deploys and channels client capital across a wide mix of industries that includes animal-based ones, so Orange under Section 9.",
Jaykay Enterprises Ltd.,JAYKAY,INE903A01025,Industrials,Capital Goods,Aerospace & Defense,Aerospace & Defence,Red,"JK-group company now focused on Defence & Aerospace manufacturing, including composite applications and underwater mines, alongside digital manufacturing. Munitions/military platforms are a harmful-product category under Section 8, so Red.",
ICRA Ltd.,ICRA,INE725G01011,Financial Services,Financial Services,Capital Markets,Exchange and Data Platform,Green,"Credit-rating, research and analytics agency. It neither lends nor manages capital; a tertiary analytical service is animal-neutral, so Green - consistent with CRISIL.",
The Industrial & Prudential Investment Co. Ltd.,INDPRUD,INE620D01011,Financial Services,Financial Services,Finance,Holding Company,Orange,"Investment/holding company whose earnings come from a diversified portfolio of shareholdings and lending across the economy, which includes animal-based industries, so Orange under Section 9 and Table 4.",
Indo Thai Securities Ltd.,INDOTHAI,INE337M01021,Financial Services,Financial Services,Capital Markets,Stockbroking & Allied,Orange,"Capital-markets intermediary (broking/investment banking/wealth). It deploys and channels client capital across a wide mix of industries that includes animal-based ones, so Orange under Section 9.",
Jindal Photo Ltd.,JINDALPHOT,INE796G01012,Financial Services,Financial Services,Capital Markets,Stockbroking & Allied,Orange,"Capital-markets intermediary (broking/investment banking/wealth). It deploys and channels client capital across a wide mix of industries that includes animal-based ones, so Orange under Section 9.",
Jindal Poly Investment and Finance Co. Ltd.,JPOLYINVST,INE147P01019,Financial Services,Financial Services,Finance,Holding Company,Orange,"Investment/holding company whose earnings come from a diversified portfolio of shareholdings and lending across the economy, which includes animal-based industries, so Orange under Section 9 and Table 4.",
Kalyani Investment Co. Ltd.,KICL,INE029L01018,Financial Services,Financial Services,Finance,Holding Company,Orange,"Investment/holding company whose earnings come from a diversified portfolio of shareholdings and lending across the economy, which includes animal-based industries, so Orange under Section 9 and Table 4.",
Gyftr Ltd. (formerly LKP Finance Ltd.),GYFTR,INE724A01017,Financial Services,Financial Services,Financial Technology (Fintech),Financial Technology (Fintech),Green,"Formerly the NBFC LKP Finance; it voluntarily surrendered its NBFC licence to the RBI and was renamed Gyftr Ltd. with effect from 6 April 2026. The business is now a digital gift-voucher and rewards platform - neutral payment and redemption infrastructure that neither lends nor deploys capital across the economy and carries no animal-goods catalogue of its own, so Green under Sections 8 and 9.",
Master Trust Ltd.,MASTERTR,INE677D01037,Financial Services,Financial Services,Capital Markets,Stockbroking & Allied,Orange,"Capital-markets intermediary (broking/investment banking/wealth). It deploys and channels client capital across a wide mix of industries that includes animal-based ones, so Orange under Section 9.",
Meghna Infracon Infrastructure Ltd.,MIIL,INE898Q01015,Financial Services,Financial Services,Capital Markets,Stockbroking & Allied,Orange,"Capital-markets intermediary (broking/investment banking/wealth). It deploys and channels client capital across a wide mix of industries that includes animal-based ones, so Orange under Section 9.",
Monarch Networth Capital Ltd.,MONARCH,INE903D01011,Financial Services,Financial Services,Capital Markets,Stockbroking & Allied,Orange,"Capital-markets intermediary (broking/investment banking/wealth). It deploys and channels client capital across a wide mix of industries that includes animal-based ones, so Orange under Section 9.",
National Securities Depository Ltd.,NSDL,INE301O01023,Financial Services,Financial Services,Capital Markets,"Depositories, Clearing Houses and Other Intermediaries",Green,"India's largest securities depository, providing demat custody, settlement and registry infrastructure. Neutral market plumbing that neither lends nor invests its own capital into industry, so Green - consistent with CDSL, BSE and the exchanges.",
Nalwa Sons Investments Ltd.,NSIL,INE023A01030,Financial Services,Financial Services,Finance,Holding Company,Orange,"Investment/holding company whose earnings come from a diversified portfolio of shareholdings and lending across the economy, which includes animal-based industries, so Orange under Section 9 and Table 4.",
Pilani Investment and Industries Corporation Ltd.,PILANIINVS,INE417C01014,Financial Services,Financial Services,Finance,Holding Company,Orange,"Investment/holding company whose earnings come from a diversified portfolio of shareholdings and lending across the economy, which includes animal-based industries, so Orange under Section 9 and Table 4.",
PNB Gilts Ltd.,PNBGILTS,INE859A01011,Financial Services,Financial Services,Capital Markets,Stockbroking & Allied,Orange,"Primary dealer and debt-market intermediary trading government and corporate securities and lending in money markets. As a capital-markets intermediary its book touches a wide mix of the economy, so Orange under Section 9.",
Saraswati Commercial (India) Ltd.,ZSARACOM,INE967G01019,Financial Services,Financial Services,Capital Markets,Stockbroking & Allied,Orange,"Capital-markets intermediary (broking/investment banking/wealth). It deploys and channels client capital across a wide mix of industries that includes animal-based ones, so Orange under Section 9.",
SMC Global Securities Ltd.,SMCGLOBAL,INE103C01036,Financial Services,Financial Services,Capital Markets,Stockbroking & Allied,Orange,"Capital-markets intermediary (broking/investment banking/wealth). It deploys and channels client capital across a wide mix of industries that includes animal-based ones, so Orange under Section 9.",
Summit Securities Ltd.,SUMMITSEC,INE519C01017,Financial Services,Financial Services,Finance,Holding Company,Orange,"Investment/holding company whose earnings come from a diversified portfolio of shareholdings and lending across the economy, which includes animal-based industries, so Orange under Section 9 and Table 4.",
Systematix Corporate Services Ltd.,SYSTMTXC,INE356B01024,Financial Services,Financial Services,Capital Markets,Stockbroking & Allied,Orange,"Capital-markets intermediary (broking/investment banking/wealth). It deploys and channels client capital across a wide mix of industries that includes animal-based ones, so Orange under Section 9.",
UGRO Capital Ltd.,UGROCAP,INE583D01011,Financial Services,Financial Services,Capital Markets,Stockbroking & Allied,Orange,"Capital-markets intermediary (broking/investment banking/wealth). It deploys and channels client capital across a wide mix of industries that includes animal-based ones, so Orange under Section 9.",
Wealth First Portfolio Managers Ltd.,WEALTH,INE658T01017,Financial Services,Financial Services,Capital Markets,Stockbroking & Allied,Orange,"Capital-markets intermediary (broking/investment banking/wealth). It deploys and channels client capital across a wide mix of industries that includes animal-based ones, so Orange under Section 9.",
Arman Financial Services Ltd.,ARMANFIN,INE109C01017,Financial Services,Financial Services,Finance,Microfinance Institutions,Orange,"Microfinance and MSME/two-wheeler lender. Microfinance loans commonly fund cattle, goat and poultry rearing, and the book spans a wide mix of borrowers, so Orange under Section 9.",
Finkurve Financial Services Ltd.,FINKURVE,INE734I01027,Financial Services,Financial Services,Finance,Non Banking Financial Company (NBFC),Orange,"Non-banking lender whose book is spread across a wide mix of borrowers and industries that includes animal-based ones, so Orange under Section 9.",
IndoStar Capital Finance Ltd.,INDOSTAR,INE896L01010,Financial Services,Financial Services,Finance,Non Banking Financial Company (NBFC),Orange,"Non-banking lender whose book is spread across a wide mix of borrowers and industries that includes animal-based ones, so Orange under Section 9.",
Northern Arc Capital Ltd.,NORTHARC,INE850M01015,Financial Services,Financial Services,Finance,Non Banking Financial Company (NBFC),Orange,"Non-banking lender whose book is spread across a wide mix of borrowers and industries that includes animal-based ones, so Orange under Section 9.",
Capital India Finance Ltd.,CIFL,INE345H01024,Financial Services,Financial Services,Finance,Non Banking Financial Company (NBFC),Orange,"Non-banking lender whose book is spread across a wide mix of borrowers and industries that includes animal-based ones, so Orange under Section 9.",
Crest Ventures Ltd.,CREST,INE559D01011,Financial Services,Financial Services,Finance,Holding Company,Orange,"Investment/holding company whose earnings come from a diversified portfolio of shareholdings and lending across the economy, which includes animal-based industries, so Orange under Section 9 and Table 4.",
Haryana Financial Corporation Ltd.,HARAFIN,INE737G01016,Financial Services,Financial Services,Finance,Non Banking Financial Company (NBFC),Orange,"Non-banking lender whose book is spread across a wide mix of borrowers and industries that includes animal-based ones, so Orange under Section 9.",
JSW Holdings Ltd.,JSWHL,INE824G01012,Financial Services,Financial Services,Finance,Holding Company,Orange,"JSW-group core investment company holding group equity stakes and deploying surplus capital. A holding/investment company whose money spans a broad mix of industries, so Orange under Section 9 and Table 4.",
Mufin Green Finance Ltd.,MUFIN,INE08KJ01020,Financial Services,Financial Services,Finance,Financial Institution,Green,"Green-finance NBFC lending exclusively for electric vehicles and clean-energy assets. The book is locked to a single animal-neutral purpose, so Green - consistent with IREDA and PFC.",
Network People Services Technologies Ltd.,NPST,INE0FFK01017,Financial Services,Financial Services,Financial Technology (Fintech),Financial Technology (Fintech),Green,"Digital payments and fintech infrastructure - payment rails, switching and merchant services. Neutral market plumbing that does not itself deploy capital into animal industries, so Green.",
One Mobikwik Systems Ltd.,MOBIKWIK,INE0HLU01028,Financial Services,Financial Services,Financial Technology (Fintech),Financial Technology (Fintech),Green,"Digital payments and fintech infrastructure - payment rails, switching and merchant services. Neutral market plumbing that does not itself deploy capital into animal industries, so Green.",
PTC India Financial Services Ltd.,PFS,INE560K01014,Financial Services,Financial Services,Finance,Financial Institution,Green,"Infrastructure NBFC lending to the power and renewable-energy sector. A single-sector financier tied to an animal-neutral purpose, so Green - consistent with PFC and IREDA.",
SG Finserve Ltd.,SGFIN,INE618R01015,Financial Services,Financial Services,Finance,Non Banking Financial Company (NBFC),Orange,"Non-banking lender whose book is spread across a wide mix of borrowers and industries that includes animal-based ones, so Orange under Section 9.",
Tourism Finance Corporation of India Ltd.,TFCILTD,INE305A01023,Financial Services,Financial Services,Finance,Financial Institution,Orange,"Development financier dedicated to tourism and hospitality projects - hotels, resorts and leisure assets, which themselves directly serve non-vegetarian food. The lending is concentrated in an Orange-band sector, so Orange.",
Vardhman Holdings Ltd.,VHL,INE701A01023,Financial Services,Financial Services,Finance,Holding Company,Orange,"Non-banking lender whose book is spread across a wide mix of borrowers and industries that includes animal-based ones, so Orange under Section 9.",
Som Distilleries & Breweries Ltd.,SDBL,INE480C01038,Fast Moving Consumer Goods,Fast Moving Consumer Goods,Beverages,Breweries & Distilleries,Red,"Brewer and distiller of beer and IMFL (Hunter, Black Fort, Power Cool). Alcohol is a harmful-product ('vice') category and is Red on its own under Section 8.",
Globus Spirits Ltd.,GLOBUSSPR,INE615I01010,Fast Moving Consumer Goods,Fast Moving Consumer Goods,Beverages,Breweries & Distilleries,Red,"Integrated alcohol producer: bulk ENA/ethanol manufacturing is about 60% of revenue and branded consumer liquor (IMIL and IMFL, including single-malt whisky) is the balance. Branded potable alcohol is well above a minority share, so Red under Section 8.",
IFB Agro Industries Ltd.,IFBAGRO,INE076C01018,Fast Moving Consumer Goods,Fast Moving Consumer Goods,Beverages,Breweries & Distilleries,Red,"Two segments - spirits (ENA, rectified spirit and nine of its own IMFL/IMIL brands) and marine products (processed seafood and marine feed trading). Both potable alcohol and seafood processing are core animal-harm/vice activities, so Red.",
Andrew Yule & Co. Ltd.,ANDREWYU,INE449C01025,Fast Moving Consumer Goods,Fast Moving Consumer Goods,Agricultural Food & other Products,Tea & Coffee,Green,"Diversified public-sector company in tea plantations, electrical equipment (transformers, switchgear) and industrial engineering. Tea is plant-derived and the engineering lines are animal-neutral, so Green.",
Bannari Amman Sugars Ltd.,BANARISUG,INE459A01010,Fast Moving Consumer Goods,Fast Moving Consumer Goods,Agricultural Food & other Products,Sugar,Green,"Integrated sugar producer with co-generation, a distillery producing ethanol/rectified spirit and a small granite unit. Indian mills decolourise sugar by sulphitation, not bone char, and the distillery output is industrial alcohol rather than branded potable liquor, so Green - consistent with Balrampur Chini and Triveni.",
BCL Industries Ltd.,BCLIND,INE412G01024,Fast Moving Consumer Goods,Fast Moving Consumer Goods,Beverages,Breweries & Distilleries,Orange,"Distillery is the dominant segment (grain ethanol and ENA) alongside edible-oil refining and rice, but the company also bottles and sells its own country liquor and IMFL brands (Punjab Special, Asli Santra). Branded potable alcohol is a genuine but minority vice line (roughly 4-5% of revenue), so Orange.",
BN Agrochem Ltd.,BNAGROCHEM,INE00HZ01011,Fast Moving Consumer Goods,Fast Moving Consumer Goods,Agricultural Food & other Products,Edible Oil,Green,"Solvent extraction and refining of vegetable oils and oilseeds. Entirely plant-derived, with de-oiled cake only a mill byproduct rather than a manufactured animal-feed line, so Green - consistent with Gokul Agro.",
Chaman Lal Setia Exports Ltd.,CLSEL,INE419D01026,Fast Moving Consumer Goods,Fast Moving Consumer Goods,Agricultural Food & other Products,Other Agricultural Products,Green,"Processes and exports plant agricultural commodities (tea, basmati and non-basmati rice). Plant-based processing with no animal-derived product line, so Green.",
HMA Agro Industries Ltd.,HMAAGRO,INE0ECP01024,Fast Moving Consumer Goods,Fast Moving Consumer Goods,Food Products,Meat Products including Poultry,Red,"One of India's largest exporters of frozen buffalo meat, alongside basmati rice. Slaughter-based meat processing is a core animal-harm business, so Red.",
Lotus Chocolate Co. Ltd.,LOTUSCHO,INE026D01011,Fast Moving Consumer Goods,Fast Moving Consumer Goods,Food Products,Packaged Foods,Orange,"Reliance Consumer subsidiary making cocoa mass, cocoa butter, cocoa powder and industrial chocolate (plant-derived) alongside consumer milk-chocolate brands and ice-cream coatings that carry milk solids. Dairy is a genuine but minority ingredient line, so Orange - consistent with Mrs. Bectors and Bikaji.",
Parag Milk Foods Ltd.,PARAGMILK,INE883N01014,Fast Moving Consumer Goods,Fast Moving Consumer Goods,Food Products,Dairy Products,Red,"Dairy company processing and marketing milk, ghee, cheese, paneer and whey (Gowardhan, Go, Avvatar). Dairy is the core business, so Red.",
SKM Egg Products Export (India) Ltd.,SKMEGGPROD,INE411D01023,Fast Moving Consumer Goods,Fast Moving Consumer Goods,Food Products,Meat Products including Poultry,Red,"Processes and exports egg powder and egg products from its own layer farms. Eggs are the core animal-derived product, so Red.",
Vadilal Industries Ltd.,VADILALIND,INE694D01016,Fast Moving Consumer Goods,Fast Moving Consumer Goods,Food Products,Dairy Products,Red,"Ice-cream is the dominant business (Vadilal brand), alongside frozen vegetables and processed foods. Dairy-based ice cream is the core revenue driver, so Red.",
Ganesh Consumer Products Ltd.,GANESHCP,INE652V01016,Fast Moving Consumer Goods,Fast Moving Consumer Goods,Food Products,Packaged Foods,Green,"Packaged staples business - atta, maida, sooji, sattu, besan, spices, instant mixes and ethnic snacks. Entirely plant-derived with no dairy, egg or meat line, so Green.",
GRM Overseas Ltd.,GRMOVER,INE192H01020,Fast Moving Consumer Goods,Fast Moving Consumer Goods,Agricultural Food & other Products,Other Agricultural Products,Green,"Processes and exports plant agricultural commodities (tea, basmati and non-basmati rice). Plant-based processing with no animal-derived product line, so Green.",
Krishival Foods Ltd.,KRISHIVAL,INE0GGO01015,Fast Moving Consumer Goods,Fast Moving Consumer Goods,Food Products,Packaged Foods,Red,"Nuts and dried fruits ('Krishival Nuts') are about 86% of revenue, but the company also manufactures and retails its own dairy ice-cream brand ('Melt N Mellow'), which was about 14% of FY25 revenue and is scaling up. A wholly dairy-based line above the 10% threshold is a significant share of revenue under Section 7, so Red. [Borderline - Orange if the ice-cream share falls back below 10%.]",
Sanstar Ltd.,SANSTAR,INE08NE01025,Fast Moving Consumer Goods,Fast Moving Consumer Goods,Agricultural Food & other Products,Other Agricultural Products,Green,"Manufactures maize-based specialty products - native and modified starches, liquid glucose, sorbitol and co-products. Entirely plant-derived, so Green.",
Sundrop Brands Ltd.,SUNDROP,INE209A01019,Fast Moving Consumer Goods,Fast Moving Consumer Goods,Agricultural Food & other Products,Edible Oil,Green,"Edible oils (Sundrop), ACT II popcorn, peanut spreads and, post-acquisition, Del Monte sauces, ketchups, dips and Italian meals. The portfolio is overwhelmingly plant-based - Del Monte India's mayonnaise range is eggless - so Green, consistent with Marico and AWL Agri.",
Elitecon International Ltd.,ELITECON,INE669R01026,Fast Moving Consumer Goods,Fast Moving Consumer Goods,Cigarettes & Tobacco Products,Cigarettes & Tobacco Products,Red,"Manufactures and exports tobacco products - cigarettes, smoking mixtures and sheesha. Tobacco is a harmful-product ('vice') category and is Red on its own under Section 8.",
Fischer Medical Ventures Ltd.,FISCHER,INE771F01041,Healthcare,Healthcare,Healthcare Equipment & Supplies,Medical Equipment & Supplies,Green,"Manufactures medical imaging and diagnostic equipment - MRI and CT systems, X-ray, screening kiosks - plus plant-extract nutraceuticals. Devices with no animal-derived material built in are Green under Section 8.",
Laxmi Dental Ltd.,LAXMIDENTL,INE0WO601020,Healthcare,Healthcare,Healthcare Equipment & Supplies,Medical Equipment & Supplies,Green,"Integrated dental-products company - dental laboratory prosthetics (crowns, bridges), clear aligners, thermoforming sheets and paediatric dental products. Polymer, ceramic and metal materials with no animal-derived input, so Green.",
Artemis Medicare Services Ltd.,ARTEMISMED,INE025R01021,Healthcare,Healthcare,Healthcare Services,Hospital,Green,"Hospital/healthcare provider delivering human clinical care. Medicines and consumables are a side input, not animal-harm revenue - hospitals are expressly Green under Section 8.",
Dr Agarwal's Eye Hospital Ltd.,DRAGARWQ,INE934C01018,Healthcare,Healthcare,Healthcare Services,Hospital,Green,"Operates a chain of eye hospitals and clinics providing cataract, refractive and speciality ophthalmic care. Human clinical care is expressly Green under Section 8.",
GPT Healthcare Ltd.,GPTHEALTH,INE486R01017,Healthcare,Healthcare,Healthcare Services,Hospital,Green,"Hospital/healthcare provider delivering human clinical care. Medicines and consumables are a side input, not animal-harm revenue - hospitals are expressly Green under Section 8.",
Indraprastha Medical Corporation Ltd.,INDRAMEDCO,INE681B01017,Healthcare,Healthcare,Healthcare Services,Hospital,Green,"Hospital/healthcare provider delivering human clinical care. Medicines and consumables are a side input, not animal-harm revenue - hospitals are expressly Green under Section 8.",
KMC Speciality Hospitals (India) Ltd.,KMCSHIL,INE879K01018,Healthcare,Healthcare,Healthcare Services,Hospital,Green,"Hospital/healthcare provider delivering human clinical care. Medicines and consumables are a side input, not animal-harm revenue - hospitals are expressly Green under Section 8.",
Kovai Medical Center and Hospital Ltd.,KOVAI,INE177F01017,Healthcare,Healthcare,Healthcare Services,Hospital,Green,"Hospital/healthcare provider delivering human clinical care. Medicines and consumables are a side input, not animal-harm revenue - hospitals are expressly Green under Section 8.",
Max India Ltd.,MAXIND,INE0CG601016,Healthcare,Healthcare,Healthcare Services,Healthcare Service Provider,Green,"Operates Antara senior-living residences and assisted-care/home-healthcare services. Human care services with no animal-derived product line, so Green.",
Shalby Ltd.,SHALBY,INE597J01018,Healthcare,Healthcare,Healthcare Services,Hospital,Green,"Hospital/healthcare provider delivering human clinical care. Medicines and consumables are a side input, not animal-harm revenue - hospitals are expressly Green under Section 8.",
Polo Queen Industrial and Fintech Ltd.,PQIF,INE689M01025,Fast Moving Consumer Goods,Fast Moving Consumer Goods,Household Products,Household Products,Green,"Manufactures and trades FMCG home and personal-care products (soaps, hand wash, floor and toilet cleaners, detergents, air fresheners) alongside specialty chemicals and an IT-park development. No animal-derived product line, so Green.",
3B Blackbio Dx Ltd.,3BBLACKBIO,INE994E01018,Healthcare,Healthcare,Healthcare Equipment & Supplies,Medical Equipment & Supplies,Orange,"Core business is TRUPCR molecular diagnostic kits and PCR reagents (about 80% of revenue), which are animal-neutral. The residual Kilpest agrochemical business retains a pesticide/insecticide line, a real but minority activity, so Orange.",
Bhagiradha Chemicals & Industries Ltd.,BHAGCHEM,INE414D01027,Commodities,Chemicals,Fertilizers & Agrochemicals,Pesticides & Agrochemicals,Red,"Manufactures agrochemical technicals whose lead products are insecticides - chlorpyrifos, fipronil, imidacloprid, thiamethoxam, diafenthiuron. Insecticides are designed to kill insects (animals), a direct animal-harm activity under Section 8, so Red.",
Gem Aromatics Ltd.,GEMAROMA,INE06XZ01023,Commodities,Chemicals,Chemicals & Petrochemicals,Specialty Chemicals,Green,"Specialty-chemicals manufacturer (dyes, pigments, resins, additives, aroma and performance chemicals). Synthetic and mineral chemistry with no animal-derived input and no product made specifically for an animal industry, so Green.",
Grauer & Weil (India) Ltd.,GRAUWEIL,INE266D01021,Commodities,Chemicals,Chemicals & Petrochemicals,Specialty Chemicals,Green,"Specialty-chemicals manufacturer (dyes, pigments, resins, additives, aroma and performance chemicals). Synthetic and mineral chemistry with no animal-derived input and no product made specifically for an animal industry, so Green.",
Indokem Ltd.,INDOKEM,INE716F01012,Commodities,Chemicals,Chemicals & Petrochemicals,Specialty Chemicals,Green,"Manufactures textile dyes, pigments and wet-processing auxiliaries (sizing chemicals, softeners, lubricants). Generic chemical supply to textile mills, which is expressly not a basis under Section 6, so Green.",
Insecticides (India) Ltd.,INSECTICID,INE070I01018,Commodities,Chemicals,Fertilizers & Agrochemicals,Pesticides & Agrochemicals,Red,"Formulates and markets a broad crop-protection range in which insecticides are a core category. Insecticides are designed to kill insects (animals), a direct animal-harm activity under Section 8, so Red.",
Jyoti Resins & Adhesives Ltd.,JYOTIRES,INE577D01013,Commodities,Chemicals,Chemicals & Petrochemicals,Specialty Chemicals,Green,"Specialty-chemicals manufacturer (dyes, pigments, resins, additives, aroma and performance chemicals). Synthetic and mineral chemistry with no animal-derived input and no product made specifically for an animal industry, so Green.",
Kiri Industries Ltd.,KIRIINDUS,INE415I01015,Commodities,Chemicals,Chemicals & Petrochemicals,Specialty Chemicals,Green,"Specialty-chemicals manufacturer (dyes, pigments, resins, additives, aroma and performance chemicals). Synthetic and mineral chemistry with no animal-derived input and no product made specifically for an animal industry, so Green.",
Kothari Industrial Corporation Ltd.,KOTIC,INE972A01020,Commodities,Chemicals,Fertilizers & Agrochemicals,Pesticides & Agrochemicals,Red,"Manufactures and trades fertilisers and plant-protection chemicals including insecticides, and also runs footwear/leather and hotel activities. Insecticides are direct animal harm and the leather line is an animal-derived product, so Red.",
Madras Fertilizers Ltd.,MADRASFERT,INE414A01015,Commodities,Chemicals,Fertilizers & Agrochemicals,Fertilizers,Green,"Manufactures urea, complex and phosphatic fertilisers for crop nutrition. Inorganic fertiliser chemistry with no animal-derived input and no insecticide line, so Green.",
Meghmani Organics Ltd.,MOL,INE0CT101020,Commodities,Chemicals,Fertilizers & Agrochemicals,Pesticides & Agrochemicals,Red,"Manufactures pigments and agrochemicals, with a crop-protection portfolio that includes insecticides. Insecticides are designed to kill insects (animals), a direct animal-harm activity under Section 8, so Red.",
NACL Industries Ltd.,NACLIND,INE295D01020,Commodities,Chemicals,Fertilizers & Agrochemicals,Pesticides & Agrochemicals,Red,"Manufactures agrochemical technicals and formulations across insecticides, herbicides and fungicides (profenofos, thiamethoxam, lambda-cyhalothrin, bifenthrin). The insecticide line is direct animal harm under Section 8, so Red.",
Platinum Industries Ltd.,PLATIND,INE0PT501018,Commodities,Chemicals,Chemicals & Petrochemicals,Specialty Chemicals,Green,"Specialty-chemicals manufacturer (dyes, pigments, resins, additives, aroma and performance chemicals). Synthetic and mineral chemistry with no animal-derived input and no product made specifically for an animal industry, so Green.",
Raghav Productivity Enhancers Ltd.,RPEL,INE912T01018,Commodities,Chemicals,Chemicals & Petrochemicals,Specialty Chemicals,Green,"Specialty-chemicals manufacturer (dyes, pigments, resins, additives, aroma and performance chemicals). Synthetic and mineral chemistry with no animal-derived input and no product made specifically for an animal industry, so Green.",
Southern Petrochemical Industries Corporation Ltd.,SPIC,INE147A01011,Commodities,Chemicals,Fertilizers & Agrochemicals,Fertilizers,Green,"Manufactures urea, complex and phosphatic fertilisers for crop nutrition. Inorganic fertiliser chemistry with no animal-derived input and no insecticide line, so Green.",
DCW Ltd.,DCW,INE500A01029,Commodities,Chemicals,Chemicals & Petrochemicals,Commodity Chemicals,Green,"Commodity/petrochemical manufacturer (polymers, films, inorganic salts, specialty compounds). Mineral and petrochemical feedstocks with no animal-derived input and no product made specifically for an animal industry, so Green.",
DDev Plastiks Industries Ltd.,DDEVPLSTIK,INE0HR601026,Commodities,Chemicals,Chemicals & Petrochemicals,Commodity Chemicals,Green,"Commodity/petrochemical manufacturer (polymers, films, inorganic salts, specialty compounds). Mineral and petrochemical feedstocks with no animal-derived input and no product made specifically for an animal industry, so Green.",
Ester Industries Ltd.,ESTER,INE778B01029,Commodities,Chemicals,Chemicals & Petrochemicals,Commodity Chemicals,Green,"Commodity/petrochemical manufacturer (polymers, films, inorganic salts, specialty compounds). Mineral and petrochemical feedstocks with no animal-derived input and no product made specifically for an animal industry, so Green.",
GOCL Corporation Ltd.,GOCLCORP,INE077F01035,Commodities,Chemicals,Chemicals & Petrochemicals,Explosives,Red,"Manufactures bulk and cartridge explosives and detonators through IDL Explosives, including precision detonators for defence, alongside a realty division. Explosives and defence energetics are a harmful-product category under Section 8, so Red.",
Jindal Poly Films Ltd.,JINDALPOLY,INE197D01010,Commodities,Chemicals,Chemicals & Petrochemicals,Commodity Chemicals,Green,"Commodity/petrochemical manufacturer (polymers, films, inorganic salts, specialty compounds). Mineral and petrochemical feedstocks with no animal-derived input and no product made specifically for an animal industry, so Green.",
J.G.Chemicals Ltd.,JGCHEM,INE0MB501011,Commodities,Chemicals,Chemicals & Petrochemicals,Commodity Chemicals,Green,"Commodity/petrochemical manufacturer (polymers, films, inorganic salts, specialty compounds). Mineral and petrochemical feedstocks with no animal-derived input and no product made specifically for an animal industry, so Green.",
Kama Holdings Ltd.,KAMAHOLD,INE411F01010,Commodities,Chemicals,Chemicals & Petrochemicals,Commodity Chemicals,Green,"Holding company whose value comes almost entirely from its controlling stake in SRF (specialty chemicals, packaging films, technical textiles). Rated by its dominant operating business, which is animal-neutral, so Green.",
Kingfa Science & Technology (India) Ltd.,KINGFA,INE473D01015,Commodities,Chemicals,Chemicals & Petrochemicals,Commodity Chemicals,Green,"Commodity/petrochemical manufacturer (polymers, films, inorganic salts, specialty compounds). Mineral and petrochemical feedstocks with no animal-derived input and no product made specifically for an animal industry, so Green.",
Panama Petrochem Ltd.,PANAMAPET,INE305C01029,Commodities,Chemicals,Chemicals & Petrochemicals,Commodity Chemicals,Green,"Commodity/petrochemical manufacturer (polymers, films, inorganic salts, specialty compounds). Mineral and petrochemical feedstocks with no animal-derived input and no product made specifically for an animal industry, so Green.",
Premier Explosives Ltd.,PREMEXPLN,INE863B01029,Commodities,Chemicals,Chemicals & Petrochemicals,Explosives,Red,"Manufactures defence propellants, explosives, warheads and pyrotechnics alongside industrial explosives. Munitions and military energetics are a harmful-product category under Section 8, so Red.",
Tanfac Industries Ltd.,TANFACIND,INE639B01023,Commodities,Chemicals,Chemicals & Petrochemicals,Commodity Chemicals,Green,"Commodity/petrochemical manufacturer (polymers, films, inorganic salts, specialty compounds). Mineral and petrochemical feedstocks with no animal-derived input and no product made specifically for an animal industry, so Green.",
TGV Sraac Ltd.,TGVSL,INE284B01028,Commodities,Chemicals,Chemicals & Petrochemicals,Commodity Chemicals,Green,"Commodity/petrochemical manufacturer (polymers, films, inorganic salts, specialty compounds). Mineral and petrochemical feedstocks with no animal-derived input and no product made specifically for an animal industry, so Green.",
Tamilnadu Petroproducts Ltd.,TNPETRO,INE148A01019,Commodities,Chemicals,Chemicals & Petrochemicals,Commodity Chemicals,Green,"Commodity/petrochemical manufacturer (polymers, films, inorganic salts, specialty compounds). Mineral and petrochemical feedstocks with no animal-derived input and no product made specifically for an animal industry, so Green.",
Tinna Rubber and Infrastructure Ltd.,TINNARUBR,INE015C01016,Commodities,Chemicals,Chemicals & Petrochemicals,Commodity Chemicals,Green,"Recycles end-of-life tyres into crumb rubber, reclaimed rubber, modified bitumen and carbon black. Recycling of synthetic/rubber waste with no animal-derived input, so Green.",
Vishnu Chemicals Ltd.,VISHNU,INE270I01022,Commodities,Chemicals,Chemicals & Petrochemicals,Specialty Chemicals,Orange,"India's largest chromium-chemicals maker (sodium dichromate, chromic acid, chrome oxide, basic chromium sulphate) plus barium chemicals. Basic chromium sulphate is made specifically as a leather-tanning chemical - a genuine but minority line within a broader inorganic-chemicals business - so Orange under Section 8 (products made for animal industries), consistent with Balmer Lawrie.",
Punjab Chemicals & Crop Protection Ltd.,PUNJABCHEM,INE277B01014,Commodities,Chemicals,Fertilizers & Agrochemicals,Pesticides & Agrochemicals,Red,"Manufactures agrochemical technicals and intermediates including insecticides, alongside specialty chemicals. Insecticides are designed to kill insects (animals), a direct animal-harm activity under Section 8, so Red.",
Shri Pushkar Chemicals & Fertilisers Ltd.,SHREEPUSHK,INE712K01011,Commodities,Chemicals,Chemicals & Petrochemicals,Specialty Chemicals,Green,"Specialty-chemicals manufacturer (dyes, pigments, resins, additives, aroma and performance chemicals). Synthetic and mineral chemistry with no animal-derived input and no product made specifically for an animal industry, so Green.",
Jubilant Agri and Consumer Products Ltd.,JUBLCPL,INE03CC01015,Commodities,Chemicals,Fertilizers & Agrochemicals,Fertilizers,Orange,"Manufactures single super phosphate fertiliser, sulphuric acid, woodworking adhesives, wood finishes and performance polymers/latex, and trades a 'Ramban' crop-protection range that includes insecticides. The insecticide line is real but a minority of an otherwise animal-neutral business, so Orange - consistent with DCM Shriram.",
Stallion India Fluorochemicals Ltd.,STALLION,INE0RYC01010,Commodities,Chemicals,Chemicals & Petrochemicals,Industrial Gases,Green,"Refills, packages and distributes refrigerant gases, industrial and specialty gases. Inorganic gas handling with no animal-derived input, so Green.",
Ultramarine & Pigments Ltd.,ULTRAMAR,INE405A01021,Commodities,Chemicals,Chemicals & Petrochemicals,Specialty Chemicals,Green,"Specialty-chemicals manufacturer (dyes, pigments, resins, additives, aroma and performance chemicals). Synthetic and mineral chemistry with no animal-derived input and no product made specifically for an animal industry, so Green.",
Vidhi Specialty Food Ingredients Ltd.,VIDHIING,INE632C01026,Commodities,Chemicals,Chemicals & Petrochemicals,Specialty Chemicals,Green,"Specialty-chemicals manufacturer (dyes, pigments, resins, additives, aroma and performance chemicals). Synthetic and mineral chemistry with no animal-derived input and no product made specifically for an animal industry, so Green.",
XPRO India Ltd.,XPROINDIA,INE445C01015,Commodities,Chemicals,Chemicals & Petrochemicals,Specialty Chemicals,Green,"Specialty-chemicals manufacturer (dyes, pigments, resins, additives, aroma and performance chemicals). Synthetic and mineral chemistry with no animal-derived input and no product made specifically for an animal industry, so Green.",
Yasho Industries Ltd.,YASHO,INE616Z01012,Commodities,Chemicals,Chemicals & Petrochemicals,Specialty Chemicals,Green,"Manufactures rubber chemicals, lubricant additives, synthetic food antioxidants and aroma chemicals. All are synthetic/petrochemical with no animal-derived input, so Green.",
BirlaNu Ltd.,BIRLANU,INE557A01011,Commodities,Construction Materials,Cement & Cement Products,Cement & Cement Products,Green,"Cement/construction-materials manufacturer. Limestone, clinker and mineral chemistry with no animal-derived input, so Green.",
Deccan Cements Ltd.,DECCANCE,INE583C01021,Commodities,Construction Materials,Cement & Cement Products,Cement & Cement Products,Green,"Cement/construction-materials manufacturer. Limestone, clinker and mineral chemistry with no animal-derived input, so Green.",
IFGL Refractories Ltd.,IFGLEXPOR,INE133Y01011,Commodities,Construction Materials,Cement & Cement Products,Cement & Cement Products,Green,"Manufactures refractories and flow-control products for steel plants. Mineral ceramics with no animal-derived input, so Green.",
K.C.P. Ltd.,KCP,INE805C01028,Commodities,Construction Materials,Cement & Cement Products,Cement & Cement Products,Green,"Cement/construction-materials manufacturer. Limestone, clinker and mineral chemistry with no animal-derived input, so Green.",
Mangalam Cement Ltd.,MANGLMCEM,INE347A01017,Commodities,Construction Materials,Cement & Cement Products,Cement & Cement Products,Green,"Cement/construction-materials manufacturer. Limestone, clinker and mineral chemistry with no animal-derived input, so Green.",
Midwest Ltd.,MIDWESTLTD,INE0XAD01024,Commodities,Construction Materials,Cement & Cement Products,Cement & Cement Products,Green,"Quarries and processes granite, quartz and natural stone. Mineral extraction and processing; habitat/environmental impact is outside the animal-harm band under Section 6, so Green.",
Ramco Industries Ltd.,RAMCOIND,INE614A01028,Commodities,Construction Materials,Cement & Cement Products,Cement & Cement Products,Green,"Cement/construction-materials manufacturer. Limestone, clinker and mineral chemistry with no animal-derived input, so Green.",
Saurashtra Cement Ltd.,SAURASHCEM,INE626A01014,Commodities,Construction Materials,Cement & Cement Products,Cement & Cement Products,Green,"Cement/construction-materials manufacturer. Limestone, clinker and mineral chemistry with no animal-derived input, so Green.",
Shree Digvijay Cement Co. Ltd.,SHREDIGCEM,INE232A01011,Commodities,Construction Materials,Cement & Cement Products,Cement & Cement Products,Green,"Cement/construction-materials manufacturer. Limestone, clinker and mineral chemistry with no animal-derived input, so Green.",
Cosmo First Ltd.,COSMOFIRST,INE757A01017,Industrials,Capital Goods,Industrial Products,Packaging,Green,"Manufactures packaging materials - BOPP/BOPET films, folding cartons and flexible laminates. Polymer and paperboard converting with no animal-derived input, so Green.",
Everest Kanto Cylinder Ltd.,EKC,INE184H01027,Industrials,Capital Goods,Industrial Products,Iron & Steel Products,Green,"Manufactures high-pressure seamless gas cylinders and composite cylinders for industrial and CNG use. Steel and composite fabrication with no animal-derived input, so Green.",
TCPL Packaging Ltd.,TCPLPACK,INE822C01015,Industrials,Capital Goods,Industrial Products,Packaging,Green,"Manufactures packaging materials - BOPP/BOPET films, folding cartons and flexible laminates. Polymer and paperboard converting with no animal-derived input, so Green.",
Uflex Ltd.,UFLEX,INE516A01017,Industrials,Capital Goods,Industrial Products,Packaging,Green,"Manufactures packaging materials - BOPP/BOPET films, folding cartons and flexible laminates. Polymer and paperboard converting with no animal-derived input, so Green.",
Bharat Wire Ropes Ltd.,BHARATWIRE,INE316L01019,Commodities,Metals & Mining,Ferrous Metals,Iron & Steel,Green,"Steel and steel-product manufacturer (inorganic metallurgy from iron ore/scrap). No animal-derived input and no animal-linked product line, so Green.",
Deccan Gold Mines Ltd.,DECNGOLD,INE945F01025,Commodities,Metals & Mining,Minerals & Mining,Industrial Minerals,Green,"Mineral exploration company focused on gold and base-metal prospects. Inorganic extraction; environmental impact is outside the animal-harm band under Section 6, so Green.",
Goodluck India Ltd.,GOODLUCK,INE127I01024,Commodities,Metals & Mining,Ferrous Metals,Iron & Steel,Green,"Steel and steel-product manufacturer (inorganic metallurgy from iron ore/scrap). No animal-derived input and no animal-linked product line, so Green.",
Hariom Pipe Industries Ltd.,HARIOMPIPE,INE00EV01017,Commodities,Metals & Mining,Ferrous Metals,Iron & Steel,Green,"Steel and steel-product manufacturer (inorganic metallurgy from iron ore/scrap). No animal-derived input and no animal-linked product line, so Green.",
Kirloskar Industries Ltd.,KIRLOSIND,INE250A01039,Commodities,Metals & Mining,Ferrous Metals,Iron & Steel,Green,"Kirloskar-group holding company whose value comes principally from Kirloskar Ferrous Industries (pig iron, castings) plus wind power and real estate. Rated by its dominant operating business - metallurgy - which is animal-neutral, so Green.",
M M Forgings Ltd.,MMFL,INE227C01017,Commodities,Metals & Mining,Ferrous Metals,Iron & Steel,Green,"Steel and steel-product manufacturer (inorganic metallurgy from iron ore/scrap). No animal-derived input and no animal-linked product line, so Green.",
Mahamaya Steel Industries Ltd.,MAHASTEEL,INE451L01014,Commodities,Metals & Mining,Ferrous Metals,Iron & Steel,Green,"Steel and steel-product manufacturer (inorganic metallurgy from iron ore/scrap). No animal-derived input and no animal-linked product line, so Green.",
Manaksia Coated Metals & Industries Ltd.,MANAKCOAT,INE830Q01018,Commodities,Metals & Mining,Ferrous Metals,Iron & Steel,Green,"Steel and steel-product manufacturer (inorganic metallurgy from iron ore/scrap). No animal-derived input and no animal-linked product line, so Green.",
Mukand Ltd.,MUKANDLTD,INE304A01026,Commodities,Metals & Mining,Ferrous Metals,Iron & Steel,Green,"Steel and steel-product manufacturer (inorganic metallurgy from iron ore/scrap). No animal-derived input and no animal-linked product line, so Green.",
Nelcast Ltd.,NELCAST,INE189I01024,Commodities,Metals & Mining,Ferrous Metals,Iron & Steel,Green,"Manufactures ductile-iron and grey-iron castings for commercial vehicles and tractors. Foundry metallurgy with no animal-derived input, so Green.",
Pennar Industries Ltd.,PENIND,INE932A01024,Commodities,Metals & Mining,Ferrous Metals,Iron & Steel,Green,"Steel and steel-product manufacturer (inorganic metallurgy from iron ore/scrap). No animal-derived input and no animal-linked product line, so Green.",
Pondy Oxides & Chemicals Ltd.,POCL,INE063E01061,Commodities,Metals & Mining,Non - Ferrous Metals,Diversified Metals & Mining,Green,"Recycles lead-acid battery scrap into refined lead, lead alloys and other non-ferrous metals. Metal recycling with no animal-derived input, so Green.",
Prakash Industries Ltd.,PRAKASH,INE603A01013,Commodities,Metals & Mining,Ferrous Metals,Iron & Steel,Green,"Steel and steel-product manufacturer (inorganic metallurgy from iron ore/scrap). No animal-derived input and no animal-linked product line, so Green.",
Rama Steel Tubes Ltd.,RAMASTEEL,INE230R01035,Commodities,Metals & Mining,Ferrous Metals,Iron & Steel,Green,"Steel and steel-product manufacturer (inorganic metallurgy from iron ore/scrap). No animal-derived input and no animal-linked product line, so Green.",
Rhetan TMT Ltd.,RHETAN,INE0KKN01029,Commodities,Metals & Mining,Ferrous Metals,Iron & Steel,Green,"Steel and steel-product manufacturer (inorganic metallurgy from iron ore/scrap). No animal-derived input and no animal-linked product line, so Green.",
Sambhv Steel Tubes Ltd.,SAMBHV,INE12NJ01018,Commodities,Metals & Mining,Ferrous Metals,Iron & Steel,Green,"Steel and steel-product manufacturer (inorganic metallurgy from iron ore/scrap). No animal-derived input and no animal-linked product line, so Green.",
Steel Exchange India Ltd.,STEELXIND,INE503B01021,Commodities,Metals & Mining,Ferrous Metals,Iron & Steel,Green,"Steel and steel-product manufacturer (inorganic metallurgy from iron ore/scrap). No animal-derived input and no animal-linked product line, so Green.",
Steelcast Ltd.,STEELCAS,INE124E01038,Commodities,Metals & Mining,Ferrous Metals,Iron & Steel,Green,"Steel and steel-product manufacturer (inorganic metallurgy from iron ore/scrap). No animal-derived input and no animal-linked product line, so Green.",
Welspun Specialty Solutions Ltd.,WELSPLSOL,INE731F01037,Commodities,Metals & Mining,Ferrous Metals,Iron & Steel,Green,"Steel and steel-product manufacturer (inorganic metallurgy from iron ore/scrap). No animal-derived input and no animal-linked product line, so Green.",
Pudumjee Paper Products Ltd.,PDMJEPAPER,INE865T01018,Commodities,Forest Materials,"Paper, Forest & Jute Products",Paper & Paper Products,Green,"Manufactures specialty and tissue paper from wood pulp and recycled fibre. Modern mills use starch and synthetic AKD/ASA/rosin sizing rather than animal gelatin or casein, so Green - consistent with the other paper makers.",
City Pulse Multiplex Ltd.,CPML,INE056001014,Consumer Discretionary,"Media, Entertainment & Publication",Entertainment,Media & Entertainment,Green,"Operates multiplex cinemas in Ahmedabad and Gandhinagar with an ancillary food court. The in-house food and beverage offering is vegetarian (South Indian, sweets, coffee and multi-cuisine outlets in a dry, predominantly vegetarian market), so there is no direct provision of animal food - Green.",
Media Matrix Worldwide Ltd.,MMWL,INE200D01020,Consumer Discretionary,"Media, Entertainment & Publication",Entertainment,Media & Entertainment,Green,"Media, broadcasting, film production or advertising business. Content and advertising services are animal-neutral, so Green.",
Panorama Studios International Ltd.,PANORAMA,INE258R01028,Consumer Discretionary,"Media, Entertainment & Publication",Entertainment,Media & Entertainment,Green,"Media, broadcasting, film production or advertising business. Content and advertising services are animal-neutral, so Green.",
Aqylon Nexus Ltd. (formerly Sri Adhikari Brothers Television Network Ltd.),AQYLON,INE416A01051,Information Technology,Information Technology,IT - Software,Computers - Software & Consulting,Green,"Renamed with effect from 23 January 2026 and repositioned from television content production into artificial intelligence, cloud and data-centre infrastructure, including a proposed AI and green data-centre campus in Telangana. Both the legacy media business and the new technology business are animal-neutral, so Green.",
Brightcom Group Ltd.,BCG,INE425B01027,Consumer Discretionary,"Media, Entertainment & Publication",Entertainment,Media & Entertainment,Green,"Media, broadcasting, film production or advertising business. Content and advertising services are animal-neutral, so Green.",
New Delhi Television Ltd.,NDTV,INE155G01029,Consumer Discretionary,"Media, Entertainment & Publication",Entertainment,Media & Entertainment,Green,"Media, broadcasting, film production or advertising business. Content and advertising services are animal-neutral, so Green.",
Signpost India Ltd.,SIGNPOST,INE0KGZ01021,Consumer Discretionary,"Media, Entertainment & Publication",Entertainment,Media & Entertainment,Green,"Media, broadcasting, film production or advertising business. Content and advertising services are animal-neutral, so Green.",
Hester Biosciences Ltd.,HESTERBIO,INE782E01017,Healthcare,Healthcare,Pharmaceuticals & Biotechnology,Pharmaceuticals,Red,"Manufactures veterinary vaccines and health products for poultry, livestock and pets, with poultry vaccines the core. Products made specifically for the animal-rearing industry as a core business are Red under Section 8.",
Panacea Biotec Ltd.,PANACEABIO,INE922B01023,Healthcare,Healthcare,Pharmaceuticals & Biotechnology,Pharmaceuticals,Red,"Biopharmaceutical maker of vaccines and formulations. Vaccine production uses animal/egg-based substrates and drug registration mandatorily requires pre-clinical live-animal testing, so Red under Section 8.",
Borosil Scientific Ltd.,BOROSCI,INE02L001032,Industrials,Capital Goods,Industrial Products,Other Industrial Products,Green,"Manufactures laboratory glassware, scientific instruments and consumables sold across research, education and industry. Generic laboratory supply that embeds no animal material and performs no animal testing; serving many industries is not a basis under Section 6, so Green.",
Suven Life Sciences Ltd.,SUVEN,INE495B01038,Healthcare,Healthcare,Pharmaceuticals & Biotechnology,Pharmaceuticals,Red,"Drug-discovery and development company running pre-clinical research programmes. Novel-drug discovery is especially live-animal-testing intensive, so Red under Section 8.",
Vimta Labs Ltd.,VIMTALABS,INE579C01029,Healthcare,Healthcare,Healthcare Services,"Healthcare Research, Analytics & Technology",Red,"Contract research organisation providing pre-clinical toxicology, including GLP live-animal studies, alongside analytical and clinical research. Running animal tests is a direct animal-harm activity, so Red under Section 8 - consistent with Syngene and Indegene.",
Bajaj Healthcare Ltd.,BAJAJHCARE,INE411U01027,Healthcare,Healthcare,Pharmaceuticals & Biotechnology,Pharmaceuticals,Red,"Pharmaceutical manufacturer. Bringing drugs to market mandatorily requires pre-clinical live-animal testing under CDSCO/ICH rules - a direct, large-scale animal-harm activity intrinsic to drug manufacture (Section 8), so Red.",
Bliss GVS Pharma Ltd.,BLISSGVS,INE416D01022,Healthcare,Healthcare,Pharmaceuticals & Biotechnology,Pharmaceuticals,Red,"Pharmaceutical manufacturer. Bringing drugs to market mandatorily requires pre-clinical live-animal testing under CDSCO/ICH rules - a direct, large-scale animal-harm activity intrinsic to drug manufacture (Section 8), so Red.",
Gujarat Themis Biosyn Ltd.,GUJTHEM,INE942C01045,Healthcare,Healthcare,Pharmaceuticals & Biotechnology,Pharmaceuticals,Red,"Pharmaceutical manufacturer. Bringing drugs to market mandatorily requires pre-clinical live-animal testing under CDSCO/ICH rules - a direct, large-scale animal-harm activity intrinsic to drug manufacture (Section 8), so Red.",
Novartis India Ltd.,NOVARTIND,INE234A01025,Healthcare,Healthcare,Pharmaceuticals & Biotechnology,Pharmaceuticals,Red,"Pharmaceutical manufacturer. Bringing drugs to market mandatorily requires pre-clinical live-animal testing under CDSCO/ICH rules - a direct, large-scale animal-harm activity intrinsic to drug manufacture (Section 8), so Red.",
Morepen Laboratories Ltd.,MOREPENLAB,INE083A01026,Healthcare,Healthcare,Pharmaceuticals & Biotechnology,Pharmaceuticals,Red,"Pharmaceutical manufacturer. Bringing drugs to market mandatorily requires pre-clinical live-animal testing under CDSCO/ICH rules - a direct, large-scale animal-harm activity intrinsic to drug manufacture (Section 8), so Red.",
RPG Life Sciences Ltd.,RPGLIFE,INE105J01010,Healthcare,Healthcare,Pharmaceuticals & Biotechnology,Pharmaceuticals,Red,"Pharmaceutical manufacturer. Bringing drugs to market mandatorily requires pre-clinical live-animal testing under CDSCO/ICH rules - a direct, large-scale animal-harm activity intrinsic to drug manufacture (Section 8), so Red.",
Senores Pharmaceuticals Ltd.,SENORES,INE0RB801010,Healthcare,Healthcare,Pharmaceuticals & Biotechnology,Pharmaceuticals,Red,"Pharmaceutical manufacturer. Bringing drugs to market mandatorily requires pre-clinical live-animal testing under CDSCO/ICH rules - a direct, large-scale animal-harm activity intrinsic to drug manufacture (Section 8), so Red.",
Shukra Pharmaceuticals Ltd.,SHUKRAPHAR,INE551C01044,Healthcare,Healthcare,Pharmaceuticals & Biotechnology,Pharmaceuticals,Red,"Pharmaceutical manufacturer. Bringing drugs to market mandatorily requires pre-clinical live-animal testing under CDSCO/ICH rules - a direct, large-scale animal-harm activity intrinsic to drug manufacture (Section 8), so Red.",
Sigachi Industries Ltd.,SIGACHI,INE0D0K01022,Healthcare,Healthcare,Pharmaceuticals & Biotechnology,Pharmaceuticals,Red,Manufactures microcrystalline-cellulose excipients and has extended into active pharmaceutical ingredients and finished dosage forms. As a maker of APIs and finished drugs it falls under the drug-maker rule - mandatory pre-clinical live-animal testing (Section 8) - so Red.,
SMS Pharmaceuticals Ltd.,SMSPHARMA,INE812G01025,Healthcare,Healthcare,Pharmaceuticals & Biotechnology,Pharmaceuticals,Red,"Pharmaceutical manufacturer. Bringing drugs to market mandatorily requires pre-clinical live-animal testing under CDSCO/ICH rules - a direct, large-scale animal-harm activity intrinsic to drug manufacture (Section 8), so Red.",
Syncom Formulations (India) Ltd.,SYNCOMF,INE312C01025,Healthcare,Healthcare,Pharmaceuticals & Biotechnology,Pharmaceuticals,Red,"Pharmaceutical manufacturer. Bringing drugs to market mandatorily requires pre-clinical live-animal testing under CDSCO/ICH rules - a direct, large-scale animal-harm activity intrinsic to drug manufacture (Section 8), so Red.",
Themis Medicare Ltd.,THEMISMED,INE083B01024,Healthcare,Healthcare,Pharmaceuticals & Biotechnology,Pharmaceuticals,Red,"Pharmaceutical manufacturer. Bringing drugs to market mandatorily requires pre-clinical live-animal testing under CDSCO/ICH rules - a direct, large-scale animal-harm activity intrinsic to drug manufacture (Section 8), so Red.",
TTK Healthcare Ltd.,TTKHLTCARE,INE910C01018,Healthcare,Healthcare,Pharmaceuticals & Biotechnology,Pharmaceuticals,Red,"Diversified healthcare group whose Animal Welfare division (veterinary feed supplements, fertility inducers and antiparasiticides sold to dairy, poultry and aqua farmers) was about 16% of FY26 revenue, alongside pharmaceuticals and heart-valve/implant medical devices. Products made specifically for animal-rearing industries at this scale are Red under Section 8.",
AGI Infra Ltd.,AGIIL,INE976R01033,Consumer Discretionary,Realty,Realty,"Residential, Commercial Projects",Green,"Real-estate developer earning from residential/commercial development and leasing. Construction and rent are animal-neutral, so Green.",
Arihant Superstructures Ltd.,ARIHANTSUP,INE643K01018,Consumer Discretionary,Realty,Realty,"Residential, Commercial Projects",Green,"Real-estate developer earning from residential/commercial development and leasing. Construction and rent are animal-neutral, so Green.",
Ashiana Housing Ltd.,ASHIANA,INE365D01021,Consumer Discretionary,Realty,Realty,"Residential, Commercial Projects",Green,"Real-estate developer earning from residential/commercial development and leasing. Construction and rent are animal-neutral, so Green.",
Avishkar Infra Projects Ltd.,,INE433O01024,Consumer Discretionary,Realty,Realty,"Residential, Commercial Projects",Green,"Real-estate developer earning from residential/commercial development and leasing. Construction and rent are animal-neutral, so Green.",
Elpro International Ltd.,ELPROINTL,INE579B01039,Consumer Discretionary,Realty,Realty,"Residential, Commercial Projects",Green,"Real-estate developer earning from residential/commercial development and leasing. Construction and rent are animal-neutral, so Green.",
Hubtown Ltd.,HUBTOWN,INE703H01016,Consumer Discretionary,Realty,Realty,"Residential, Commercial Projects",Green,"Real-estate developer earning from residential/commercial development and leasing. Construction and rent are animal-neutral, so Green.",
Indiqube Spaces Ltd.,INDIQUBE,INE06ST01018,Services,Services,Commercial Services & Supplies,Diversified Commercial Services,Green,"Operates managed workspaces and co-working campuses on leased commercial property. Workspace leasing is animal-neutral, so Green.",
Kalpataru Ltd.,KALPATARU,INE227J01012,Consumer Discretionary,Realty,Realty,"Residential, Commercial Projects",Green,"Real-estate developer earning from residential/commercial development and leasing. Construction and rent are animal-neutral, so Green.",
Kesar India Ltd.,KESAR,INE0L1C01019,Consumer Discretionary,Realty,Realty,"Residential, Commercial Projects",Green,"Real-estate developer earning from residential/commercial development and leasing. Construction and rent are animal-neutral, so Green.",
Keystone Realtors Ltd.,RUSTOMJEE,INE263M01029,Consumer Discretionary,Realty,Realty,"Residential, Commercial Projects",Green,"Real-estate developer earning from residential/commercial development and leasing. Construction and rent are animal-neutral, so Green.",
Marathon Nextgen Realty Ltd.,MARATHON,INE182D01020,Consumer Discretionary,Realty,Realty,"Residential, Commercial Projects",Green,"Real-estate developer earning from residential/commercial development and leasing. Construction and rent are animal-neutral, so Green.",
National Standard (India) Ltd.,NATIONSTD,INE166R01015,Consumer Discretionary,Realty,Realty,"Residential, Commercial Projects",Green,"Real-estate developer earning from residential/commercial development and leasing. Construction and rent are animal-neutral, so Green.",
Omaxe Ltd.,OMAXE,INE800H01010,Consumer Discretionary,Realty,Realty,"Residential, Commercial Projects",Green,"Real-estate developer earning from residential/commercial development and leasing. Construction and rent are animal-neutral, so Green.",
Peninsula Land Ltd.,PENINLAND,INE138A01028,Consumer Discretionary,Realty,Realty,"Residential, Commercial Projects",Green,"Real-estate developer earning from residential/commercial development and leasing. Construction and rent are animal-neutral, so Green.",
Prozone Realty Ltd.,PROZONER,INE195N01013,Consumer Discretionary,Realty,Realty,"Residential, Commercial Projects",Green,"Real-estate developer earning from residential/commercial development and leasing. Construction and rent are animal-neutral, so Green.",
RDB Infrastructure and Power Ltd.,RDBIPL,INE245L01028,Consumer Discretionary,Realty,Realty,"Residential, Commercial Projects",Green,"Real-estate developer earning from residential/commercial development and leasing. Construction and rent are animal-neutral, so Green.",
Shipping Land Ltd.,SCILAL,INE0PB301013,Consumer Discretionary,Realty,Realty,"Residential, Commercial Projects",Green,"Real-estate developer earning from residential/commercial development and leasing. Construction and rent are animal-neutral, so Green.",
TCC Concept Ltd.,TCC,INE887D01016,Services,Services,Commercial Services & Supplies,Diversified Commercial Services,Green,"Real-estate developer earning from residential/commercial development and leasing. Construction and rent are animal-neutral, so Green.",
Texmaco Infrastructure & Holdings Ltd.,TEXINFRA,INE435C01024,Services,Services,Commercial Services & Supplies,Diversified Commercial Services,Green,"Real-estate developer earning from residential/commercial development and leasing. Construction and rent are animal-neutral, so Green.",
Unitech Ltd.,UNITECH,INE694A01020,Consumer Discretionary,Realty,Realty,"Residential, Commercial Projects",Green,"Real-estate developer earning from residential/commercial development and leasing. Construction and rent are animal-neutral, so Green.",
Indosolar Ltd.,WAAREEINDO,INE866K01023,Industrials,Capital Goods,Industrial Products,Other Electrical Equipment,Green,"Manufactures semiconductors/solar cells and electronic hardware. Silicon, glass and metal fabrication with no animal-derived input, so Green.",
Insolation Energy Ltd.,INA,INE0LGX01024,Industrials,Capital Goods,Industrial Products,Other Electrical Equipment,Green,"Manufactures semiconductors/solar cells and electronic hardware. Silicon, glass and metal fabrication with no animal-derived input, so Green.",
MIC Electronics Ltd.,MICEL,INE287C01037,Industrials,Capital Goods,Industrial Products,Other Electrical Equipment,Green,"Manufactures semiconductors/solar cells and electronic hardware. Silicon, glass and metal fabrication with no animal-derived input, so Green.",
RIR Power Electronics Ltd.,RIR,INE302D01024,Industrials,Capital Goods,Industrial Products,Other Electrical Equipment,Green,"Manufactures semiconductors/solar cells and electronic hardware. Silicon, glass and metal fabrication with no animal-derived input, so Green.",
RRP Semiconductor Ltd.,,INE713N01013,Industrials,Capital Goods,Industrial Products,Other Electrical Equipment,Green,"Building an outsourced semiconductor assembly and test (OSAT) and packaging business. Semiconductor fabrication is animal-neutral, so Green.",
Accelya Solutions India Ltd.,ACCELYA,INE793A01012,Information Technology,Information Technology,IT - Software,Computers - Software & Consulting,Green,"IT services/software company. Digital services are animal-neutral, and serving many client industries (some of which use animals) is expressly not a basis under Section 6, so Green.",
ASM Technologies Ltd.,ASMTEC,INE867C01010,Information Technology,Information Technology,IT - Software,Computers - Software & Consulting,Green,"IT services/software company. Digital services are animal-neutral, and serving many client industries (some of which use animals) is expressly not a basis under Section 6, so Green.",
Blue Cloud Softech Solutions Ltd.,BLUECLOUDS,INE373T01047,Information Technology,Information Technology,IT - Software,Computers - Software & Consulting,Green,"IT services/software company. Digital services are animal-neutral, and serving many client industries (some of which use animals) is expressly not a basis under Section 6, so Green.",
Ceinsys Tech Ltd.,CEINSYS,INE016Q01014,Information Technology,Information Technology,IT - Software,Computers - Software & Consulting,Green,"IT services/software company. Digital services are animal-neutral, and serving many client industries (some of which use animals) is expressly not a basis under Section 6, so Green.",
Expleo Solutions Ltd.,EXPLEOSOL,INE201K01015,Information Technology,Information Technology,IT - Software,Computers - Software & Consulting,Green,"IT services/software company. Digital services are animal-neutral, and serving many client industries (some of which use animals) is expressly not a basis under Section 6, so Green.",
iValue Infosolutions Ltd.,IVALUE,INE056801025,Information Technology,Information Technology,IT - Software,Computers - Software & Consulting,Green,"IT services/software company. Digital services are animal-neutral, and serving many client industries (some of which use animals) is expressly not a basis under Section 6, so Green.",
Magellanic Cloud Ltd.,MCLOUD,INE613C01026,Information Technology,Information Technology,IT - Software,Computers - Software & Consulting,Green,"IT/ITeS consulting and e-surveillance services with a drone arm whose revenue is commercial and industrial - railway and infrastructure surveillance and inspection. Surveillance UAVs are not weapons, munitions or military platforms, so Green; the announced military-UAV joint venture is pre-revenue and is watch-flagged in Notes.",Watch: announced military-UAV JV (XTEND) is pre-revenue. Review to Orange/Red if defence UAV revenue becomes material.
Orient Technologies Ltd.,ORIENTTECH,INE0PPK01015,Information Technology,Information Technology,IT - Services,IT Enabled Services,Green,"IT services/software company. Digital services are animal-neutral, and serving many client industries (some of which use animals) is expressly not a basis under Section 6, so Green.",
Protean eGov Technologies Ltd.,PROTEAN,INE004A01022,Information Technology,Information Technology,IT - Software,Computers - Software & Consulting,Green,"IT services/software company. Digital services are animal-neutral, and serving many client industries (some of which use animals) is expressly not a basis under Section 6, so Green.",
R Systems International Ltd.,RSYSTEMS,INE411H01032,Information Technology,Information Technology,IT - Software,Computers - Software & Consulting,Green,"IT services/software company. Digital services are animal-neutral, and serving many client industries (some of which use animals) is expressly not a basis under Section 6, so Green.",
Saksoft Ltd.,SAKSOFT,INE667G01023,Information Technology,Information Technology,IT - Software,Computers - Software & Consulting,Green,"IT services/software company. Digital services are animal-neutral, and serving many client industries (some of which use animals) is expressly not a basis under Section 6, so Green.",
STL Networks Ltd.,STLNETWORK,INE1VXE01018,Information Technology,Information Technology,IT - Software,Computers - Software & Consulting,Green,"IT services/software company. Digital services are animal-neutral, and serving many client industries (some of which use animals) is expressly not a basis under Section 6, so Green.",
String Metaverse Ltd.,META,INE958L01034,Information Technology,Information Technology,IT - Software,Computers - Software & Consulting,Green,"IT services/software company. Digital services are animal-neutral, and serving many client industries (some of which use animals) is expressly not a basis under Section 6, so Green.",
Technvision Ventures Ltd.,TECHNVISN,INE314H01012,Information Technology,Information Technology,IT - Software,Computers - Software & Consulting,Green,"IT services/software company. Digital services are animal-neutral, and serving many client industries (some of which use animals) is expressly not a basis under Section 6, so Green.",
Xchanging Solutions Ltd.,XCHANGING,INE692G01013,Information Technology,Information Technology,IT - Software,Computers - Software & Consulting,Green,"IT services/software company. Digital services are animal-neutral, and serving many client industries (some of which use animals) is expressly not a basis under Section 6, so Green.",
Aurum Proptech Ltd.,AURUM,INE898S01029,Information Technology,Information Technology,IT - Software,Software Products,Green,"IT services/software company. Digital services are animal-neutral, and serving many client industries (some of which use animals) is expressly not a basis under Section 6, so Green.",
IZMO Ltd.,IZMO,INE848A01014,Information Technology,Information Technology,IT - Software,Software Products,Green,"IT services/software company. Digital services are animal-neutral, and serving many client industries (some of which use animals) is expressly not a basis under Section 6, so Green.",
Sigma Advanced Systems Ltd. (formerly Megasoft Ltd.),SIGMAADV,INE933B01012,Industrials,Capital Goods,Aerospace & Defense,Aerospace & Defence,Red,"Formerly the IT company Megasoft; in January 2026 it absorbed defence-electronics maker Sigma Advanced Systems Pvt Ltd by NCLT-sanctioned amalgamation and renamed itself, issuing about 10.25 crore new shares to that company's holders. The listed entity is now a defence-electronics business, so Red under Section 8.",
MosChip Technologies Ltd.,MOSCHIP,INE935B01025,Information Technology,Information Technology,IT - Software,Software Products,Green,"IT services/software company. Digital services are animal-neutral, and serving many client industries (some of which use animals) is expressly not a basis under Section 6, so Green.",
Quick Heal Technologies Ltd.,QUICKHEAL,INE306L01010,Information Technology,Information Technology,IT - Software,Software Products,Green,"IT services/software company. Digital services are animal-neutral, and serving many client industries (some of which use animals) is expressly not a basis under Section 6, so Green.",
Sasken Technologies Ltd.,SASKEN,INE231F01020,Information Technology,Information Technology,IT - Software,Software Products,Green,"IT services/software company. Digital services are animal-neutral, and serving many client industries (some of which use animals) is expressly not a basis under Section 6, so Green.",
Unicommerce eSolutions Ltd.,UNIECOM,INE00U401027,Information Technology,Information Technology,IT - Software,Software Products,Green,"IT services/software company. Digital services are animal-neutral, and serving many client industries (some of which use animals) is expressly not a basis under Section 6, so Green.",
Avantel Ltd.,AVANTEL,INE005B01027,Industrials,Capital Goods,Aerospace & Defense,Aerospace & Defence,Red,"Designs and manufactures defence communications, radar and electronic-warfare systems for the armed forces and DRDO, alongside railway and satellite communication work. Defence electronics is the dominant business, so Red under Section 8.",
NELCO Ltd.,NELCO,INE045B01015,Telecommunication,Telecommunication,Telecom - Equipment & Accessories,Telecom - Equipment & Accessories,Green,"Manufactures communications equipment and telecom cables (satellite/VSAT networks, telecom and power cables). Electronic and metal manufacturing with no animal-derived input, so Green.",
Vindhya Telelinks Ltd.,VINDHYATEL,INE707A01012,Telecommunication,Telecommunication,Telecom - Equipment & Accessories,Telecom - Equipment & Accessories,Green,"Manufactures communications equipment and telecom cables (satellite/VSAT networks, telecom and power cables). Electronic and metal manufacturing with no animal-derived input, so Green.",
Centum Electronics Ltd.,CENTUM,INE320B01020,Industrials,Capital Goods,Aerospace & Defense,Aerospace & Defence,Red,"Electronics design and manufacturing group in which Defence, Space & Aerospace was about 46% of FY25 revenue - its single largest end-market - supplying systems for military programmes. Defence at that share is a significant part of the business under Section 8, so Red.",
Control Print Ltd.,CONTROLPR,INE663B01015,Industrials,Capital Goods,Industrial Products,Other Electrical Equipment,Green,"Manufactures electronic equipment, instruments and components (coding/marking systems, smart meters, transformers, test instruments, networking hardware). Electronic and metal manufacturing with no animal-derived input, so Green.",
D-Link (India) Ltd.,DLINKINDIA,INE250K01012,Information Technology,Information Technology,IT - Hardware,Computers Hardware & Equipments,Green,"Manufactures electronic equipment, instruments and components (coding/marking systems, smart meters, transformers, test instruments, networking hardware). Electronic and metal manufacturing with no animal-derived input, so Green.",
Genus Power Infrastructures Ltd.,GENUSPOWER,INE955D01029,Industrials,Capital Goods,Industrial Products,Other Electrical Equipment,Green,"Manufactures electronic equipment, instruments and components (coding/marking systems, smart meters, transformers, test instruments, networking hardware). Electronic and metal manufacturing with no animal-derived input, so Green.",
Kernex Microsystems (India) Ltd.,KERNEX,INE202H01019,Industrials,Capital Goods,Industrial Products,Other Electrical Equipment,Green,"Manufactures electronic equipment, instruments and components (coding/marking systems, smart meters, transformers, test instruments, networking hardware). Electronic and metal manufacturing with no animal-derived input, so Green.",
Rishabh Instruments Ltd.,RISHABH,INE0N2P01017,Industrials,Capital Goods,Industrial Products,Other Electrical Equipment,Green,"Manufactures electronic equipment, instruments and components (coding/marking systems, smart meters, transformers, test instruments, networking hardware). Electronic and metal manufacturing with no animal-derived input, so Green.",
Shilchar Technologies Ltd.,SHILCTECH,INE024F01011,Industrials,Capital Goods,Industrial Products,Other Electrical Equipment,Green,"Manufactures electronic equipment, instruments and components (coding/marking systems, smart meters, transformers, test instruments, networking hardware). Electronic and metal manufacturing with no animal-derived input, so Green.",
Wonder Electricals Ltd.,WEL,INE02WG01024,Industrials,Capital Goods,Industrial Products,Other Electrical Equipment,Green,"Manufactures electronic equipment, instruments and components (coding/marking systems, smart meters, transformers, test instruments, networking hardware). Electronic and metal manufacturing with no animal-derived input, so Green.",
TVS Electronics Ltd.,TVSELECT,INE236G01019,Information Technology,Information Technology,IT - Hardware,Computers Hardware & Equipments,Green,"Manufactures electronic equipment, instruments and components (coding/marking systems, smart meters, transformers, test instruments, networking hardware). Electronic and metal manufacturing with no animal-derived input, so Green.",
GTL Infrastructure Ltd.,GTLINFRA,INE221H01019,Telecommunication,Telecommunication,Telecom - Services,Telecom,Green,"Owns and leases passive telecom-tower infrastructure. Neutral infrastructure serving many industries, so Green.",
Bharti Airtel Ltd. (Partly Paid),,IN9397D01014,Telecommunication,Telecommunication,Telecom - Services,Telecom,Green,"Telecom operator providing mobile, broadband and enterprise connectivity. Telecom services are animal-neutral, so Green.",
Afcom Holdings Ltd.,AFCOM,INE0OXY01013,Services,Services,Transport Services,Logistics Solution Provider,Green,"Freight, logistics, marine or port-services operator moving third-party cargo. Carrying someone else's goods is carriage rather than provision and is expressly Green under Section 8.",
Western Carriers (India) Ltd.,WCIL,INE0CJF01024,Services,Services,Transport Services,Logistics Solution Provider,Green,"Freight, logistics, marine or port-services operator moving third-party cargo. Carrying someone else's goods is carriage rather than provision and is expressly Green under Section 8.",
Ecos (India) Mobility & Hospitality Ltd.,ECOSMOBLTY,INE06HJ01020,Services,Services,Transport Services,Logistics Solution Provider,Green,"Corporate car rental, employee transportation and chauffeur services. Passenger transport is animal-neutral, so Green.",
Shreeji Shipping Global Ltd.,SHREEJISPG,INE1B6101010,Services,Services,Transport Services,Shipping,Green,"Freight, logistics, marine or port-services operator moving third-party cargo. Carrying someone else's goods is carriage rather than provision and is expressly Green under Section 8.",
SpiceJet Ltd.,SPICEJET,INE285B01017,Services,Services,Transport Services,Airline,Orange,"Scheduled passenger airline and air-cargo operator. The core business is transport, but the airline itself sells and serves non-vegetarian onboard meals as a minority line, so Orange under Section 8 - consistent with IndiGo.",
Dredging Corporation of India Ltd.,DREDGECORP,INE506A01018,Services,Services,Transport Services,Logistics Solution Provider,Green,"Freight, logistics, marine or port-services operator moving third-party cargo. Carrying someone else's goods is carriage rather than provision and is expressly Green under Section 8.",
Navkar Corporation Ltd.,NAVKARCORP,INE278M01019,Services,Services,Transport Services,Logistics Solution Provider,Green,"Freight, logistics, marine or port-services operator moving third-party cargo. Carrying someone else's goods is carriage rather than provision and is expressly Green under Section 8.",
IRM Energy Ltd.,IRMENERGY,INE07U701015,Energy,"Oil, Gas & Consumable Fuels",Gas,LPG/CNG/PNG/LNG Supplier,Green,"City gas distribution utility supplying piped natural gas and CNG. Utility supply to many customer types is expressly not a basis under Section 6, so Green.",
Gujarat Industries Power Co. Ltd.,GIPCL,INE162A01010,Utilities,Power,Power,Power,Green,"Generates and supplies electricity from lignite, gas and solar assets. Power generation is animal-neutral, so Green.",
K.P. Energy Ltd.,KPEL,INE127T01021,Utilities,Power,Power,Power,Green,"Renewable-energy business - wind/solar project development, generation or B2B materials distribution. Animal-neutral assets and inputs, so Green.",
Orient Green Power Co. Ltd.,GREENPOWER,INE999K01014,Utilities,Power,Power,Power,Green,"Renewable-energy business - wind/solar project development, generation or B2B materials distribution. Animal-neutral assets and inputs, so Green.",
SG Mart Ltd.,SGMART,INE385F01024,Services,Services,Commercial Services & Supplies,Trading & Distributors,Green,"B2B distribution platform for steel and construction materials (formerly Kridhan Infra). Trading of building materials is animal-neutral, so Green.",
Vedanta Aluminium Metal Ltd.,VAML,INE1CDF01017,Commodities,Metals & Mining,Non - Ferrous Metals,Aluminium,Green,"India's largest primary aluminium producer - the Jharsuguda and BALCO smelters (about 2.8 MTPA), the Lanjigarh alumina refinery and captive bauxite and coal mines with associated captive thermal power. Bauxite-to-alumina-to-aluminium metallurgy uses inorganic inputs with no animal-derived material; rolling and machining lubricants are running-the-machinery items excluded under Section 6, and mining habitat impact is an environmental matter outside the animal-harm band, so Green - consistent with Hindalco and National Aluminium.","Demerged from Vedanta Ltd; record date 1 May 2026, listed on NSE/BSE 15 June 2026. Aluminium supplied to defence or other users is not a basis under Section 6."
Bagmane Prime Office REIT,BAGMANE,INE2OVN25015,Real Estate,Real Estate Management & Devel,Real Estate Management & Devel,Real Estate Development,Green,"Real-estate investment trust owning and leasing about 19.6 million sq ft of Grade A+ Bengaluru business-park office space across six parks, with about 164 MW of captive solar. A landlord earning rent on animal-neutral assets, rated by the underlying asset rather than as a broad-economy capital deployer under Section 9, so Green - consistent with Embassy, Mindspace, Brookfield and Knowledge Realty.","WATCH ITEM: two hotels (607 keys) at Bagmane World Technology Centre are under construction, completion targeted FY29, operator agreement being finalised. Revisit on commissioning - if the trust itself earns hotel food-and-beverage revenue it moves to Orange in line with hotel owner-operators (Chalet, Juniper, Samhi); a landlord/fixed-rent structure keeps it Green in line with Nexus Select."
Bharat Coking Coal Ltd.,BHARATCOAL,INE05XR01022,Energy,"Oil, Gas & Consumable Fuels",Consumable Fuels,Coal,Green,"Coal India subsidiary mining and washing coking and non-coking coal from 34 mines in the Jharia and Raniganj coalfields, supplying about 58% of India's domestic coking coal to the steel industry. Coal is an inorganic mineral with no animal-derived input; habitat disturbance is an environmental and biodiversity matter outside our animal-harm-via-product criteria, and supplying coal to other industries is not itself a basis under Section 6, so Green - consistent with Coal India.",Listed on NSE/BSE 19 January 2026 (offer for sale by Coal India). Coal India remains the majority holder.
Central Mine Planning & Design Institute Ltd.,CMPDI,INE05HV01027,Industrials,Construction,Construction,Civil Construction,Green,"Coal India's mining-consultancy subsidiary providing geological exploration and resource evaluation (about 46% of revenue), mine planning and design, environmental planning and monitoring, and geomatics, remote-sensing and survey services through seven regional institutes. A professional engineering and consultancy service in a single animal-neutral sector, with no animal-derived input and no product made for an animal industry, so Green - consistent with RITES and Engineers India.",Listed on NSE/BSE 30 March 2026. NSE four-level industry classification to be confirmed against NSE's master file - the fields here mirror the consultancy treatment used for RITES and Engineers India.
Vedanta Power Ltd.,VEDPOWER,INE694L01019,Utilities,Power,Power,Power,Green,"Private-sector thermal power generator (formerly Talwandi Sabo Power) with about 4.2 GW operating across Punjab, Andhra Pradesh, Chhattisgarh and Odisha, selling under long-term PPAs and in the merchant market. Coal-fired generation uses inorganic fuel and inputs with no animal-derived material, and emissions and environmental impact are outside the animal-harm band under Section 6, so Green - consistent with NTPC, Adani Power, JSW Energy and Torrent Power.","Demerged from Vedanta Ltd; renamed from Talwandi Sabo Power Limited on 3 June 2026, listed 15 June 2026."
Fractal Analytics Ltd.,FRACTAL,INE212S01015,Information Technology,Information Technology,IT - Software,Computers - Software & Consulting,Green,"Enterprise AI and analytics firm operating the Fractal.ai services business and Cogentiq platform plus the Fractal Alpha businesses, serving consumer goods and retail, technology and media, healthcare and life sciences, and financial-services clients. Digital services with no animal-derived input, no animal-derived laboratory material and no animal testing of its own; serving pharmaceutical and life-sciences clients is not a basis under Section 6, so Green - consistent with Latent View Analytics, Sagility and Inventurus Knowledge Solutions.","Listed on NSE/BSE 16 February 2026. Distinguish from Syngene (Red): Syngene itself operates an AAALAC-accredited, GLP-certified in-vivo animal facility; Fractal runs no laboratory."
Vedanta Oil and Gas Ltd.,VOGL,INE704J01044,Energy,"Oil, Gas & Consumable Fuels",Oil,Oil & Gas,Green,"Upstream oil and gas explorer and producer operating under the Cairn brand - the Rajasthan (Barmer) block including the Mangala, Bhagyam and Aishwariya fields, the Ravva field in the Krishna-Godavari basin and Cambay-basin acreage. Hydrocarbon exploration and production is inorganic extraction with no animal-derived product or input, so Green - consistent with ONGC, Oil India and Hindustan Oil Exploration.","Formerly Malco Energy Limited; the Cairn oil and gas undertaking demerged into it from Vedanta Ltd, listed 15 June 2026."
Clean Max Enviro Energy Solutions Ltd.,CLEANMAX,INE647U01026,Utilities,Power,Power,Power,Green,"Commercial-and-industrial renewable-energy producer with about 4.2 GW of operating solar, wind and hybrid capacity supplied to corporate customers under long-term power-purchase, group-captive and open-access arrangements, alongside energy and carbon services. Clean-power generation with inorganic inputs and no animal linkage; selling power across a wide customer base is not a basis under Section 6, so Green - consistent with ACME Solar, NTPC Green Energy and KPI Green Energy.","Listed on NSE/BSE 2 March 2026. Portfolio is solar, wind and hybrid only - no biomass or biogas generation, which would need separate review if added."
Vedanta Iron and Steel Ltd.,VISL,INE1CLE01013,Commodities,Metals & Mining,Ferrous Metals,Iron & Steel,Green,"Integrated iron-ore and steel business combining Sesa iron-ore mining in Goa and Karnataka, the Western Cluster asset in Liberia and the 1.5 MTPA ESL Steel plant at Bokaro, producing pig iron, billets, TMT bars, wire rod, ductile-iron pipes, ferro-silicon, metallurgical coke and cement. Ore extraction and ferrous metallurgy use inorganic inputs with no animal-derived material, and habitat and environmental impact is outside the animal-harm band under Section 6, so Green - consistent with Tata Steel, JSW Steel, NMDC and Indian Metals & Ferro Alloys.","Demerged from Vedanta Ltd, listed 15 June 2026. Drawing and rolling lubricants are running-the-machinery items excluded under Section 6."
